<?xml version="1.0" encoding="UTF-8"?>
<!-- Created with PowerFactory 2025 SP2 (x64) (digcimdb.dll ServicePack 0) -->
<rdf:RDF xmlns:cim="http://iec.ch/TC57/2013/CIM-schema-cim16#" xmlns:entsoe="http://entsoe.eu/CIM/SchemaExtension/3/1#" xmlns:md="http://iec.ch/TC57/61970-552/ModelDescription/1#" xmlns:rdf="http://www.w3.org/1999/02/22-rdf-syntax-ns#">
  <md:FullModel rdf:about="urn:uuid:bfa13457-8c07-4113-87a0-78b98ed4620c">
    <md:Model.DependentOn rdf:resource="urn:uuid:aaeab9b6-1418-45d2-8868-37896281fd36" />
    <md:Model.created>2025-07-10T14:31:57Z</md:Model.created>
    <md:Model.description />
    <md:Model.modelingAuthoritySet>unset</md:Model.modelingAuthoritySet>
    <md:Model.profile>http://entsoe.eu/CIM/Topology/4/1</md:Model.profile>
    <md:Model.scenarioTime>2016-01-01T11:00:00Z</md:Model.scenarioTime>
    <md:Model.version />
  </md:FullModel>
  <cim:Terminal rdf:about="#_abd0a7e0-e916-602c-65d0-e42e66266d91">
    <cim:Terminal.TopologicalNode rdf:resource="#_de9cd1ad-0f57-d59b-fc40-7cdd6ae7346c" />
  </cim:Terminal>
  <cim:Terminal rdf:about="#_91611127-a666-0040-9576-01b1fc9ea915">
    <cim:Terminal.TopologicalNode rdf:resource="#_92397dd4-26ca-15f7-28da-c1a21905c98f" />
  </cim:Terminal>
  <cim:Terminal rdf:about="#_bf9b3ca9-5752-7299-c0c6-6aa371ed789f">
    <cim:Terminal.TopologicalNode rdf:resource="#_4c8d6321-ae89-d39a-a846-1386397e258c" />
  </cim:Terminal>
  <cim:Terminal rdf:about="#_f657a755-9679-2041-39e7-282c7f8d77ac">
    <cim:Terminal.TopologicalNode rdf:resource="#_1da9d848-166c-c9ef-f130-83c37bba9567" />
  </cim:Terminal>
  <cim:Terminal rdf:about="#_57be57f4-8ce6-55e2-fec1-af18a9900988">
    <cim:Terminal.TopologicalNode rdf:resource="#_ad598f7d-d43d-7155-1ffd-e5708f42e700" />
  </cim:Terminal>
  <cim:Terminal rdf:about="#_a13a0ef7-6260-4bf7-67bd-8f6b2ec1d757">
    <cim:Terminal.TopologicalNode rdf:resource="#_8416dcc3-983d-ef49-632e-9901c6e56383" />
  </cim:Terminal>
  <cim:Terminal rdf:about="#_955d53cb-413b-dc28-f15b-e559766092f9">
    <cim:Terminal.TopologicalNode rdf:resource="#_a54e5a44-cf9a-7521-f4c2-711c3c393737" />
  </cim:Terminal>
  <cim:Terminal rdf:about="#_08e04389-6738-31f7-a188-aeed4cae18fa">
    <cim:Terminal.TopologicalNode rdf:resource="#_3acf92d4-5c53-19db-8a72-2dbe853981fb" />
  </cim:Terminal>
  <cim:Terminal rdf:about="#_dbec6015-934b-4300-8d24-244c3907d802">
    <cim:Terminal.TopologicalNode rdf:resource="#_a8277ffb-bd4a-43c6-4d49-209519c424e4" />
  </cim:Terminal>
  <cim:Terminal rdf:about="#_81dce898-dd5f-c1ad-933c-fa8dcfe5a004">
    <cim:Terminal.TopologicalNode rdf:resource="#_c2b438b3-bff1-9405-d379-fca48d7583e5" />
  </cim:Terminal>
  <cim:Terminal rdf:about="#_52049e97-4ddd-1155-b0ed-9922cc2ca924">
    <cim:Terminal.TopologicalNode rdf:resource="#_a8277ffb-bd4a-43c6-4d49-209519c424e4" />
  </cim:Terminal>
  <cim:Terminal rdf:about="#_141e1ed6-4e49-73f5-d0a9-3d57d2f9e2a6">
    <cim:Terminal.TopologicalNode rdf:resource="#_2f6bd27e-da18-2562-25c8-d1fedb0d6b0e" />
  </cim:Terminal>
  <cim:Terminal rdf:about="#_630087cf-39fe-35ea-445b-7692ef0d86f2">
    <cim:Terminal.TopologicalNode rdf:resource="#_2f867da3-da9a-f637-9d0b-b03bda1c38ea" />
  </cim:Terminal>
  <cim:Terminal rdf:about="#_2e5ce210-1359-f7a8-b479-7e80ed621351">
    <cim:Terminal.TopologicalNode rdf:resource="#_92397dd4-26ca-15f7-28da-c1a21905c98f" />
  </cim:Terminal>
  <cim:Terminal rdf:about="#_9ea0a682-e8c4-d861-9ed0-db47e940e17a">
    <cim:Terminal.TopologicalNode rdf:resource="#_a6cefd2d-8db8-8d38-702e-e242cc67751c" />
  </cim:Terminal>
  <cim:Terminal rdf:about="#_5650346b-dd50-036f-2096-0e80930caae6">
    <cim:Terminal.TopologicalNode rdf:resource="#_4c8d6321-ae89-d39a-a846-1386397e258c" />
  </cim:Terminal>
  <cim:Terminal rdf:about="#_30672598-b90b-41a5-563f-0259b2f7dc27">
    <cim:Terminal.TopologicalNode rdf:resource="#_4c8d6321-ae89-d39a-a846-1386397e258c" />
  </cim:Terminal>
  <cim:Terminal rdf:about="#_f17528ed-ee63-670e-0101-ebcae56b7b45">
    <cim:Terminal.TopologicalNode rdf:resource="#_a16d713b-7d58-1286-1c2e-cc5cf89446ef" />
  </cim:Terminal>
  <cim:Terminal rdf:about="#_b93d466d-f099-8004-5dfd-fcca57e399cf">
    <cim:Terminal.TopologicalNode rdf:resource="#_b121a7b6-f97e-d7f9-e6ec-44d0e65d9dd4" />
  </cim:Terminal>
  <cim:Terminal rdf:about="#_655bc2ff-ed62-ca24-e4b7-7fd8088b5772">
    <cim:Terminal.TopologicalNode rdf:resource="#_8416dcc3-983d-ef49-632e-9901c6e56383" />
  </cim:Terminal>
  <cim:Terminal rdf:about="#_fbc37fbf-f9e5-e597-8469-530e33e33bfe">
    <cim:Terminal.TopologicalNode rdf:resource="#_90937fce-cb0b-893d-f4cf-56e3297d18d6" />
  </cim:Terminal>
  <cim:Terminal rdf:about="#_9f542b8c-6920-3c7a-3981-787daaff314d">
    <cim:Terminal.TopologicalNode rdf:resource="#_5fe4573c-e2f4-9dc5-3818-78182743e098" />
  </cim:Terminal>
  <cim:Terminal rdf:about="#_d50a45e7-f86d-e8f3-067b-d0947235a35f">
    <cim:Terminal.TopologicalNode rdf:resource="#_271ef94c-5fe1-bef3-cc79-f07a2cdd1c0c" />
  </cim:Terminal>
  <cim:Terminal rdf:about="#_3094cb68-6f99-5795-f48f-16064957c98d">
    <cim:Terminal.TopologicalNode rdf:resource="#_1da9d848-166c-c9ef-f130-83c37bba9567" />
  </cim:Terminal>
  <cim:Terminal rdf:about="#_ec02e17e-d223-7b0d-bea7-25cec826e352">
    <cim:Terminal.TopologicalNode rdf:resource="#_a54e5a44-cf9a-7521-f4c2-711c3c393737" />
  </cim:Terminal>
  <cim:Terminal rdf:about="#_8daf295e-e361-3559-e215-d316bf6cf62d">
    <cim:Terminal.TopologicalNode rdf:resource="#_a6cefd2d-8db8-8d38-702e-e242cc67751c" />
  </cim:Terminal>
  <cim:Terminal rdf:about="#_88dcc672-ef37-3410-0ec6-d9357875d715">
    <cim:Terminal.TopologicalNode rdf:resource="#_a54e5a44-cf9a-7521-f4c2-711c3c393737" />
  </cim:Terminal>
  <cim:Terminal rdf:about="#_538663d2-9a64-52b4-d4a1-0b4238c677d6">
    <cim:Terminal.TopologicalNode rdf:resource="#_a8277ffb-bd4a-43c6-4d49-209519c424e4" />
  </cim:Terminal>
  <cim:Terminal rdf:about="#_ea4cdba0-28e7-ee60-b534-56d9035efbd3">
    <cim:Terminal.TopologicalNode rdf:resource="#_90937fce-cb0b-893d-f4cf-56e3297d18d6" />
  </cim:Terminal>
  <cim:Terminal rdf:about="#_5af5037d-b43c-9cce-737f-763fa5d0e627">
    <cim:Terminal.TopologicalNode rdf:resource="#_b121a7b6-f97e-d7f9-e6ec-44d0e65d9dd4" />
  </cim:Terminal>
  <cim:Terminal rdf:about="#_4f18b282-dd44-11fb-2455-8327916f3408">
    <cim:Terminal.TopologicalNode rdf:resource="#_a8277ffb-bd4a-43c6-4d49-209519c424e4" />
  </cim:Terminal>
  <cim:Terminal rdf:about="#_e4853534-18f6-d5e3-b4b5-f21ee8417663">
    <cim:Terminal.TopologicalNode rdf:resource="#_271ef94c-5fe1-bef3-cc79-f07a2cdd1c0c" />
  </cim:Terminal>
  <cim:Terminal rdf:about="#_e369c0a6-2cd6-29ca-bd74-ade6ad88e93a">
    <cim:Terminal.TopologicalNode rdf:resource="#_de9cd1ad-0f57-d59b-fc40-7cdd6ae7346c" />
  </cim:Terminal>
  <cim:Terminal rdf:about="#_cb44938b-e02c-33ac-f3b8-472ddde06373">
    <cim:Terminal.TopologicalNode rdf:resource="#_2f867da3-da9a-f637-9d0b-b03bda1c38ea" />
  </cim:Terminal>
  <cim:Terminal rdf:about="#_70301423-f6e1-0cf9-dde6-bef3e9cd123d">
    <cim:Terminal.TopologicalNode rdf:resource="#_2f867da3-da9a-f637-9d0b-b03bda1c38ea" />
  </cim:Terminal>
  <cim:Terminal rdf:about="#_850fcf35-23a1-34a2-a16a-b27648848bff">
    <cim:Terminal.TopologicalNode rdf:resource="#_271ef94c-5fe1-bef3-cc79-f07a2cdd1c0c" />
  </cim:Terminal>
  <cim:Terminal rdf:about="#_e5764b02-25be-e4d1-4065-305d5a7203bc">
    <cim:Terminal.TopologicalNode rdf:resource="#_c2b438b3-bff1-9405-d379-fca48d7583e5" />
  </cim:Terminal>
  <cim:Terminal rdf:about="#_797501cc-7f2d-fdc6-bb38-0e1a7b61ab88">
    <cim:Terminal.TopologicalNode rdf:resource="#_a16d713b-7d58-1286-1c2e-cc5cf89446ef" />
  </cim:Terminal>
  <cim:Terminal rdf:about="#_4860f472-91bf-4027-4929-5b3af2161851">
    <cim:Terminal.TopologicalNode rdf:resource="#_8416dcc3-983d-ef49-632e-9901c6e56383" />
  </cim:Terminal>
  <cim:Terminal rdf:about="#_fee99927-836d-aa3b-57d1-d00a65a92847">
    <cim:Terminal.TopologicalNode rdf:resource="#_a6cefd2d-8db8-8d38-702e-e242cc67751c" />
  </cim:Terminal>
  <cim:Terminal rdf:about="#_4b6b89b7-0adb-6443-16fb-df7c0e0d13f5">
    <cim:Terminal.TopologicalNode rdf:resource="#_2f6bd27e-da18-2562-25c8-d1fedb0d6b0e" />
  </cim:Terminal>
  <cim:Terminal rdf:about="#_7571373d-fbe6-f72e-0648-8a9062400711">
    <cim:Terminal.TopologicalNode rdf:resource="#_3acf92d4-5c53-19db-8a72-2dbe853981fb" />
  </cim:Terminal>
  <cim:Terminal rdf:about="#_bc50285e-f4e5-76b1-cb1d-19d9ab5fe63d">
    <cim:Terminal.TopologicalNode rdf:resource="#_90937fce-cb0b-893d-f4cf-56e3297d18d6" />
  </cim:Terminal>
  <cim:Terminal rdf:about="#_1f689611-a995-b20e-3114-76d258fbc780">
    <cim:Terminal.TopologicalNode rdf:resource="#_a54e5a44-cf9a-7521-f4c2-711c3c393737" />
  </cim:Terminal>
  <cim:Terminal rdf:about="#_5923d2ef-073c-fe65-1d3a-d9c1e76e2144">
    <cim:Terminal.TopologicalNode rdf:resource="#_a6cefd2d-8db8-8d38-702e-e242cc67751c" />
  </cim:Terminal>
  <cim:Terminal rdf:about="#_8f911aaa-233e-c33a-b182-0ed36bfeed95">
    <cim:Terminal.TopologicalNode rdf:resource="#_3acf92d4-5c53-19db-8a72-2dbe853981fb" />
  </cim:Terminal>
  <cim:Terminal rdf:about="#_7fd648a0-f2fd-c141-23f7-9be6b8e207cb">
    <cim:Terminal.TopologicalNode rdf:resource="#_92397dd4-26ca-15f7-28da-c1a21905c98f" />
  </cim:Terminal>
  <cim:Terminal rdf:about="#_bcc07df7-d6c0-13ac-5d48-64c4f4643ce6">
    <cim:Terminal.TopologicalNode rdf:resource="#_92397dd4-26ca-15f7-28da-c1a21905c98f" />
  </cim:Terminal>
  <cim:Terminal rdf:about="#_22a0acfe-63ba-3b48-5146-cd59b90b500b">
    <cim:Terminal.TopologicalNode rdf:resource="#_ad598f7d-d43d-7155-1ffd-e5708f42e700" />
  </cim:Terminal>
  <cim:Terminal rdf:about="#_5c52f8f6-9505-3369-f3cd-cb4d1199011e">
    <cim:Terminal.TopologicalNode rdf:resource="#_de9cd1ad-0f57-d59b-fc40-7cdd6ae7346c" />
  </cim:Terminal>
  <cim:Terminal rdf:about="#_b7bbb168-ae7c-6fb1-cfea-efe9346b839d">
    <cim:Terminal.TopologicalNode rdf:resource="#_5fe4573c-e2f4-9dc5-3818-78182743e098" />
  </cim:Terminal>
  <cim:Terminal rdf:about="#_e701066b-2ea4-21a2-f924-8b241fc7adae">
    <cim:Terminal.TopologicalNode rdf:resource="#_a6cefd2d-8db8-8d38-702e-e242cc67751c" />
  </cim:Terminal>
  <cim:Terminal rdf:about="#_ea50ae67-10d9-5a88-9ea0-40154e8f1592">
    <cim:Terminal.TopologicalNode rdf:resource="#_248f6960-32b6-7581-04bb-c0af20532792" />
  </cim:Terminal>
  <cim:Terminal rdf:about="#_5e1317ef-d15e-7d92-6659-89bde1466435">
    <cim:Terminal.TopologicalNode rdf:resource="#_de9cd1ad-0f57-d59b-fc40-7cdd6ae7346c" />
  </cim:Terminal>
  <cim:Terminal rdf:about="#_db5234c1-df54-6898-8517-70838c0703ba">
    <cim:Terminal.TopologicalNode rdf:resource="#_a16d713b-7d58-1286-1c2e-cc5cf89446ef" />
  </cim:Terminal>
  <cim:Terminal rdf:about="#_b510a5eb-d121-e312-8ea6-c08f0114dfda">
    <cim:Terminal.TopologicalNode rdf:resource="#_5fe4573c-e2f4-9dc5-3818-78182743e098" />
  </cim:Terminal>
  <cim:Terminal rdf:about="#_dda88d12-86a8-297f-98a5-84c6cf88f81e">
    <cim:Terminal.TopologicalNode rdf:resource="#_b121a7b6-f97e-d7f9-e6ec-44d0e65d9dd4" />
  </cim:Terminal>
  <cim:Terminal rdf:about="#_047a7772-4ae7-4db6-532d-d1127525ae74">
    <cim:Terminal.TopologicalNode rdf:resource="#_4c8d6321-ae89-d39a-a846-1386397e258c" />
  </cim:Terminal>
  <cim:Terminal rdf:about="#_ccb9f462-5ce5-862b-ca51-4476555bc3f1">
    <cim:Terminal.TopologicalNode rdf:resource="#_b121a7b6-f97e-d7f9-e6ec-44d0e65d9dd4" />
  </cim:Terminal>
  <cim:Terminal rdf:about="#_1b3a8cdd-1986-06d7-e652-34b847ff5ddc">
    <cim:Terminal.TopologicalNode rdf:resource="#_2f867da3-da9a-f637-9d0b-b03bda1c38ea" />
  </cim:Terminal>
  <cim:Terminal rdf:about="#_4a2dec85-69ac-bcae-cc22-e21942cb01b7">
    <cim:Terminal.TopologicalNode rdf:resource="#_a6cefd2d-8db8-8d38-702e-e242cc67751c" />
  </cim:Terminal>
  <cim:Terminal rdf:about="#_1f7fd95f-fac4-965c-413c-c5ea303d6dd5">
    <cim:Terminal.TopologicalNode rdf:resource="#_248f6960-32b6-7581-04bb-c0af20532792" />
  </cim:Terminal>
  <cim:Terminal rdf:about="#_76bb6168-4841-e1f4-868c-0a45d931e9b1">
    <cim:Terminal.TopologicalNode rdf:resource="#_ad598f7d-d43d-7155-1ffd-e5708f42e700" />
  </cim:Terminal>
  <cim:Terminal rdf:about="#_4e4ad936-bc53-722a-2070-1fa5dafa0632">
    <cim:Terminal.TopologicalNode rdf:resource="#_248f6960-32b6-7581-04bb-c0af20532792" />
  </cim:Terminal>
  <cim:Terminal rdf:about="#_2bf074e7-a009-5270-4cf1-add2f28e17f7">
    <cim:Terminal.TopologicalNode rdf:resource="#_1da9d848-166c-c9ef-f130-83c37bba9567" />
  </cim:Terminal>
  <cim:Terminal rdf:about="#_b41bdda6-6a9d-1edc-d28e-f2da3ede356c">
    <cim:Terminal.TopologicalNode rdf:resource="#_90937fce-cb0b-893d-f4cf-56e3297d18d6" />
  </cim:Terminal>
  <cim:Terminal rdf:about="#_1b752dfe-c2f3-0aeb-9e74-602a7a7ae429">
    <cim:Terminal.TopologicalNode rdf:resource="#_8416dcc3-983d-ef49-632e-9901c6e56383" />
  </cim:Terminal>
  <cim:Terminal rdf:about="#_abb02f0d-9659-d03d-1703-7639378f0ae9">
    <cim:Terminal.TopologicalNode rdf:resource="#_de9cd1ad-0f57-d59b-fc40-7cdd6ae7346c" />
  </cim:Terminal>
  <cim:Terminal rdf:about="#_e412cb2f-eba3-86dd-1eb9-7181744aef56">
    <cim:Terminal.TopologicalNode rdf:resource="#_c2b438b3-bff1-9405-d379-fca48d7583e5" />
  </cim:Terminal>
  <cim:Terminal rdf:about="#_cf194f66-ce03-d8a2-1649-5abfa24acc4a">
    <cim:Terminal.TopologicalNode rdf:resource="#_92397dd4-26ca-15f7-28da-c1a21905c98f" />
  </cim:Terminal>
  <cim:Terminal rdf:about="#_1de5d911-61b8-1019-1b29-9ab870ad9d47">
    <cim:Terminal.TopologicalNode rdf:resource="#_1da9d848-166c-c9ef-f130-83c37bba9567" />
  </cim:Terminal>
  <cim:Terminal rdf:about="#_34d11b81-4dd3-8f66-720c-c964414da735">
    <cim:Terminal.TopologicalNode rdf:resource="#_3acf92d4-5c53-19db-8a72-2dbe853981fb" />
  </cim:Terminal>
  <cim:Terminal rdf:about="#_bf6ecc2b-c2d4-ca66-5832-1325be40fe60">
    <cim:Terminal.TopologicalNode rdf:resource="#_c2b438b3-bff1-9405-d379-fca48d7583e5" />
  </cim:Terminal>
  <cim:Terminal rdf:about="#_ac94495b-3173-d7b6-672e-c904f39fcbc3">
    <cim:Terminal.TopologicalNode rdf:resource="#_a8277ffb-bd4a-43c6-4d49-209519c424e4" />
  </cim:Terminal>
  <cim:ConnectivityNode rdf:about="#_914c91d7-e74b-4145-bf5b-55a9407e3b38">
    <cim:ConnectivityNode.TopologicalNode rdf:resource="#_a54e5a44-cf9a-7521-f4c2-711c3c393737" />
  </cim:ConnectivityNode>
  <cim:ConnectivityNode rdf:about="#_e3a8b670-3354-41f4-b35f-2656aeabb82b">
    <cim:ConnectivityNode.TopologicalNode rdf:resource="#_a8277ffb-bd4a-43c6-4d49-209519c424e4" />
  </cim:ConnectivityNode>
  <cim:ConnectivityNode rdf:about="#_5874e72b-9d61-49dd-88fd-937a2d43cc4d">
    <cim:ConnectivityNode.TopologicalNode rdf:resource="#_1da9d848-166c-c9ef-f130-83c37bba9567" />
  </cim:ConnectivityNode>
  <cim:ConnectivityNode rdf:about="#_8384ec10-2cb1-49dc-b8a4-2a74d1a9374b">
    <cim:ConnectivityNode.TopologicalNode rdf:resource="#_de9cd1ad-0f57-d59b-fc40-7cdd6ae7346c" />
  </cim:ConnectivityNode>
  <cim:ConnectivityNode rdf:about="#_c9fa0f37-d694-4766-aaaf-1907df16492e">
    <cim:ConnectivityNode.TopologicalNode rdf:resource="#_92397dd4-26ca-15f7-28da-c1a21905c98f" />
  </cim:ConnectivityNode>
  <cim:ConnectivityNode rdf:about="#_aef9e046-00ac-4fdb-baa7-85cb04a267aa">
    <cim:ConnectivityNode.TopologicalNode rdf:resource="#_ad598f7d-d43d-7155-1ffd-e5708f42e700" />
  </cim:ConnectivityNode>
  <cim:ConnectivityNode rdf:about="#_26f657fc-b23f-40f2-966f-08658e88eea5">
    <cim:ConnectivityNode.TopologicalNode rdf:resource="#_5fe4573c-e2f4-9dc5-3818-78182743e098" />
  </cim:ConnectivityNode>
  <cim:ConnectivityNode rdf:about="#_753dcb79-d1cc-4255-b0b5-f8e346ededd3">
    <cim:ConnectivityNode.TopologicalNode rdf:resource="#_3acf92d4-5c53-19db-8a72-2dbe853981fb" />
  </cim:ConnectivityNode>
  <cim:ConnectivityNode rdf:about="#_ef9bdd8d-983c-4906-89f1-911cbe345459">
    <cim:ConnectivityNode.TopologicalNode rdf:resource="#_2f867da3-da9a-f637-9d0b-b03bda1c38ea" />
  </cim:ConnectivityNode>
  <cim:ConnectivityNode rdf:about="#_53c43e81-52fb-4d0f-8088-43e8d7bee5aa">
    <cim:ConnectivityNode.TopologicalNode rdf:resource="#_b121a7b6-f97e-d7f9-e6ec-44d0e65d9dd4" />
  </cim:ConnectivityNode>
  <cim:ConnectivityNode rdf:about="#_925bbee7-ddbc-4a69-aff2-49e9fe5e4e44">
    <cim:ConnectivityNode.TopologicalNode rdf:resource="#_4c8d6321-ae89-d39a-a846-1386397e258c" />
  </cim:ConnectivityNode>
  <cim:ConnectivityNode rdf:about="#_8eb748eb-5021-43a6-8b00-e0adc49922ed">
    <cim:ConnectivityNode.TopologicalNode rdf:resource="#_90937fce-cb0b-893d-f4cf-56e3297d18d6" />
  </cim:ConnectivityNode>
  <cim:ConnectivityNode rdf:about="#_7012669d-d9c2-4ab5-8f47-34d93a0a6e79">
    <cim:ConnectivityNode.TopologicalNode rdf:resource="#_2f6bd27e-da18-2562-25c8-d1fedb0d6b0e" />
  </cim:ConnectivityNode>
  <cim:ConnectivityNode rdf:about="#_2ab5f499-3912-4be6-82dc-93584278d9b4">
    <cim:ConnectivityNode.TopologicalNode rdf:resource="#_248f6960-32b6-7581-04bb-c0af20532792" />
  </cim:ConnectivityNode>
  <cim:ConnectivityNode rdf:about="#_255ec9ff-1c5a-4edb-97d6-c8eee0a0a099">
    <cim:ConnectivityNode.TopologicalNode rdf:resource="#_c2b438b3-bff1-9405-d379-fca48d7583e5" />
  </cim:ConnectivityNode>
  <cim:ConnectivityNode rdf:about="#_6210d5ac-113a-4397-b01a-28d10cc270be">
    <cim:ConnectivityNode.TopologicalNode rdf:resource="#_a6cefd2d-8db8-8d38-702e-e242cc67751c" />
  </cim:ConnectivityNode>
  <cim:ConnectivityNode rdf:about="#_5e207fbf-c798-42e4-9751-4d27498c2ce7">
    <cim:ConnectivityNode.TopologicalNode rdf:resource="#_271ef94c-5fe1-bef3-cc79-f07a2cdd1c0c" />
  </cim:ConnectivityNode>
  <cim:ConnectivityNode rdf:about="#_42ad8d72-e129-4e3c-8db6-f57d3c7d8517">
    <cim:ConnectivityNode.TopologicalNode rdf:resource="#_a16d713b-7d58-1286-1c2e-cc5cf89446ef" />
  </cim:ConnectivityNode>
  <cim:ConnectivityNode rdf:about="#_8210c39f-5742-406c-bc69-e6fb36654791">
    <cim:ConnectivityNode.TopologicalNode rdf:resource="#_8416dcc3-983d-ef49-632e-9901c6e56383" />
  </cim:ConnectivityNode>
  <cim:TopologicalNode rdf:ID="_90937fce-cb0b-893d-f4cf-56e3297d18d6">
    <cim:IdentifiedObject.name>692</cim:IdentifiedObject.name>
    <cim:TopologicalNode.BaseVoltage rdf:resource="#_229e4b5e-5f84-baac-25e2-48b6a1f76d4e" />
    <cim:TopologicalNode.ConnectivityNodeContainer rdf:resource="#_cd0169c3-b2bf-8e14-2bb0-e2c7eea660ee" />
  </cim:TopologicalNode>
  <cim:TopologicalNode rdf:ID="_ad598f7d-d43d-7155-1ffd-e5708f42e700">
    <cim:IdentifiedObject.name>646</cim:IdentifiedObject.name>
    <cim:TopologicalNode.BaseVoltage rdf:resource="#_229e4b5e-5f84-baac-25e2-48b6a1f76d4e" />
    <cim:TopologicalNode.ConnectivityNodeContainer rdf:resource="#_a6d97d65-9dcc-adf4-52f9-c0733da10567" />
  </cim:TopologicalNode>
  <cim:TopologicalNode rdf:ID="_2f6bd27e-da18-2562-25c8-d1fedb0d6b0e">
    <cim:IdentifiedObject.name>680</cim:IdentifiedObject.name>
    <cim:TopologicalNode.BaseVoltage rdf:resource="#_229e4b5e-5f84-baac-25e2-48b6a1f76d4e" />
    <cim:TopologicalNode.ConnectivityNodeContainer rdf:resource="#_dc0ff846-f422-01e1-2f4b-2317e4c5312c" />
  </cim:TopologicalNode>
  <cim:TopologicalNode rdf:ID="_4c8d6321-ae89-d39a-a846-1386397e258c">
    <cim:IdentifiedObject.name>nDL1</cim:IdentifiedObject.name>
    <cim:TopologicalNode.BaseVoltage rdf:resource="#_229e4b5e-5f84-baac-25e2-48b6a1f76d4e" />
    <cim:TopologicalNode.ConnectivityNodeContainer rdf:resource="#_a3b6a91a-d2af-f15f-5a39-24da3d0c4582" />
  </cim:TopologicalNode>
  <cim:TopologicalNode rdf:ID="_3acf92d4-5c53-19db-8a72-2dbe853981fb">
    <cim:IdentifiedObject.name>nDL2</cim:IdentifiedObject.name>
    <cim:TopologicalNode.BaseVoltage rdf:resource="#_229e4b5e-5f84-baac-25e2-48b6a1f76d4e" />
    <cim:TopologicalNode.ConnectivityNodeContainer rdf:resource="#_496f9405-5bbe-d77a-88ad-2ca2d7d0ef2a" />
  </cim:TopologicalNode>
  <cim:TopologicalNode rdf:ID="_a54e5a44-cf9a-7521-f4c2-711c3c393737">
    <cim:IdentifiedObject.name>684</cim:IdentifiedObject.name>
    <cim:TopologicalNode.BaseVoltage rdf:resource="#_229e4b5e-5f84-baac-25e2-48b6a1f76d4e" />
    <cim:TopologicalNode.ConnectivityNodeContainer rdf:resource="#_1393bcfa-b051-7481-575c-5610bafdf038" />
  </cim:TopologicalNode>
  <cim:TopologicalNode rdf:ID="_a8277ffb-bd4a-43c6-4d49-209519c424e4">
    <cim:IdentifiedObject.name>RG60</cim:IdentifiedObject.name>
    <cim:TopologicalNode.BaseVoltage rdf:resource="#_229e4b5e-5f84-baac-25e2-48b6a1f76d4e" />
    <cim:TopologicalNode.ConnectivityNodeContainer rdf:resource="#_b15e94bb-bf43-a8da-03f6-c0a7709b3d52" />
  </cim:TopologicalNode>
  <cim:TopologicalNode rdf:ID="_a16d713b-7d58-1286-1c2e-cc5cf89446ef">
    <cim:IdentifiedObject.name>633</cim:IdentifiedObject.name>
    <cim:TopologicalNode.BaseVoltage rdf:resource="#_229e4b5e-5f84-baac-25e2-48b6a1f76d4e" />
    <cim:TopologicalNode.ConnectivityNodeContainer rdf:resource="#_1a3692fc-b7ec-7062-fca1-fe9a522103b3" />
  </cim:TopologicalNode>
  <cim:TopologicalNode rdf:ID="_8416dcc3-983d-ef49-632e-9901c6e56383">
    <cim:IdentifiedObject.name>675</cim:IdentifiedObject.name>
    <cim:TopologicalNode.BaseVoltage rdf:resource="#_229e4b5e-5f84-baac-25e2-48b6a1f76d4e" />
    <cim:TopologicalNode.ConnectivityNodeContainer rdf:resource="#_4d21b18f-4a2f-f647-7d24-252948d3fb00" />
  </cim:TopologicalNode>
  <cim:TopologicalNode rdf:ID="_2f867da3-da9a-f637-9d0b-b03bda1c38ea">
    <cim:IdentifiedObject.name>nDL5</cim:IdentifiedObject.name>
    <cim:TopologicalNode.BaseVoltage rdf:resource="#_229e4b5e-5f84-baac-25e2-48b6a1f76d4e" />
    <cim:TopologicalNode.ConnectivityNodeContainer rdf:resource="#_288d7ce6-51d7-63b3-aaf3-0942530b7611" />
  </cim:TopologicalNode>
  <cim:TopologicalNode rdf:ID="_271ef94c-5fe1-bef3-cc79-f07a2cdd1c0c">
    <cim:IdentifiedObject.name>611</cim:IdentifiedObject.name>
    <cim:TopologicalNode.BaseVoltage rdf:resource="#_229e4b5e-5f84-baac-25e2-48b6a1f76d4e" />
    <cim:TopologicalNode.ConnectivityNodeContainer rdf:resource="#_3a166c05-f5f9-ca3d-8eea-48c3aeb684e2" />
  </cim:TopologicalNode>
  <cim:TopologicalNode rdf:ID="_b121a7b6-f97e-d7f9-e6ec-44d0e65d9dd4">
    <cim:IdentifiedObject.name>nDL</cim:IdentifiedObject.name>
    <cim:TopologicalNode.BaseVoltage rdf:resource="#_229e4b5e-5f84-baac-25e2-48b6a1f76d4e" />
    <cim:TopologicalNode.ConnectivityNodeContainer rdf:resource="#_cff4ddfc-8f96-c280-3eb9-88c141ccad5f" />
  </cim:TopologicalNode>
  <cim:TopologicalNode rdf:ID="_248f6960-32b6-7581-04bb-c0af20532792">
    <cim:IdentifiedObject.name>634</cim:IdentifiedObject.name>
    <cim:TopologicalNode.BaseVoltage rdf:resource="#_c1c0bc55-200f-50f4-0012-dd95db80a091" />
    <cim:TopologicalNode.ConnectivityNodeContainer rdf:resource="#_c049291b-107c-a613-1a71-154641821576" />
  </cim:TopologicalNode>
  <cim:TopologicalNode rdf:ID="_5fe4573c-e2f4-9dc5-3818-78182743e098">
    <cim:IdentifiedObject.name>652</cim:IdentifiedObject.name>
    <cim:TopologicalNode.BaseVoltage rdf:resource="#_229e4b5e-5f84-baac-25e2-48b6a1f76d4e" />
    <cim:TopologicalNode.ConnectivityNodeContainer rdf:resource="#_f2fd5621-78dc-ca84-5538-9527ae25f8af" />
  </cim:TopologicalNode>
  <cim:TopologicalNode rdf:ID="_1da9d848-166c-c9ef-f130-83c37bba9567">
    <cim:IdentifiedObject.name>645</cim:IdentifiedObject.name>
    <cim:TopologicalNode.BaseVoltage rdf:resource="#_229e4b5e-5f84-baac-25e2-48b6a1f76d4e" />
    <cim:TopologicalNode.ConnectivityNodeContainer rdf:resource="#_cca11cea-cd18-f500-b423-5689e25c5208" />
  </cim:TopologicalNode>
  <cim:TopologicalNode rdf:ID="_92397dd4-26ca-15f7-28da-c1a21905c98f">
    <cim:IdentifiedObject.name>632</cim:IdentifiedObject.name>
    <cim:TopologicalNode.BaseVoltage rdf:resource="#_229e4b5e-5f84-baac-25e2-48b6a1f76d4e" />
    <cim:TopologicalNode.ConnectivityNodeContainer rdf:resource="#_9a39eb39-7f21-5944-54b4-7d1279fc9f27" />
  </cim:TopologicalNode>
  <cim:TopologicalNode rdf:ID="_a6cefd2d-8db8-8d38-702e-e242cc67751c">
    <cim:IdentifiedObject.name>671</cim:IdentifiedObject.name>
    <cim:TopologicalNode.BaseVoltage rdf:resource="#_229e4b5e-5f84-baac-25e2-48b6a1f76d4e" />
    <cim:TopologicalNode.ConnectivityNodeContainer rdf:resource="#_8038442c-e628-78c3-83eb-3a89b7c911a6" />
  </cim:TopologicalNode>
  <cim:TopologicalNode rdf:ID="_c2b438b3-bff1-9405-d379-fca48d7583e5">
    <cim:IdentifiedObject.name>nDL4</cim:IdentifiedObject.name>
    <cim:TopologicalNode.BaseVoltage rdf:resource="#_229e4b5e-5f84-baac-25e2-48b6a1f76d4e" />
    <cim:TopologicalNode.ConnectivityNodeContainer rdf:resource="#_d3d1e57f-e960-600f-9a1b-477a4263cbe6" />
  </cim:TopologicalNode>
  <cim:TopologicalNode rdf:ID="_de9cd1ad-0f57-d59b-fc40-7cdd6ae7346c">
    <cim:IdentifiedObject.name>650</cim:IdentifiedObject.name>
    <cim:TopologicalNode.BaseVoltage rdf:resource="#_229e4b5e-5f84-baac-25e2-48b6a1f76d4e" />
    <cim:TopologicalNode.ConnectivityNodeContainer rdf:resource="#_f28255f1-56d9-6400-24f8-4795eee95cd2" />
  </cim:TopologicalNode>
</rdf:RDF>