<?xml version="1.0" encoding="UTF-8"?>
<!-- Created with PowerFactory 2025 SP2 (x64) (digcimdb.dll ServicePack 0) -->
<rdf:RDF xmlns:cim="http://iec.ch/TC57/2013/CIM-schema-cim16#" xmlns:entsoe="http://entsoe.eu/CIM/SchemaExtension/3/1#" xmlns:md="http://iec.ch/TC57/61970-552/ModelDescription/1#" xmlns:rdf="http://www.w3.org/1999/02/22-rdf-syntax-ns#">
  <md:FullModel rdf:about="urn:uuid:549611cf-6734-4f87-8167-3f807bf4ff83">
    <md:Model.DependentOn rdf:resource="urn:uuid:aaeab9b6-1418-45d2-8868-37896281fd36" />
    <md:Model.DependentOn rdf:resource="urn:uuid:bfa13457-8c07-4113-87a0-78b98ed4620c" />
    <md:Model.created>2025-07-10T14:31:57Z</md:Model.created>
    <md:Model.description />
    <md:Model.modelingAuthoritySet>unset</md:Model.modelingAuthoritySet>
    <md:Model.profile>http://entsoe.eu/CIM/DiagramLayout/3/1</md:Model.profile>
    <md:Model.scenarioTime>2016-01-01T11:00:00Z</md:Model.scenarioTime>
    <md:Model.version />
  </md:FullModel>
  <cim:DiagramObject rdf:ID="_7fcf60fb-5389-8831-68cf-cab042279292">
    <cim:DiagramObject.Diagram rdf:resource="#_3b8f6945-ec8e-42d1-b62d-dc683009c139" />
    <cim:DiagramObject.IdentifiedObject rdf:resource="#_df4c1cee-1607-4309-9fb1-dcddbf57f5a6" />
    <cim:IdentifiedObject.name>Graphical Net Object26</cim:IdentifiedObject.name>
  </cim:DiagramObject>
  <cim:DiagramObject rdf:ID="_9da2ad44-9d6e-3e2a-4c6f-554b6c2091da">
    <cim:DiagramObject.Diagram rdf:resource="#_3b8f6945-ec8e-42d1-b62d-dc683009c139" />
    <cim:DiagramObject.IdentifiedObject rdf:resource="#_3b79d0ba-1ff4-4577-b6e8-560fc8c25f1a" />
    <cim:DiagramObject.rotation>270</cim:DiagramObject.rotation>
    <cim:IdentifiedObject.name>Grafisches Netzelement47</cim:IdentifiedObject.name>
  </cim:DiagramObject>
  <cim:DiagramObject rdf:ID="_7752b2d0-4815-5b0a-5543-9ec613fdf571">
    <cim:DiagramObject.Diagram rdf:resource="#_3b8f6945-ec8e-42d1-b62d-dc683009c139" />
    <cim:DiagramObject.IdentifiedObject rdf:resource="#_2ab5f499-3912-4be6-82dc-93584278d9b4" />
    <cim:IdentifiedObject.name>Graphical Net Object8</cim:IdentifiedObject.name>
  </cim:DiagramObject>
  <cim:DiagramObject rdf:ID="_23b60894-4c9d-5161-73b0-8743392dd390">
    <cim:DiagramObject.Diagram rdf:resource="#_3b8f6945-ec8e-42d1-b62d-dc683009c139" />
    <cim:DiagramObject.IdentifiedObject rdf:resource="#_87c319cb-8d7f-42e9-a4fc-7eb23b745cbe" />
    <cim:IdentifiedObject.name>Graphical Net Object27</cim:IdentifiedObject.name>
  </cim:DiagramObject>
  <cim:DiagramObject rdf:ID="_da98ecc0-abc8-9a29-d098-0518ca98be0e">
    <cim:DiagramObject.Diagram rdf:resource="#_3b8f6945-ec8e-42d1-b62d-dc683009c139" />
    <cim:DiagramObject.IdentifiedObject rdf:resource="#_c2799289-8758-4edb-8557-d85cedbb4776" />
    <cim:IdentifiedObject.name>Graphical Net Object21</cim:IdentifiedObject.name>
  </cim:DiagramObject>
  <cim:DiagramObject rdf:ID="_e594f2b9-a92a-01ad-01c5-d3f58829bd92">
    <cim:DiagramObject.Diagram rdf:resource="#_3b8f6945-ec8e-42d1-b62d-dc683009c139" />
    <cim:DiagramObject.IdentifiedObject rdf:resource="#_147253ed-b0d7-4ff8-acea-6a2d5a1c875a" />
    <cim:DiagramObject.rotation>270</cim:DiagramObject.rotation>
    <cim:IdentifiedObject.name>Graphical Net Object59</cim:IdentifiedObject.name>
  </cim:DiagramObject>
  <cim:DiagramObject rdf:ID="_2306dbda-f292-bac6-44d1-910ba32755bf">
    <cim:DiagramObject.Diagram rdf:resource="#_3b8f6945-ec8e-42d1-b62d-dc683009c139" />
    <cim:DiagramObject.IdentifiedObject rdf:resource="#_18503ac4-8603-4cbc-a5a7-1dd7af8ba951" />
    <cim:IdentifiedObject.name>Graphical Net Object(2)</cim:IdentifiedObject.name>
  </cim:DiagramObject>
  <cim:DiagramObject rdf:ID="_9e2f77e6-9dd5-af39-0a96-73f84deb296c">
    <cim:DiagramObject.Diagram rdf:resource="#_3b8f6945-ec8e-42d1-b62d-dc683009c139" />
    <cim:DiagramObject.IdentifiedObject rdf:resource="#_ad653152-429b-4838-a2e5-b7daa634811a" />
    <cim:IdentifiedObject.name>Graphical Net Object18</cim:IdentifiedObject.name>
  </cim:DiagramObject>
  <cim:DiagramObject rdf:ID="_9f3d9b5a-0004-f9ca-5a2d-c26655eab5fe">
    <cim:DiagramObject.Diagram rdf:resource="#_3b8f6945-ec8e-42d1-b62d-dc683009c139" />
    <cim:DiagramObject.IdentifiedObject rdf:resource="#_7012669d-d9c2-4ab5-8f47-34d93a0a6e79" />
    <cim:IdentifiedObject.name>Graphical Net Object14</cim:IdentifiedObject.name>
  </cim:DiagramObject>
  <cim:DiagramObject rdf:ID="_f569bfa6-fae2-d446-6588-4039d4b466dd">
    <cim:DiagramObject.Diagram rdf:resource="#_3b8f6945-ec8e-42d1-b62d-dc683009c139" />
    <cim:DiagramObject.IdentifiedObject rdf:resource="#_fb4870f9-74ad-4aac-8eda-bfd7bb4dd38a" />
    <cim:DiagramObject.rotation>90</cim:DiagramObject.rotation>
    <cim:IdentifiedObject.name>Graphical Net Object36</cim:IdentifiedObject.name>
  </cim:DiagramObject>
  <cim:DiagramObject rdf:ID="_7785d84a-8fb2-2db4-2f29-7e39e1a8233c">
    <cim:DiagramObject.Diagram rdf:resource="#_3b8f6945-ec8e-42d1-b62d-dc683009c139" />
    <cim:DiagramObject.IdentifiedObject rdf:resource="#_42ad8d72-e129-4e3c-8db6-f57d3c7d8517" />
    <cim:IdentifiedObject.name>Graphical Net Object7</cim:IdentifiedObject.name>
  </cim:DiagramObject>
  <cim:DiagramObject rdf:ID="_17d8bcfa-7561-df5b-15b6-82da3920b783">
    <cim:DiagramObject.Diagram rdf:resource="#_3b8f6945-ec8e-42d1-b62d-dc683009c139" />
    <cim:DiagramObject.IdentifiedObject rdf:resource="#_03c48e78-838d-4354-be0d-c1c05241f14d" />
    <cim:DiagramObject.rotation>270</cim:DiagramObject.rotation>
    <cim:IdentifiedObject.name>Graphical Net Object20</cim:IdentifiedObject.name>
  </cim:DiagramObject>
  <cim:DiagramObject rdf:ID="_456e8e70-7af1-4113-9292-f764803768cb">
    <cim:DiagramObject.Diagram rdf:resource="#_3b8f6945-ec8e-42d1-b62d-dc683009c139" />
    <cim:DiagramObject.IdentifiedObject rdf:resource="#_93ffeb71-df3d-49f5-ab77-6f65c5574c27" />
    <cim:DiagramObject.rotation>90</cim:DiagramObject.rotation>
    <cim:IdentifiedObject.name>Graphical Net Object31</cim:IdentifiedObject.name>
  </cim:DiagramObject>
  <cim:DiagramObject rdf:ID="_76e70c76-1255-fc06-a154-3485bce0221c">
    <cim:DiagramObject.Diagram rdf:resource="#_3b8f6945-ec8e-42d1-b62d-dc683009c139" />
    <cim:DiagramObject.IdentifiedObject rdf:resource="#_8384ec10-2cb1-49dc-b8a4-2a74d1a9374b" />
    <cim:IdentifiedObject.name>Graphical Net Object48</cim:IdentifiedObject.name>
  </cim:DiagramObject>
  <cim:DiagramObject rdf:ID="_29f97dda-497f-a3e6-3cfa-2b0590a60a44">
    <cim:DiagramObject.Diagram rdf:resource="#_3b8f6945-ec8e-42d1-b62d-dc683009c139" />
    <cim:DiagramObject.IdentifiedObject rdf:resource="#_2b119da0-6ce9-46eb-8acf-70c3e4f57142" />
    <cim:IdentifiedObject.name>Graphical Net Object(6)</cim:IdentifiedObject.name>
  </cim:DiagramObject>
  <cim:DiagramObject rdf:ID="_0d5d39ee-a514-6eb9-b49f-5a42a538c185">
    <cim:DiagramObject.Diagram rdf:resource="#_3b8f6945-ec8e-42d1-b62d-dc683009c139" />
    <cim:DiagramObject.IdentifiedObject rdf:resource="#_9c8361ac-0838-473f-8f0d-f33945db5250" />
    <cim:DiagramObject.rotation>270</cim:DiagramObject.rotation>
    <cim:IdentifiedObject.name>Graphical Net Object33</cim:IdentifiedObject.name>
  </cim:DiagramObject>
  <cim:DiagramObject rdf:ID="_94ff6de4-2443-63a9-47fb-1ec4a82355ba">
    <cim:DiagramObject.Diagram rdf:resource="#_3b8f6945-ec8e-42d1-b62d-dc683009c139" />
    <cim:DiagramObject.IdentifiedObject rdf:resource="#_5874e72b-9d61-49dd-88fd-937a2d43cc4d" />
    <cim:IdentifiedObject.name>Graphical Net Object5</cim:IdentifiedObject.name>
  </cim:DiagramObject>
  <cim:DiagramObject rdf:ID="_08bfd868-6a1f-27c1-911c-a82735351718">
    <cim:DiagramObject.Diagram rdf:resource="#_3b8f6945-ec8e-42d1-b62d-dc683009c139" />
    <cim:DiagramObject.IdentifiedObject rdf:resource="#_288d0af4-eb73-40ac-a5e7-cd0233ac1a6f" />
    <cim:IdentifiedObject.name>Graphical Net Object25</cim:IdentifiedObject.name>
  </cim:DiagramObject>
  <cim:DiagramObject rdf:ID="_f68d3cc9-8d4d-b29d-3941-c2079669d11d">
    <cim:DiagramObject.Diagram rdf:resource="#_3b8f6945-ec8e-42d1-b62d-dc683009c139" />
    <cim:DiagramObject.IdentifiedObject rdf:resource="#_89ca7991-5d06-4c0f-b4fd-ab5f06ab35d2" />
    <cim:DiagramObject.rotation>90</cim:DiagramObject.rotation>
    <cim:IdentifiedObject.name>Graphical Net Object30</cim:IdentifiedObject.name>
  </cim:DiagramObject>
  <cim:DiagramObject rdf:ID="_67c404cd-dea8-1e9c-8200-16739f54289b">
    <cim:DiagramObject.Diagram rdf:resource="#_3b8f6945-ec8e-42d1-b62d-dc683009c139" />
    <cim:DiagramObject.IdentifiedObject rdf:resource="#_8a9f9830-5d20-4ec5-be78-ca245d0fbe95" />
    <cim:IdentifiedObject.name>Graphical Net Object29</cim:IdentifiedObject.name>
  </cim:DiagramObject>
  <cim:DiagramObject rdf:ID="_6d275d49-66b0-85fd-ea4b-9136cab5d6c8">
    <cim:DiagramObject.Diagram rdf:resource="#_3b8f6945-ec8e-42d1-b62d-dc683009c139" />
    <cim:DiagramObject.IdentifiedObject rdf:resource="#_c16e590e-9e11-44ae-aef7-bd1126fd8a34" />
    <cim:IdentifiedObject.name>Grafisches Netzelement64</cim:IdentifiedObject.name>
  </cim:DiagramObject>
  <cim:DiagramObject rdf:ID="_bb7addab-cd04-16e2-cdef-1628a2857bf9">
    <cim:DiagramObject.Diagram rdf:resource="#_3b8f6945-ec8e-42d1-b62d-dc683009c139" />
    <cim:DiagramObject.IdentifiedObject rdf:resource="#_5e207fbf-c798-42e4-9751-4d27498c2ce7" />
    <cim:IdentifiedObject.name>Graphical Net Object13</cim:IdentifiedObject.name>
  </cim:DiagramObject>
  <cim:DiagramObject rdf:ID="_08fc21fa-4be2-88d1-fb1e-2a14166fae8c">
    <cim:DiagramObject.Diagram rdf:resource="#_3b8f6945-ec8e-42d1-b62d-dc683009c139" />
    <cim:DiagramObject.IdentifiedObject rdf:resource="#_2519517b-c5f6-445f-a014-6b86695da12a" />
    <cim:IdentifiedObject.name>Grafisches Netzelement64(2)</cim:IdentifiedObject.name>
  </cim:DiagramObject>
  <cim:DiagramObject rdf:ID="_fc2ef9f6-8fe5-1861-9728-14a254db67d3">
    <cim:DiagramObject.Diagram rdf:resource="#_3b8f6945-ec8e-42d1-b62d-dc683009c139" />
    <cim:DiagramObject.IdentifiedObject rdf:resource="#_e341024f-26f3-4a96-a980-c1b53d45d590" />
    <cim:DiagramObject.rotation>90</cim:DiagramObject.rotation>
    <cim:IdentifiedObject.name>Graphical Net Object38</cim:IdentifiedObject.name>
  </cim:DiagramObject>
  <cim:DiagramObject rdf:ID="_e6e5c5b5-259e-a6b8-c657-316eb907d8c4">
    <cim:DiagramObject.Diagram rdf:resource="#_3b8f6945-ec8e-42d1-b62d-dc683009c139" />
    <cim:DiagramObject.IdentifiedObject rdf:resource="#_fda45af0-3f6a-4b45-acf3-77d3f721dd80" />
    <cim:IdentifiedObject.name>Graphical Net Object(4)</cim:IdentifiedObject.name>
  </cim:DiagramObject>
  <cim:DiagramObject rdf:ID="_2415cad3-3950-0d51-035c-8f3e96ae2bab">
    <cim:DiagramObject.Diagram rdf:resource="#_3b8f6945-ec8e-42d1-b62d-dc683009c139" />
    <cim:DiagramObject.IdentifiedObject rdf:resource="#_f13b8139-ffd1-4f4a-ac37-f5946b0ace08" />
    <cim:DiagramObject.rotation>270</cim:DiagramObject.rotation>
    <cim:IdentifiedObject.name>Graphical Net Object34</cim:IdentifiedObject.name>
  </cim:DiagramObject>
  <cim:DiagramObject rdf:ID="_ab2c258a-b2a8-ca0e-94f3-49a8c00a1fe6">
    <cim:DiagramObject.Diagram rdf:resource="#_3b8f6945-ec8e-42d1-b62d-dc683009c139" />
    <cim:DiagramObject.IdentifiedObject rdf:resource="#_255ec9ff-1c5a-4edb-97d6-c8eee0a0a099" />
    <cim:IdentifiedObject.name>Graphical Net Object(5)</cim:IdentifiedObject.name>
  </cim:DiagramObject>
  <cim:DiagramObject rdf:ID="_ad100707-a9ed-9786-bcf5-026707b82ef5">
    <cim:DiagramObject.Diagram rdf:resource="#_3b8f6945-ec8e-42d1-b62d-dc683009c139" />
    <cim:DiagramObject.IdentifiedObject rdf:resource="#_b61a6836-74ef-41e2-9f96-4a06bc98780e" />
    <cim:IdentifiedObject.name>Graphical Net Object(8)</cim:IdentifiedObject.name>
  </cim:DiagramObject>
  <cim:DiagramObject rdf:ID="_5915e242-c53f-9a01-f47d-0bc68eea2f50">
    <cim:DiagramObject.Diagram rdf:resource="#_3b8f6945-ec8e-42d1-b62d-dc683009c139" />
    <cim:DiagramObject.IdentifiedObject rdf:resource="#_e3a8b670-3354-41f4-b35f-2656aeabb82b" />
    <cim:IdentifiedObject.name>Grafisches Netzelement56(1)</cim:IdentifiedObject.name>
  </cim:DiagramObject>
  <cim:DiagramObject rdf:ID="_6d08d7dc-d208-9ceb-dff6-24bb801531ec">
    <cim:DiagramObject.Diagram rdf:resource="#_3b8f6945-ec8e-42d1-b62d-dc683009c139" />
    <cim:DiagramObject.IdentifiedObject rdf:resource="#_39f9f9b5-898b-4d72-8523-26040c5d14a2" />
    <cim:DiagramObject.rotation>270</cim:DiagramObject.rotation>
    <cim:IdentifiedObject.name>Graphical Net Object56</cim:IdentifiedObject.name>
  </cim:DiagramObject>
  <cim:DiagramObject rdf:ID="_2d8099de-8e9c-8bfe-44e3-9381776c706f">
    <cim:DiagramObject.Diagram rdf:resource="#_3b8f6945-ec8e-42d1-b62d-dc683009c139" />
    <cim:DiagramObject.IdentifiedObject rdf:resource="#_914c91d7-e74b-4145-bf5b-55a9407e3b38" />
    <cim:IdentifiedObject.name>Graphical Net Object12</cim:IdentifiedObject.name>
  </cim:DiagramObject>
  <cim:DiagramObject rdf:ID="_878583fe-7fb9-e28c-f131-12d74c08b9b4">
    <cim:DiagramObject.Diagram rdf:resource="#_3b8f6945-ec8e-42d1-b62d-dc683009c139" />
    <cim:DiagramObject.IdentifiedObject rdf:resource="#_8210c39f-5742-406c-bc69-e6fb36654791" />
    <cim:IdentifiedObject.name>Graphical Net Object11</cim:IdentifiedObject.name>
  </cim:DiagramObject>
  <cim:DiagramObject rdf:ID="_22b5eda9-f80f-0504-2dc9-bd13a5c09177">
    <cim:DiagramObject.Diagram rdf:resource="#_3b8f6945-ec8e-42d1-b62d-dc683009c139" />
    <cim:DiagramObject.IdentifiedObject rdf:resource="#_1f7fd95f-fac4-965c-413c-c5ea303d6dd5" />
    <cim:IdentifiedObject.name>GCO_1</cim:IdentifiedObject.name>
  </cim:DiagramObject>
  <cim:DiagramObject rdf:ID="_11060d3c-6ca4-6eb2-3cc2-e02c2a9bfb7d">
    <cim:DiagramObject.Diagram rdf:resource="#_3b8f6945-ec8e-42d1-b62d-dc683009c139" />
    <cim:DiagramObject.IdentifiedObject rdf:resource="#_f58771e9-e300-4f4c-985c-6c63a5859cea" />
    <cim:IdentifiedObject.name>Graphical Net Object24</cim:IdentifiedObject.name>
  </cim:DiagramObject>
  <cim:DiagramObject rdf:ID="_8953481c-3f86-437f-4984-9edbeaba971b">
    <cim:DiagramObject.Diagram rdf:resource="#_3b8f6945-ec8e-42d1-b62d-dc683009c139" />
    <cim:DiagramObject.IdentifiedObject rdf:resource="#_b41bdda6-6a9d-1edc-d28e-f2da3ede356c" />
    <cim:IdentifiedObject.name>GCO_1</cim:IdentifiedObject.name>
  </cim:DiagramObject>
  <cim:DiagramObject rdf:ID="_d047758a-570b-cd2f-03cb-067b699a21bf">
    <cim:DiagramObject.Diagram rdf:resource="#_3b8f6945-ec8e-42d1-b62d-dc683009c139" />
    <cim:DiagramObject.IdentifiedObject rdf:resource="#_76bb6168-4841-e1f4-868c-0a45d931e9b1" />
    <cim:IdentifiedObject.name>GCO_1</cim:IdentifiedObject.name>
  </cim:DiagramObject>
  <cim:DiagramObject rdf:ID="_a7fa2fa7-a98e-88c4-208b-8549d5d6214b">
    <cim:DiagramObject.Diagram rdf:resource="#_3b8f6945-ec8e-42d1-b62d-dc683009c139" />
    <cim:DiagramObject.IdentifiedObject rdf:resource="#_8eb748eb-5021-43a6-8b00-e0adc49922ed" />
    <cim:IdentifiedObject.name>Graphical Net Object10</cim:IdentifiedObject.name>
  </cim:DiagramObject>
  <cim:DiagramObject rdf:ID="_c964fbed-14fd-f747-2ca0-cf76a1d439be">
    <cim:DiagramObject.Diagram rdf:resource="#_3b8f6945-ec8e-42d1-b62d-dc683009c139" />
    <cim:DiagramObject.IdentifiedObject rdf:resource="#_29a31156-30c7-490f-a250-83f6f1615487" />
    <cim:IdentifiedObject.name>Graphical Net Object23</cim:IdentifiedObject.name>
  </cim:DiagramObject>
  <cim:DiagramObject rdf:ID="_f346a2c7-dc1b-374b-59ba-d03a790c91cd">
    <cim:DiagramObject.Diagram rdf:resource="#_3b8f6945-ec8e-42d1-b62d-dc683009c139" />
    <cim:DiagramObject.IdentifiedObject rdf:resource="#_adfd3645-cc40-4abe-979d-23e4c89f0acf" />
    <cim:DiagramObject.rotation>270</cim:DiagramObject.rotation>
    <cim:IdentifiedObject.name>Graphical Net Object50</cim:IdentifiedObject.name>
  </cim:DiagramObject>
  <cim:DiagramObject rdf:ID="_add6ea33-65da-8107-0992-2b7d8e7e010e">
    <cim:DiagramObject.Diagram rdf:resource="#_3b8f6945-ec8e-42d1-b62d-dc683009c139" />
    <cim:DiagramObject.IdentifiedObject rdf:resource="#_6210d5ac-113a-4397-b01a-28d10cc270be" />
    <cim:IdentifiedObject.name>Graphical Net Object9</cim:IdentifiedObject.name>
  </cim:DiagramObject>
  <cim:DiagramObject rdf:ID="_6212c2f1-3c66-6211-85a3-92f3391c95c6">
    <cim:DiagramObject.Diagram rdf:resource="#_3b8f6945-ec8e-42d1-b62d-dc683009c139" />
    <cim:DiagramObject.IdentifiedObject rdf:resource="#_538663d2-9a64-52b4-d4a1-0b4238c677d6" />
    <cim:IdentifiedObject.name>GCO_2</cim:IdentifiedObject.name>
  </cim:DiagramObject>
  <cim:DiagramObject rdf:ID="_f20563a2-be85-f413-f800-e6a1e7da4877">
    <cim:DiagramObject.Diagram rdf:resource="#_3b8f6945-ec8e-42d1-b62d-dc683009c139" />
    <cim:DiagramObject.IdentifiedObject rdf:resource="#_797501cc-7f2d-fdc6-bb38-0e1a7b61ab88" />
    <cim:IdentifiedObject.name>GCO_1</cim:IdentifiedObject.name>
  </cim:DiagramObject>
  <cim:DiagramObject rdf:ID="_e372f5cb-dcc2-33a8-6a66-24f13a5f50de">
    <cim:DiagramObject.Diagram rdf:resource="#_3b8f6945-ec8e-42d1-b62d-dc683009c139" />
    <cim:DiagramObject.IdentifiedObject rdf:resource="#_02989a5e-000a-4091-91bd-dfd806544daf" />
    <cim:IdentifiedObject.name>Graphical Net Object</cim:IdentifiedObject.name>
  </cim:DiagramObject>
  <cim:DiagramObject rdf:ID="_5276e29e-d8a1-ee2a-d3d4-e285599b4f47">
    <cim:DiagramObject.Diagram rdf:resource="#_3b8f6945-ec8e-42d1-b62d-dc683009c139" />
    <cim:DiagramObject.IdentifiedObject rdf:resource="#_abd0a7e0-e916-602c-65d0-e42e66266d91" />
    <cim:IdentifiedObject.name>GCO_1</cim:IdentifiedObject.name>
  </cim:DiagramObject>
  <cim:DiagramObject rdf:ID="_a145918f-d0ec-befc-b34f-cb5e6d670961">
    <cim:DiagramObject.Diagram rdf:resource="#_3b8f6945-ec8e-42d1-b62d-dc683009c139" />
    <cim:DiagramObject.IdentifiedObject rdf:resource="#_1b752dfe-c2f3-0aeb-9e74-602a7a7ae429" />
    <cim:IdentifiedObject.name>GCO_1</cim:IdentifiedObject.name>
  </cim:DiagramObject>
  <cim:DiagramObject rdf:ID="_c7353ac9-c7d4-f0ea-429b-611706eeb24b">
    <cim:DiagramObject.Diagram rdf:resource="#_3b8f6945-ec8e-42d1-b62d-dc683009c139" />
    <cim:DiagramObject.IdentifiedObject rdf:resource="#_aef9e046-00ac-4fdb-baa7-85cb04a267aa" />
    <cim:IdentifiedObject.name>Graphical Net Object6</cim:IdentifiedObject.name>
  </cim:DiagramObject>
  <cim:DiagramObject rdf:ID="_c9360826-4a42-a861-6bfd-07dc5251bb7f">
    <cim:DiagramObject.Diagram rdf:resource="#_3b8f6945-ec8e-42d1-b62d-dc683009c139" />
    <cim:DiagramObject.IdentifiedObject rdf:resource="#_655bc2ff-ed62-ca24-e4b7-7fd8088b5772" />
    <cim:IdentifiedObject.name>GCO_1</cim:IdentifiedObject.name>
  </cim:DiagramObject>
  <cim:DiagramObject rdf:ID="_088ee103-0dc1-b354-f311-466ce7e7a209">
    <cim:DiagramObject.Diagram rdf:resource="#_3b8f6945-ec8e-42d1-b62d-dc683009c139" />
    <cim:DiagramObject.IdentifiedObject rdf:resource="#_81dce898-dd5f-c1ad-933c-fa8dcfe5a004" />
    <cim:IdentifiedObject.name>GCO_1</cim:IdentifiedObject.name>
  </cim:DiagramObject>
  <cim:DiagramObject rdf:ID="_3b251089-d07e-5452-e786-17990e9d44c2">
    <cim:DiagramObject.Diagram rdf:resource="#_3b8f6945-ec8e-42d1-b62d-dc683009c139" />
    <cim:DiagramObject.IdentifiedObject rdf:resource="#_5e4bd9b7-8129-489b-9886-063f7a1f5628" />
    <cim:DiagramObject.rotation>270</cim:DiagramObject.rotation>
    <cim:IdentifiedObject.name>Graphical Net Object17</cim:IdentifiedObject.name>
  </cim:DiagramObject>
  <cim:DiagramObject rdf:ID="_17694bd4-4f10-4a2d-f5e7-0bfc11acd355">
    <cim:DiagramObject.Diagram rdf:resource="#_3b8f6945-ec8e-42d1-b62d-dc683009c139" />
    <cim:DiagramObject.IdentifiedObject rdf:resource="#_925bbee7-ddbc-4a69-aff2-49e9fe5e4e44" />
    <cim:IdentifiedObject.name>Graphical Net Object(1)</cim:IdentifiedObject.name>
  </cim:DiagramObject>
  <cim:DiagramObject rdf:ID="_43345534-f524-f52c-1474-fd25ee93dc70">
    <cim:DiagramObject.Diagram rdf:resource="#_3b8f6945-ec8e-42d1-b62d-dc683009c139" />
    <cim:DiagramObject.IdentifiedObject rdf:resource="#_26fea2a8-ad4d-4404-bffc-c636de71d883" />
    <cim:DiagramObject.rotation>180</cim:DiagramObject.rotation>
    <cim:IdentifiedObject.name>Graphical Net Object68</cim:IdentifiedObject.name>
  </cim:DiagramObject>
  <cim:DiagramObject rdf:ID="_b08e01e0-1f94-7249-7b22-4a20aa1cbe28">
    <cim:DiagramObject.Diagram rdf:resource="#_3b8f6945-ec8e-42d1-b62d-dc683009c139" />
    <cim:DiagramObject.IdentifiedObject rdf:resource="#_1de5d911-61b8-1019-1b29-9ab870ad9d47" />
    <cim:IdentifiedObject.name>GCO_1</cim:IdentifiedObject.name>
  </cim:DiagramObject>
  <cim:DiagramObject rdf:ID="_d58d797a-f96b-a1a0-92ef-b7ede1c48847">
    <cim:DiagramObject.Diagram rdf:resource="#_3b8f6945-ec8e-42d1-b62d-dc683009c139" />
    <cim:DiagramObject.IdentifiedObject rdf:resource="#_53c43e81-52fb-4d0f-8088-43e8d7bee5aa" />
    <cim:IdentifiedObject.name>Grafisches Netzelement</cim:IdentifiedObject.name>
  </cim:DiagramObject>
  <cim:DiagramObject rdf:ID="_39a760c3-217a-e4c9-22bd-aa6d6dcf81e9">
    <cim:DiagramObject.Diagram rdf:resource="#_3b8f6945-ec8e-42d1-b62d-dc683009c139" />
    <cim:DiagramObject.IdentifiedObject rdf:resource="#_ba8828dc-0f40-4bdc-91e4-b9fd0cedcde0" />
    <cim:IdentifiedObject.name>Graphical Net Object32</cim:IdentifiedObject.name>
  </cim:DiagramObject>
  <cim:DiagramObject rdf:ID="_b7cac964-5941-356c-b117-cb3f111c1f89">
    <cim:DiagramObject.Diagram rdf:resource="#_3b8f6945-ec8e-42d1-b62d-dc683009c139" />
    <cim:DiagramObject.IdentifiedObject rdf:resource="#_5e1317ef-d15e-7d92-6659-89bde1466435" />
    <cim:IdentifiedObject.name>GCO_1</cim:IdentifiedObject.name>
  </cim:DiagramObject>
  <cim:DiagramObject rdf:ID="_2e71f7fb-5c7b-bf61-dad1-40bf01a170b5">
    <cim:DiagramObject.Diagram rdf:resource="#_3b8f6945-ec8e-42d1-b62d-dc683009c139" />
    <cim:DiagramObject.IdentifiedObject rdf:resource="#_cd99b7cf-eef9-4a60-881f-919c7ed5ca97" />
    <cim:IdentifiedObject.name>Graphical Net Object28</cim:IdentifiedObject.name>
  </cim:DiagramObject>
  <cim:DiagramObject rdf:ID="_309d463f-e81d-c151-41e8-d150d1b7b9f4">
    <cim:DiagramObject.Diagram rdf:resource="#_3b8f6945-ec8e-42d1-b62d-dc683009c139" />
    <cim:DiagramObject.IdentifiedObject rdf:resource="#_ac94495b-3173-d7b6-672e-c904f39fcbc3" />
    <cim:IdentifiedObject.name>GCO_2</cim:IdentifiedObject.name>
  </cim:DiagramObject>
  <cim:DiagramObject rdf:ID="_08e936f1-c1ff-0230-5674-ccdbf3576440">
    <cim:DiagramObject.Diagram rdf:resource="#_3b8f6945-ec8e-42d1-b62d-dc683009c139" />
    <cim:DiagramObject.IdentifiedObject rdf:resource="#_b7bbb168-ae7c-6fb1-cfea-efe9346b839d" />
    <cim:IdentifiedObject.name>GCO_1</cim:IdentifiedObject.name>
  </cim:DiagramObject>
  <cim:DiagramObject rdf:ID="_e508fec0-0511-818b-bd8e-33cdfae21b3b">
    <cim:DiagramObject.Diagram rdf:resource="#_3b8f6945-ec8e-42d1-b62d-dc683009c139" />
    <cim:DiagramObject.IdentifiedObject rdf:resource="#_fbc37fbf-f9e5-e597-8469-530e33e33bfe" />
    <cim:IdentifiedObject.name>GCO_2</cim:IdentifiedObject.name>
  </cim:DiagramObject>
  <cim:DiagramObject rdf:ID="_0479abd2-e045-0c9d-5cd5-9404e0da8ea3">
    <cim:DiagramObject.Diagram rdf:resource="#_3b8f6945-ec8e-42d1-b62d-dc683009c139" />
    <cim:DiagramObject.IdentifiedObject rdf:resource="#_fee99927-836d-aa3b-57d1-d00a65a92847" />
    <cim:IdentifiedObject.name>GCO_1</cim:IdentifiedObject.name>
  </cim:DiagramObject>
  <cim:DiagramObject rdf:ID="_5c433234-70b8-2191-d3f0-230abaea2588">
    <cim:DiagramObject.Diagram rdf:resource="#_3b8f6945-ec8e-42d1-b62d-dc683009c139" />
    <cim:DiagramObject.IdentifiedObject rdf:resource="#_834700f1-9a72-4e24-9992-53de214a9b25" />
    <cim:IdentifiedObject.name>Grafisches Netzelement64(1)</cim:IdentifiedObject.name>
  </cim:DiagramObject>
  <cim:DiagramObject rdf:ID="_65f8be71-bd16-abd9-0de1-fa0ddccbda9a">
    <cim:DiagramObject.Diagram rdf:resource="#_3b8f6945-ec8e-42d1-b62d-dc683009c139" />
    <cim:DiagramObject.IdentifiedObject rdf:resource="#_52049e97-4ddd-1155-b0ed-9922cc2ca924" />
    <cim:IdentifiedObject.name>GCO_2</cim:IdentifiedObject.name>
  </cim:DiagramObject>
  <cim:DiagramObject rdf:ID="_63652d56-01a2-37ca-b604-4ac44e116e66">
    <cim:DiagramObject.Diagram rdf:resource="#_3b8f6945-ec8e-42d1-b62d-dc683009c139" />
    <cim:DiagramObject.IdentifiedObject rdf:resource="#_5c52f8f6-9505-3369-f3cd-cb4d1199011e" />
    <cim:IdentifiedObject.name>GCO_1</cim:IdentifiedObject.name>
  </cim:DiagramObject>
  <cim:DiagramObject rdf:ID="_d61ab846-01af-cd58-7ee8-604ed3154d42">
    <cim:DiagramObject.Diagram rdf:resource="#_3b8f6945-ec8e-42d1-b62d-dc683009c139" />
    <cim:DiagramObject.IdentifiedObject rdf:resource="#_1b3a8cdd-1986-06d7-e652-34b847ff5ddc" />
    <cim:IdentifiedObject.name>GCO_1</cim:IdentifiedObject.name>
  </cim:DiagramObject>
  <cim:DiagramObject rdf:ID="_07e1f7ed-e6ab-12c9-7285-1af8c2fd7a8e">
    <cim:DiagramObject.Diagram rdf:resource="#_3b8f6945-ec8e-42d1-b62d-dc683009c139" />
    <cim:DiagramObject.IdentifiedObject rdf:resource="#_8f911aaa-233e-c33a-b182-0ed36bfeed95" />
    <cim:IdentifiedObject.name>GCO_1</cim:IdentifiedObject.name>
  </cim:DiagramObject>
  <cim:DiagramObject rdf:ID="_89da8093-7dcc-605c-89c8-4c81519de6f3">
    <cim:DiagramObject.Diagram rdf:resource="#_3b8f6945-ec8e-42d1-b62d-dc683009c139" />
    <cim:DiagramObject.IdentifiedObject rdf:resource="#_e369c0a6-2cd6-29ca-bd74-ade6ad88e93a" />
    <cim:IdentifiedObject.name>GCO_1</cim:IdentifiedObject.name>
  </cim:DiagramObject>
  <cim:DiagramObject rdf:ID="_fab16124-72b2-d96d-cacd-1dfe0b594f2b">
    <cim:DiagramObject.Diagram rdf:resource="#_3b8f6945-ec8e-42d1-b62d-dc683009c139" />
    <cim:DiagramObject.IdentifiedObject rdf:resource="#_f467f074-dbb4-425d-bb50-a759fd2d65db" />
    <cim:IdentifiedObject.name>Grafisches Netzelement(1)</cim:IdentifiedObject.name>
  </cim:DiagramObject>
  <cim:DiagramObject rdf:ID="_3ec61fa4-286b-a00e-b158-76fcd3eceb20">
    <cim:DiagramObject.Diagram rdf:resource="#_3b8f6945-ec8e-42d1-b62d-dc683009c139" />
    <cim:DiagramObject.IdentifiedObject rdf:resource="#_b93d466d-f099-8004-5dfd-fcca57e399cf" />
    <cim:IdentifiedObject.name>GCO_1</cim:IdentifiedObject.name>
  </cim:DiagramObject>
  <cim:DiagramObject rdf:ID="_794bec91-821f-a105-b676-1db696846775">
    <cim:DiagramObject.Diagram rdf:resource="#_3b8f6945-ec8e-42d1-b62d-dc683009c139" />
    <cim:DiagramObject.IdentifiedObject rdf:resource="#_ddf05784-9f7c-4a58-94a3-e39685c31610" />
    <cim:IdentifiedObject.name>Graphical Net Object40</cim:IdentifiedObject.name>
  </cim:DiagramObject>
  <cim:DiagramObject rdf:ID="_9b2c38c5-c04c-ecf7-a1b5-7ceb0bd87900">
    <cim:DiagramObject.Diagram rdf:resource="#_3b8f6945-ec8e-42d1-b62d-dc683009c139" />
    <cim:DiagramObject.IdentifiedObject rdf:resource="#_30672598-b90b-41a5-563f-0259b2f7dc27" />
    <cim:IdentifiedObject.name>GCO_1</cim:IdentifiedObject.name>
  </cim:DiagramObject>
  <cim:DiagramObject rdf:ID="_0dbf68a6-f01f-c240-672d-aaec5c0ef0fb">
    <cim:DiagramObject.Diagram rdf:resource="#_3b8f6945-ec8e-42d1-b62d-dc683009c139" />
    <cim:DiagramObject.IdentifiedObject rdf:resource="#_4e4ad936-bc53-722a-2070-1fa5dafa0632" />
    <cim:IdentifiedObject.name>GCO_2</cim:IdentifiedObject.name>
  </cim:DiagramObject>
  <cim:DiagramObject rdf:ID="_2d7639cb-85bc-e879-091a-23572d00cd95">
    <cim:DiagramObject.Diagram rdf:resource="#_3b8f6945-ec8e-42d1-b62d-dc683009c139" />
    <cim:DiagramObject.IdentifiedObject rdf:resource="#_26f657fc-b23f-40f2-966f-08658e88eea5" />
    <cim:IdentifiedObject.name>Graphical Net Object15</cim:IdentifiedObject.name>
  </cim:DiagramObject>
  <cim:DiagramObject rdf:ID="_0462f399-67ea-674b-3dbc-217f2748920e">
    <cim:DiagramObject.Diagram rdf:resource="#_3b8f6945-ec8e-42d1-b62d-dc683009c139" />
    <cim:DiagramObject.IdentifiedObject rdf:resource="#_d50a45e7-f86d-e8f3-067b-d0947235a35f" />
    <cim:IdentifiedObject.name>GCO_1</cim:IdentifiedObject.name>
  </cim:DiagramObject>
  <cim:DiagramObject rdf:ID="_a4451392-67f8-ad40-7134-ad5725884858">
    <cim:DiagramObject.Diagram rdf:resource="#_3b8f6945-ec8e-42d1-b62d-dc683009c139" />
    <cim:DiagramObject.IdentifiedObject rdf:resource="#_c9fa0f37-d694-4766-aaaf-1907df16492e" />
    <cim:IdentifiedObject.name>Graphical Net Object4</cim:IdentifiedObject.name>
  </cim:DiagramObject>
  <cim:DiagramObject rdf:ID="_525045e5-7fb1-fbb5-57f5-1afac788ff06">
    <cim:DiagramObject.Diagram rdf:resource="#_3b8f6945-ec8e-42d1-b62d-dc683009c139" />
    <cim:DiagramObject.IdentifiedObject rdf:resource="#_e701066b-2ea4-21a2-f924-8b241fc7adae" />
    <cim:IdentifiedObject.name>GCO_1</cim:IdentifiedObject.name>
  </cim:DiagramObject>
  <cim:DiagramObject rdf:ID="_0bd4772a-ce09-ce96-6c2e-a70fe8564bb1">
    <cim:DiagramObject.Diagram rdf:resource="#_3b8f6945-ec8e-42d1-b62d-dc683009c139" />
    <cim:DiagramObject.IdentifiedObject rdf:resource="#_ef9bdd8d-983c-4906-89f1-911cbe345459" />
    <cim:IdentifiedObject.name>Graphical Net Object(7)</cim:IdentifiedObject.name>
  </cim:DiagramObject>
  <cim:DiagramObject rdf:ID="_a009ab51-94e4-2937-341c-f52288de6202">
    <cim:DiagramObject.Diagram rdf:resource="#_3b8f6945-ec8e-42d1-b62d-dc683009c139" />
    <cim:DiagramObject.IdentifiedObject rdf:resource="#_1cfa85be-09a0-4450-88e6-c3570cce69ad" />
    <cim:IdentifiedObject.name>Graphical Net Object37</cim:IdentifiedObject.name>
  </cim:DiagramObject>
  <cim:DiagramObject rdf:ID="_1c751b8a-63c8-f00f-afef-e2c3a08ca7d6">
    <cim:DiagramObject.Diagram rdf:resource="#_3b8f6945-ec8e-42d1-b62d-dc683009c139" />
    <cim:DiagramObject.IdentifiedObject rdf:resource="#_94514c05-aa4d-45df-9946-a54f9fbf1a7a" />
    <cim:DiagramObject.rotation>270</cim:DiagramObject.rotation>
    <cim:IdentifiedObject.name>Graphical Net Object53</cim:IdentifiedObject.name>
  </cim:DiagramObject>
  <cim:DiagramObject rdf:ID="_cb217040-98f1-ca18-09ed-ebbb5232f3c4">
    <cim:DiagramObject.Diagram rdf:resource="#_3b8f6945-ec8e-42d1-b62d-dc683009c139" />
    <cim:DiagramObject.IdentifiedObject rdf:resource="#_753dcb79-d1cc-4255-b0b5-f8e346ededd3" />
    <cim:IdentifiedObject.name>Graphical Net Object(3)</cim:IdentifiedObject.name>
  </cim:DiagramObject>
  <cim:DiagramObjectPoint rdf:ID="_475baab6-48fc-ed4f-63eb-8f79636f21fd">
    <cim:DiagramObjectPoint.DiagramObject rdf:resource="#_f68d3cc9-8d4d-b29d-3941-c2079669d11d" />
    <cim:DiagramObjectPoint.sequenceNumber>2</cim:DiagramObjectPoint.sequenceNumber>
    <cim:DiagramObjectPoint.xPosition>144.375</cim:DiagramObjectPoint.xPosition>
    <cim:DiagramObjectPoint.yPosition>105</cim:DiagramObjectPoint.yPosition>
  </cim:DiagramObjectPoint>
  <cim:DiagramObjectPoint rdf:ID="_354aecb2-11af-fe33-1f08-8fc797aa30e7">
    <cim:DiagramObjectPoint.DiagramObject rdf:resource="#_bb7addab-cd04-16e2-cdef-1628a2857bf9" />
    <cim:DiagramObjectPoint.sequenceNumber>1</cim:DiagramObjectPoint.sequenceNumber>
    <cim:DiagramObjectPoint.xPosition>8.74999</cim:DiagramObjectPoint.xPosition>
    <cim:DiagramObjectPoint.yPosition>144.375</cim:DiagramObjectPoint.yPosition>
  </cim:DiagramObjectPoint>
  <cim:DiagramObjectPoint rdf:ID="_96984a81-2051-24fd-a0e4-cee144272ef3">
    <cim:DiagramObjectPoint.DiagramObject rdf:resource="#_39a760c3-217a-e4c9-22bd-aa6d6dcf81e9" />
    <cim:DiagramObjectPoint.sequenceNumber>1</cim:DiagramObjectPoint.sequenceNumber>
    <cim:DiagramObjectPoint.xPosition>100.625</cim:DiagramObjectPoint.xPosition>
    <cim:DiagramObjectPoint.yPosition>144.375</cim:DiagramObjectPoint.yPosition>
  </cim:DiagramObjectPoint>
  <cim:DiagramObjectPoint rdf:ID="_231a109c-4ada-31ab-73fb-68e3446778d5">
    <cim:DiagramObjectPoint.DiagramObject rdf:resource="#_0d5d39ee-a514-6eb9-b49f-5a42a538c185" />
    <cim:DiagramObjectPoint.sequenceNumber>2</cim:DiagramObjectPoint.sequenceNumber>
    <cim:DiagramObjectPoint.xPosition>214.375</cim:DiagramObjectPoint.xPosition>
    <cim:DiagramObjectPoint.yPosition>157.5</cim:DiagramObjectPoint.yPosition>
  </cim:DiagramObjectPoint>
  <cim:DiagramObjectPoint rdf:ID="_4830abd1-eb41-0943-e948-22427deec63e">
    <cim:DiagramObjectPoint.DiagramObject rdf:resource="#_da98ecc0-abc8-9a29-d098-0518ca98be0e" />
    <cim:DiagramObjectPoint.sequenceNumber>1</cim:DiagramObjectPoint.sequenceNumber>
    <cim:DiagramObjectPoint.xPosition>262.5</cim:DiagramObjectPoint.xPosition>
    <cim:DiagramObjectPoint.yPosition>113.75</cim:DiagramObjectPoint.yPosition>
  </cim:DiagramObjectPoint>
  <cim:DiagramObjectPoint rdf:ID="_d2036bb5-43b0-f305-d689-b5e09bf90f73">
    <cim:DiagramObjectPoint.DiagramObject rdf:resource="#_6d08d7dc-d208-9ceb-dff6-24bb801531ec" />
    <cim:DiagramObjectPoint.sequenceNumber>1</cim:DiagramObjectPoint.sequenceNumber>
    <cim:DiagramObjectPoint.xPosition>161.875</cim:DiagramObjectPoint.xPosition>
    <cim:DiagramObjectPoint.yPosition>126.875</cim:DiagramObjectPoint.yPosition>
  </cim:DiagramObjectPoint>
  <cim:DiagramObjectPoint rdf:ID="_dc141166-8670-0add-3767-60f278da5720">
    <cim:DiagramObjectPoint.DiagramObject rdf:resource="#_fc2ef9f6-8fe5-1861-9728-14a254db67d3" />
    <cim:DiagramObjectPoint.sequenceNumber>1</cim:DiagramObjectPoint.sequenceNumber>
    <cim:DiagramObjectPoint.xPosition>83.125</cim:DiagramObjectPoint.xPosition>
    <cim:DiagramObjectPoint.yPosition>144.375</cim:DiagramObjectPoint.yPosition>
  </cim:DiagramObjectPoint>
  <cim:DiagramObjectPoint rdf:ID="_0ccf9295-1190-1689-b6cd-96e0fa7be9ce">
    <cim:DiagramObjectPoint.DiagramObject rdf:resource="#_f68d3cc9-8d4d-b29d-3941-c2079669d11d" />
    <cim:DiagramObjectPoint.sequenceNumber>4</cim:DiagramObjectPoint.sequenceNumber>
    <cim:DiagramObjectPoint.xPosition>105</cim:DiagramObjectPoint.xPosition>
    <cim:DiagramObjectPoint.yPosition>91.875</cim:DiagramObjectPoint.yPosition>
  </cim:DiagramObjectPoint>
  <cim:DiagramObjectPoint rdf:ID="_9afd6db7-7f4b-6b76-e2ad-868d368dc2ae">
    <cim:DiagramObjectPoint.DiagramObject rdf:resource="#_e594f2b9-a92a-01ad-01c5-d3f58829bd92" />
    <cim:DiagramObjectPoint.sequenceNumber>1</cim:DiagramObjectPoint.sequenceNumber>
    <cim:DiagramObjectPoint.xPosition>161.875</cim:DiagramObjectPoint.xPosition>
    <cim:DiagramObjectPoint.yPosition>131.25</cim:DiagramObjectPoint.yPosition>
  </cim:DiagramObjectPoint>
  <cim:DiagramObjectPoint rdf:ID="_4b8792a3-db37-cbf4-5b85-31b6510588e5">
    <cim:DiagramObjectPoint.DiagramObject rdf:resource="#_08fc21fa-4be2-88d1-fb1e-2a14166fae8c" />
    <cim:DiagramObjectPoint.sequenceNumber>1</cim:DiagramObjectPoint.sequenceNumber>
    <cim:DiagramObjectPoint.xPosition>166.25</cim:DiagramObjectPoint.xPosition>
    <cim:DiagramObjectPoint.yPosition>41.5625</cim:DiagramObjectPoint.yPosition>
  </cim:DiagramObjectPoint>
  <cim:DiagramObjectPoint rdf:ID="_c42cdca6-a240-8830-17e4-014dd05fa424">
    <cim:DiagramObjectPoint.DiagramObject rdf:resource="#_f20563a2-be85-f413-f800-e6a1e7da4877" />
    <cim:DiagramObjectPoint.sequenceNumber>3</cim:DiagramObjectPoint.sequenceNumber>
    <cim:DiagramObjectPoint.xPosition>210</cim:DiagramObjectPoint.xPosition>
    <cim:DiagramObjectPoint.yPosition>91.875</cim:DiagramObjectPoint.yPosition>
  </cim:DiagramObjectPoint>
  <cim:DiagramObjectPoint rdf:ID="_e9685dfe-a73e-1c17-dfe4-c13c18bba7ae">
    <cim:DiagramObjectPoint.DiagramObject rdf:resource="#_c7353ac9-c7d4-f0ea-429b-611706eeb24b" />
    <cim:DiagramObjectPoint.sequenceNumber>2</cim:DiagramObjectPoint.sequenceNumber>
    <cim:DiagramObjectPoint.xPosition>48.125</cim:DiagramObjectPoint.xPosition>
    <cim:DiagramObjectPoint.yPosition>91.875</cim:DiagramObjectPoint.yPosition>
  </cim:DiagramObjectPoint>
  <cim:DiagramObjectPoint rdf:ID="_10c72a43-ba62-dbb3-11e9-202fea39f915">
    <cim:DiagramObjectPoint.DiagramObject rdf:resource="#_525045e5-7fb1-fbb5-57f5-1afac788ff06" />
    <cim:DiagramObjectPoint.sequenceNumber>1</cim:DiagramObjectPoint.sequenceNumber>
    <cim:DiagramObjectPoint.xPosition>175</cim:DiagramObjectPoint.xPosition>
    <cim:DiagramObjectPoint.yPosition>140</cim:DiagramObjectPoint.yPosition>
  </cim:DiagramObjectPoint>
  <cim:DiagramObjectPoint rdf:ID="_22f01530-8263-71ba-21be-c8b312cc1a43">
    <cim:DiagramObjectPoint.DiagramObject rdf:resource="#_b08e01e0-1f94-7249-7b22-4a20aa1cbe28" />
    <cim:DiagramObjectPoint.sequenceNumber>1</cim:DiagramObjectPoint.sequenceNumber>
    <cim:DiagramObjectPoint.xPosition>96.25</cim:DiagramObjectPoint.xPosition>
    <cim:DiagramObjectPoint.yPosition>109.375</cim:DiagramObjectPoint.yPosition>
  </cim:DiagramObjectPoint>
  <cim:DiagramObjectPoint rdf:ID="_d91a6a15-6189-021d-cfe3-7df155311f36">
    <cim:DiagramObjectPoint.DiagramObject rdf:resource="#_ab2c258a-b2a8-ca0e-94f3-49a8c00a1fe6" />
    <cim:DiagramObjectPoint.sequenceNumber>1</cim:DiagramObjectPoint.sequenceNumber>
    <cim:DiagramObjectPoint.xPosition>153.125</cim:DiagramObjectPoint.xPosition>
    <cim:DiagramObjectPoint.yPosition>126.875</cim:DiagramObjectPoint.yPosition>
  </cim:DiagramObjectPoint>
  <cim:DiagramObjectPoint rdf:ID="_1aba1e04-2cf6-ab8f-0a68-b0b819dac1ae">
    <cim:DiagramObjectPoint.DiagramObject rdf:resource="#_878583fe-7fb9-e28c-f131-12d74c08b9b4" />
    <cim:DiagramObjectPoint.sequenceNumber>1</cim:DiagramObjectPoint.sequenceNumber>
    <cim:DiagramObjectPoint.xPosition>245</cim:DiagramObjectPoint.xPosition>
    <cim:DiagramObjectPoint.yPosition>144.375</cim:DiagramObjectPoint.yPosition>
  </cim:DiagramObjectPoint>
  <cim:DiagramObjectPoint rdf:ID="_0458125e-66d3-d797-09ac-20b415461a71">
    <cim:DiagramObjectPoint.DiagramObject rdf:resource="#_89da8093-7dcc-605c-89c8-4c81519de6f3" />
    <cim:DiagramObjectPoint.sequenceNumber>2</cim:DiagramObjectPoint.sequenceNumber>
    <cim:DiagramObjectPoint.xPosition>153.125</cim:DiagramObjectPoint.xPosition>
    <cim:DiagramObjectPoint.yPosition>26.25</cim:DiagramObjectPoint.yPosition>
  </cim:DiagramObjectPoint>
  <cim:DiagramObjectPoint rdf:ID="_8083c181-c802-efcb-79ae-f7f1a78282ee">
    <cim:DiagramObjectPoint.DiagramObject rdf:resource="#_d61ab846-01af-cd58-7ee8-604ed3154d42" />
    <cim:DiagramObjectPoint.sequenceNumber>1</cim:DiagramObjectPoint.sequenceNumber>
    <cim:DiagramObjectPoint.xPosition>157.5</cim:DiagramObjectPoint.xPosition>
    <cim:DiagramObjectPoint.yPosition>131.25</cim:DiagramObjectPoint.yPosition>
  </cim:DiagramObjectPoint>
  <cim:DiagramObjectPoint rdf:ID="_5eceddf3-99d4-a1ed-058f-7c4a630330d1">
    <cim:DiagramObjectPoint.DiagramObject rdf:resource="#_d047758a-570b-cd2f-03cb-067b699a21bf" />
    <cim:DiagramObjectPoint.sequenceNumber>1</cim:DiagramObjectPoint.sequenceNumber>
    <cim:DiagramObjectPoint.xPosition>35</cim:DiagramObjectPoint.xPosition>
    <cim:DiagramObjectPoint.yPosition>109.375</cim:DiagramObjectPoint.yPosition>
  </cim:DiagramObjectPoint>
  <cim:DiagramObjectPoint rdf:ID="_1090e71e-7ddb-a22f-196c-bffd2f2ddd25">
    <cim:DiagramObjectPoint.DiagramObject rdf:resource="#_08e936f1-c1ff-0230-5674-ccdbf3576440" />
    <cim:DiagramObjectPoint.sequenceNumber>1</cim:DiagramObjectPoint.sequenceNumber>
    <cim:DiagramObjectPoint.xPosition>96.25</cim:DiagramObjectPoint.xPosition>
    <cim:DiagramObjectPoint.yPosition>196.875</cim:DiagramObjectPoint.yPosition>
  </cim:DiagramObjectPoint>
  <cim:DiagramObjectPoint rdf:ID="_8ad5413f-40b7-7b96-2bc6-7d968c726bad">
    <cim:DiagramObjectPoint.DiagramObject rdf:resource="#_0d5d39ee-a514-6eb9-b49f-5a42a538c185" />
    <cim:DiagramObjectPoint.sequenceNumber>4</cim:DiagramObjectPoint.sequenceNumber>
    <cim:DiagramObjectPoint.xPosition>258.125</cim:DiagramObjectPoint.xPosition>
    <cim:DiagramObjectPoint.yPosition>144.375</cim:DiagramObjectPoint.yPosition>
  </cim:DiagramObjectPoint>
  <cim:DiagramObjectPoint rdf:ID="_dd02e057-4e4c-dfb2-a540-21376ca39f89">
    <cim:DiagramObjectPoint.DiagramObject rdf:resource="#_5915e242-c53f-9a01-f47d-0bc68eea2f50" />
    <cim:DiagramObjectPoint.sequenceNumber>2</cim:DiagramObjectPoint.sequenceNumber>
    <cim:DiagramObjectPoint.xPosition>170.625</cim:DiagramObjectPoint.xPosition>
    <cim:DiagramObjectPoint.yPosition>56.875</cim:DiagramObjectPoint.yPosition>
  </cim:DiagramObjectPoint>
  <cim:DiagramObjectPoint rdf:ID="_92f28d1b-fb2c-0c9b-57eb-72694cdd4d6d">
    <cim:DiagramObjectPoint.DiagramObject rdf:resource="#_f68d3cc9-8d4d-b29d-3941-c2079669d11d" />
    <cim:DiagramObjectPoint.sequenceNumber>1</cim:DiagramObjectPoint.sequenceNumber>
    <cim:DiagramObjectPoint.xPosition>144.375</cim:DiagramObjectPoint.xPosition>
    <cim:DiagramObjectPoint.yPosition>91.875</cim:DiagramObjectPoint.yPosition>
  </cim:DiagramObjectPoint>
  <cim:DiagramObjectPoint rdf:ID="_ab2ffbcb-3ad8-fbde-1f37-7a93a916e336">
    <cim:DiagramObjectPoint.DiagramObject rdf:resource="#_f346a2c7-dc1b-374b-59ba-d03a790c91cd" />
    <cim:DiagramObjectPoint.sequenceNumber>1</cim:DiagramObjectPoint.sequenceNumber>
    <cim:DiagramObjectPoint.xPosition>161.875</cim:DiagramObjectPoint.xPosition>
    <cim:DiagramObjectPoint.yPosition>113.75</cim:DiagramObjectPoint.yPosition>
  </cim:DiagramObjectPoint>
  <cim:DiagramObjectPoint rdf:ID="_f257501a-2973-df86-87ac-73d20d75116c">
    <cim:DiagramObjectPoint.DiagramObject rdf:resource="#_2d8099de-8e9c-8bfe-44e3-9381776c706f" />
    <cim:DiagramObjectPoint.sequenceNumber>2</cim:DiagramObjectPoint.sequenceNumber>
    <cim:DiagramObjectPoint.xPosition>113.75</cim:DiagramObjectPoint.xPosition>
    <cim:DiagramObjectPoint.yPosition>144.375</cim:DiagramObjectPoint.yPosition>
  </cim:DiagramObjectPoint>
  <cim:DiagramObjectPoint rdf:ID="_d5ed636c-492a-eefa-8122-4c36ce898a88">
    <cim:DiagramObjectPoint.DiagramObject rdf:resource="#_6d275d49-66b0-85fd-ea4b-9136cab5d6c8" />
    <cim:DiagramObjectPoint.sequenceNumber>1</cim:DiagramObjectPoint.sequenceNumber>
    <cim:DiagramObjectPoint.xPosition>140</cim:DiagramObjectPoint.xPosition>
    <cim:DiagramObjectPoint.yPosition>41.5625</cim:DiagramObjectPoint.yPosition>
  </cim:DiagramObjectPoint>
  <cim:DiagramObjectPoint rdf:ID="_c5c7512d-de6c-b531-cf52-94a777de9c84">
    <cim:DiagramObjectPoint.DiagramObject rdf:resource="#_e508fec0-0511-818b-bd8e-33cdfae21b3b" />
    <cim:DiagramObjectPoint.sequenceNumber>2</cim:DiagramObjectPoint.sequenceNumber>
    <cim:DiagramObjectPoint.xPosition>192.5</cim:DiagramObjectPoint.xPosition>
    <cim:DiagramObjectPoint.yPosition>140</cim:DiagramObjectPoint.yPosition>
  </cim:DiagramObjectPoint>
  <cim:DiagramObjectPoint rdf:ID="_c60b7f39-e661-f770-f2e8-d73bcab181ab">
    <cim:DiagramObjectPoint.DiagramObject rdf:resource="#_e508fec0-0511-818b-bd8e-33cdfae21b3b" />
    <cim:DiagramObjectPoint.sequenceNumber>1</cim:DiagramObjectPoint.sequenceNumber>
    <cim:DiagramObjectPoint.xPosition>179.375</cim:DiagramObjectPoint.xPosition>
    <cim:DiagramObjectPoint.yPosition>140</cim:DiagramObjectPoint.yPosition>
  </cim:DiagramObjectPoint>
  <cim:DiagramObjectPoint rdf:ID="_2ecae358-c90c-f86a-32ab-668947c5aabe">
    <cim:DiagramObjectPoint.DiagramObject rdf:resource="#_2d8099de-8e9c-8bfe-44e3-9381776c706f" />
    <cim:DiagramObjectPoint.sequenceNumber>1</cim:DiagramObjectPoint.sequenceNumber>
    <cim:DiagramObjectPoint.xPosition>70</cim:DiagramObjectPoint.xPosition>
    <cim:DiagramObjectPoint.yPosition>144.375</cim:DiagramObjectPoint.yPosition>
  </cim:DiagramObjectPoint>
  <cim:DiagramObjectPoint rdf:ID="_3839f0b3-fa64-a3a0-7664-b56197475b2b">
    <cim:DiagramObjectPoint.DiagramObject rdf:resource="#_0dbf68a6-f01f-c240-672d-aaec5c0ef0fb" />
    <cim:DiagramObjectPoint.sequenceNumber>2</cim:DiagramObjectPoint.sequenceNumber>
    <cim:DiagramObjectPoint.xPosition>253.75</cim:DiagramObjectPoint.xPosition>
    <cim:DiagramObjectPoint.yPosition>105</cim:DiagramObjectPoint.yPosition>
  </cim:DiagramObjectPoint>
  <cim:DiagramObjectPoint rdf:ID="_da36eff0-c4f1-8e38-f42e-683ccf36b111">
    <cim:DiagramObjectPoint.DiagramObject rdf:resource="#_cb217040-98f1-ca18-09ed-ebbb5232f3c4" />
    <cim:DiagramObjectPoint.sequenceNumber>1</cim:DiagramObjectPoint.sequenceNumber>
    <cim:DiagramObjectPoint.xPosition>153.125</cim:DiagramObjectPoint.xPosition>
    <cim:DiagramObjectPoint.yPosition>118.125</cim:DiagramObjectPoint.yPosition>
  </cim:DiagramObjectPoint>
  <cim:DiagramObjectPoint rdf:ID="_4904a843-425d-0557-9cf8-e7cf3babacb8">
    <cim:DiagramObjectPoint.DiagramObject rdf:resource="#_76e70c76-1255-fc06-a154-3485bce0221c" />
    <cim:DiagramObjectPoint.sequenceNumber>2</cim:DiagramObjectPoint.sequenceNumber>
    <cim:DiagramObjectPoint.xPosition>183.75</cim:DiagramObjectPoint.xPosition>
    <cim:DiagramObjectPoint.yPosition>26.25</cim:DiagramObjectPoint.yPosition>
  </cim:DiagramObjectPoint>
  <cim:DiagramObjectPoint rdf:ID="_3220e70b-7f94-cf63-6e86-d90669e77ebe">
    <cim:DiagramObjectPoint.DiagramObject rdf:resource="#_9da2ad44-9d6e-3e2a-4c6f-554b6c2091da" />
    <cim:DiagramObjectPoint.sequenceNumber>1</cim:DiagramObjectPoint.sequenceNumber>
    <cim:DiagramObjectPoint.xPosition>161.875</cim:DiagramObjectPoint.xPosition>
    <cim:DiagramObjectPoint.yPosition>122.5</cim:DiagramObjectPoint.yPosition>
  </cim:DiagramObjectPoint>
  <cim:DiagramObjectPoint rdf:ID="_16eec5bb-6bf1-ec55-4021-5d8b4fe0c303">
    <cim:DiagramObjectPoint.DiagramObject rdf:resource="#_a4451392-67f8-ad40-7134-ad5725884858" />
    <cim:DiagramObjectPoint.sequenceNumber>2</cim:DiagramObjectPoint.sequenceNumber>
    <cim:DiagramObjectPoint.xPosition>166.25</cim:DiagramObjectPoint.xPosition>
    <cim:DiagramObjectPoint.yPosition>91.875</cim:DiagramObjectPoint.yPosition>
  </cim:DiagramObjectPoint>
  <cim:DiagramObjectPoint rdf:ID="_25e1f8a3-fc76-3e0b-3638-14930508cb17">
    <cim:DiagramObjectPoint.DiagramObject rdf:resource="#_0d5d39ee-a514-6eb9-b49f-5a42a538c185" />
    <cim:DiagramObjectPoint.sequenceNumber>1</cim:DiagramObjectPoint.sequenceNumber>
    <cim:DiagramObjectPoint.xPosition>214.375</cim:DiagramObjectPoint.xPosition>
    <cim:DiagramObjectPoint.yPosition>144.375</cim:DiagramObjectPoint.yPosition>
  </cim:DiagramObjectPoint>
  <cim:DiagramObjectPoint rdf:ID="_a763e4f3-af58-2824-49a8-f001e217437e">
    <cim:DiagramObjectPoint.DiagramObject rdf:resource="#_d58d797a-f96b-a1a0-92ef-b7ede1c48847" />
    <cim:DiagramObjectPoint.sequenceNumber>1</cim:DiagramObjectPoint.sequenceNumber>
    <cim:DiagramObjectPoint.xPosition>153.125</cim:DiagramObjectPoint.xPosition>
    <cim:DiagramObjectPoint.yPosition>122.5</cim:DiagramObjectPoint.yPosition>
  </cim:DiagramObjectPoint>
  <cim:DiagramObjectPoint rdf:ID="_764b0d3b-326b-bb74-1839-03e9d106698f">
    <cim:DiagramObjectPoint.DiagramObject rdf:resource="#_17694bd4-4f10-4a2d-f5e7-0bfc11acd355" />
    <cim:DiagramObjectPoint.sequenceNumber>1</cim:DiagramObjectPoint.sequenceNumber>
    <cim:DiagramObjectPoint.xPosition>153.125</cim:DiagramObjectPoint.xPosition>
    <cim:DiagramObjectPoint.yPosition>113.75</cim:DiagramObjectPoint.yPosition>
  </cim:DiagramObjectPoint>
  <cim:DiagramObjectPoint rdf:ID="_b665ba3a-0d5b-3ee9-89bd-bafcd962adc3">
    <cim:DiagramObjectPoint.DiagramObject rdf:resource="#_c964fbed-14fd-f747-2ca0-cf76a1d439be" />
    <cim:DiagramObjectPoint.sequenceNumber>1</cim:DiagramObjectPoint.sequenceNumber>
    <cim:DiagramObjectPoint.xPosition>96.25</cim:DiagramObjectPoint.xPosition>
    <cim:DiagramObjectPoint.yPosition>113.75</cim:DiagramObjectPoint.yPosition>
  </cim:DiagramObjectPoint>
  <cim:DiagramObjectPoint rdf:ID="_6fb17781-6913-d444-954a-83c9c88eb699">
    <cim:DiagramObjectPoint.DiagramObject rdf:resource="#_b7cac964-5941-356c-b117-cb3f111c1f89" />
    <cim:DiagramObjectPoint.sequenceNumber>2</cim:DiagramObjectPoint.sequenceNumber>
    <cim:DiagramObjectPoint.xPosition>153.125</cim:DiagramObjectPoint.xPosition>
    <cim:DiagramObjectPoint.yPosition>26.25</cim:DiagramObjectPoint.yPosition>
  </cim:DiagramObjectPoint>
  <cim:DiagramObjectPoint rdf:ID="_5b9b519b-b589-77c2-8123-64d2986b24d7">
    <cim:DiagramObjectPoint.DiagramObject rdf:resource="#_89da8093-7dcc-605c-89c8-4c81519de6f3" />
    <cim:DiagramObjectPoint.sequenceNumber>1</cim:DiagramObjectPoint.sequenceNumber>
    <cim:DiagramObjectPoint.xPosition>153.125</cim:DiagramObjectPoint.xPosition>
    <cim:DiagramObjectPoint.yPosition>37.1875</cim:DiagramObjectPoint.yPosition>
  </cim:DiagramObjectPoint>
  <cim:DiagramObjectPoint rdf:ID="_bd82019a-c2a1-3961-54b9-e1003fe20129">
    <cim:DiagramObjectPoint.DiagramObject rdf:resource="#_2306dbda-f292-bac6-44d1-910ba32755bf" />
    <cim:DiagramObjectPoint.sequenceNumber>2</cim:DiagramObjectPoint.sequenceNumber>
    <cim:DiagramObjectPoint.xPosition>153.125</cim:DiagramObjectPoint.xPosition>
    <cim:DiagramObjectPoint.yPosition>118.125</cim:DiagramObjectPoint.yPosition>
  </cim:DiagramObjectPoint>
  <cim:DiagramObjectPoint rdf:ID="_7a88fb99-9026-f341-9ee8-bd32494cedba">
    <cim:DiagramObjectPoint.DiagramObject rdf:resource="#_c7353ac9-c7d4-f0ea-429b-611706eeb24b" />
    <cim:DiagramObjectPoint.sequenceNumber>1</cim:DiagramObjectPoint.sequenceNumber>
    <cim:DiagramObjectPoint.xPosition>21.875</cim:DiagramObjectPoint.xPosition>
    <cim:DiagramObjectPoint.yPosition>91.875</cim:DiagramObjectPoint.yPosition>
  </cim:DiagramObjectPoint>
  <cim:DiagramObjectPoint rdf:ID="_c7a00a91-9375-04b5-cb2c-e68e524b2d47">
    <cim:DiagramObjectPoint.DiagramObject rdf:resource="#_fab16124-72b2-d96d-cacd-1dfe0b594f2b" />
    <cim:DiagramObjectPoint.sequenceNumber>2</cim:DiagramObjectPoint.sequenceNumber>
    <cim:DiagramObjectPoint.xPosition>153.125</cim:DiagramObjectPoint.xPosition>
    <cim:DiagramObjectPoint.yPosition>126.875</cim:DiagramObjectPoint.yPosition>
  </cim:DiagramObjectPoint>
  <cim:DiagramObjectPoint rdf:ID="_b822bbaa-f2a1-1939-e473-147235464391">
    <cim:DiagramObjectPoint.DiagramObject rdf:resource="#_c9360826-4a42-a861-6bfd-07dc5251bb7f" />
    <cim:DiagramObjectPoint.sequenceNumber>2</cim:DiagramObjectPoint.sequenceNumber>
    <cim:DiagramObjectPoint.xPosition>275.625</cim:DiagramObjectPoint.xPosition>
    <cim:DiagramObjectPoint.yPosition>144.375</cim:DiagramObjectPoint.yPosition>
  </cim:DiagramObjectPoint>
  <cim:DiagramObjectPoint rdf:ID="_28c93c52-fc1e-619a-baae-fb3058adb7d8">
    <cim:DiagramObjectPoint.DiagramObject rdf:resource="#_878583fe-7fb9-e28c-f131-12d74c08b9b4" />
    <cim:DiagramObjectPoint.sequenceNumber>2</cim:DiagramObjectPoint.sequenceNumber>
    <cim:DiagramObjectPoint.xPosition>288.75</cim:DiagramObjectPoint.xPosition>
    <cim:DiagramObjectPoint.yPosition>144.375</cim:DiagramObjectPoint.yPosition>
  </cim:DiagramObjectPoint>
  <cim:DiagramObjectPoint rdf:ID="_6a1b6a5b-1b92-70d4-a959-c4b7a01ac81f">
    <cim:DiagramObjectPoint.DiagramObject rdf:resource="#_39a760c3-217a-e4c9-22bd-aa6d6dcf81e9" />
    <cim:DiagramObjectPoint.sequenceNumber>2</cim:DiagramObjectPoint.sequenceNumber>
    <cim:DiagramObjectPoint.xPosition>100.625</cim:DiagramObjectPoint.xPosition>
    <cim:DiagramObjectPoint.yPosition>183.75</cim:DiagramObjectPoint.yPosition>
  </cim:DiagramObjectPoint>
  <cim:DiagramObjectPoint rdf:ID="_29690242-4f12-092e-079d-714096c37a85">
    <cim:DiagramObjectPoint.DiagramObject rdf:resource="#_c9360826-4a42-a861-6bfd-07dc5251bb7f" />
    <cim:DiagramObjectPoint.sequenceNumber>1</cim:DiagramObjectPoint.sequenceNumber>
    <cim:DiagramObjectPoint.xPosition>275.625</cim:DiagramObjectPoint.xPosition>
    <cim:DiagramObjectPoint.yPosition>157.5</cim:DiagramObjectPoint.yPosition>
  </cim:DiagramObjectPoint>
  <cim:DiagramObjectPoint rdf:ID="_565a7705-8892-8335-147a-1b768f48204e">
    <cim:DiagramObjectPoint.DiagramObject rdf:resource="#_5c433234-70b8-2191-d3f0-230abaea2588" />
    <cim:DiagramObjectPoint.sequenceNumber>1</cim:DiagramObjectPoint.sequenceNumber>
    <cim:DiagramObjectPoint.xPosition>153.125</cim:DiagramObjectPoint.xPosition>
    <cim:DiagramObjectPoint.yPosition>41.5625</cim:DiagramObjectPoint.yPosition>
  </cim:DiagramObjectPoint>
  <cim:DiagramObjectPoint rdf:ID="_c7d701bf-5928-08dd-9b45-07075038f680">
    <cim:DiagramObjectPoint.DiagramObject rdf:resource="#_a009ab51-94e4-2937-341c-f52288de6202" />
    <cim:DiagramObjectPoint.sequenceNumber>1</cim:DiagramObjectPoint.sequenceNumber>
    <cim:DiagramObjectPoint.xPosition>153.125</cim:DiagramObjectPoint.xPosition>
    <cim:DiagramObjectPoint.yPosition>144.375</cim:DiagramObjectPoint.yPosition>
  </cim:DiagramObjectPoint>
  <cim:DiagramObjectPoint rdf:ID="_9cbbe6e5-d715-ffde-f49f-eebc4e104b31">
    <cim:DiagramObjectPoint.DiagramObject rdf:resource="#_22b5eda9-f80f-0504-2dc9-bd13a5c09177" />
    <cim:DiagramObjectPoint.sequenceNumber>1</cim:DiagramObjectPoint.sequenceNumber>
    <cim:DiagramObjectPoint.xPosition>262.5</cim:DiagramObjectPoint.xPosition>
    <cim:DiagramObjectPoint.yPosition>109.375</cim:DiagramObjectPoint.yPosition>
  </cim:DiagramObjectPoint>
  <cim:DiagramObjectPoint rdf:ID="_af2a1f75-d675-0b7b-4239-6d065e0ce884">
    <cim:DiagramObjectPoint.DiagramObject rdf:resource="#_76e70c76-1255-fc06-a154-3485bce0221c" />
    <cim:DiagramObjectPoint.sequenceNumber>1</cim:DiagramObjectPoint.sequenceNumber>
    <cim:DiagramObjectPoint.xPosition>126.875</cim:DiagramObjectPoint.xPosition>
    <cim:DiagramObjectPoint.yPosition>26.25</cim:DiagramObjectPoint.yPosition>
  </cim:DiagramObjectPoint>
  <cim:DiagramObjectPoint rdf:ID="_8a4fb279-ef57-f161-11cf-ee42b36fbab3">
    <cim:DiagramObjectPoint.DiagramObject rdf:resource="#_63652d56-01a2-37ca-b604-4ac44e116e66" />
    <cim:DiagramObjectPoint.sequenceNumber>1</cim:DiagramObjectPoint.sequenceNumber>
    <cim:DiagramObjectPoint.xPosition>166.25</cim:DiagramObjectPoint.xPosition>
    <cim:DiagramObjectPoint.yPosition>37.1875</cim:DiagramObjectPoint.yPosition>
  </cim:DiagramObjectPoint>
  <cim:DiagramObjectPoint rdf:ID="_5b5d2921-2a6c-f8f1-478a-73e7c032c617">
    <cim:DiagramObjectPoint.DiagramObject rdf:resource="#_309d463f-e81d-c151-41e8-d150d1b7b9f4" />
    <cim:DiagramObjectPoint.sequenceNumber>1</cim:DiagramObjectPoint.sequenceNumber>
    <cim:DiagramObjectPoint.xPosition>166.25</cim:DiagramObjectPoint.xPosition>
    <cim:DiagramObjectPoint.yPosition>45.9375</cim:DiagramObjectPoint.yPosition>
  </cim:DiagramObjectPoint>
  <cim:DiagramObjectPoint rdf:ID="_dcee189b-368a-3fe8-870e-d7da513bc80a">
    <cim:DiagramObjectPoint.DiagramObject rdf:resource="#_0d5d39ee-a514-6eb9-b49f-5a42a538c185" />
    <cim:DiagramObjectPoint.sequenceNumber>3</cim:DiagramObjectPoint.sequenceNumber>
    <cim:DiagramObjectPoint.xPosition>258.125</cim:DiagramObjectPoint.xPosition>
    <cim:DiagramObjectPoint.yPosition>157.5</cim:DiagramObjectPoint.yPosition>
  </cim:DiagramObjectPoint>
  <cim:DiagramObjectPoint rdf:ID="_ac4e959f-0650-7a35-b883-7e740db1ad7a">
    <cim:DiagramObjectPoint.DiagramObject rdf:resource="#_9b2c38c5-c04c-ecf7-a1b5-7ceb0bd87900" />
    <cim:DiagramObjectPoint.sequenceNumber>1</cim:DiagramObjectPoint.sequenceNumber>
    <cim:DiagramObjectPoint.xPosition>157.5</cim:DiagramObjectPoint.xPosition>
    <cim:DiagramObjectPoint.yPosition>113.75</cim:DiagramObjectPoint.yPosition>
  </cim:DiagramObjectPoint>
  <cim:DiagramObjectPoint rdf:ID="_95ca91a7-dc06-6fcb-0bc2-db2b72152d71">
    <cim:DiagramObjectPoint.DiagramObject rdf:resource="#_8953481c-3f86-437f-4984-9edbeaba971b" />
    <cim:DiagramObjectPoint.sequenceNumber>1</cim:DiagramObjectPoint.sequenceNumber>
    <cim:DiagramObjectPoint.xPosition>196.875</cim:DiagramObjectPoint.xPosition>
    <cim:DiagramObjectPoint.yPosition>161.875</cim:DiagramObjectPoint.yPosition>
  </cim:DiagramObjectPoint>
  <cim:DiagramObjectPoint rdf:ID="_47e9468a-50f1-c2cc-8ce3-e5845ee380b4">
    <cim:DiagramObjectPoint.DiagramObject rdf:resource="#_309d463f-e81d-c151-41e8-d150d1b7b9f4" />
    <cim:DiagramObjectPoint.sequenceNumber>2</cim:DiagramObjectPoint.sequenceNumber>
    <cim:DiagramObjectPoint.xPosition>166.25</cim:DiagramObjectPoint.xPosition>
    <cim:DiagramObjectPoint.yPosition>56.875</cim:DiagramObjectPoint.yPosition>
  </cim:DiagramObjectPoint>
  <cim:DiagramObjectPoint rdf:ID="_8cb23edc-287e-aca0-b168-28e6cecea9eb">
    <cim:DiagramObjectPoint.DiagramObject rdf:resource="#_67c404cd-dea8-1e9c-8200-16739f54289b" />
    <cim:DiagramObjectPoint.sequenceNumber>1</cim:DiagramObjectPoint.sequenceNumber>
    <cim:DiagramObjectPoint.xPosition>39.375</cim:DiagramObjectPoint.xPosition>
    <cim:DiagramObjectPoint.yPosition>166.25</cim:DiagramObjectPoint.yPosition>
  </cim:DiagramObjectPoint>
  <cim:DiagramObjectPoint rdf:ID="_e929e0ed-7a70-abc1-8e1d-7b383fe32c19">
    <cim:DiagramObjectPoint.DiagramObject rdf:resource="#_fab16124-72b2-d96d-cacd-1dfe0b594f2b" />
    <cim:DiagramObjectPoint.sequenceNumber>1</cim:DiagramObjectPoint.sequenceNumber>
    <cim:DiagramObjectPoint.xPosition>153.125</cim:DiagramObjectPoint.xPosition>
    <cim:DiagramObjectPoint.yPosition>122.5</cim:DiagramObjectPoint.yPosition>
  </cim:DiagramObjectPoint>
  <cim:DiagramObjectPoint rdf:ID="_b49bbbec-0d6e-2962-6abc-adce848a94bb">
    <cim:DiagramObjectPoint.DiagramObject rdf:resource="#_f68d3cc9-8d4d-b29d-3941-c2079669d11d" />
    <cim:DiagramObjectPoint.sequenceNumber>3</cim:DiagramObjectPoint.sequenceNumber>
    <cim:DiagramObjectPoint.xPosition>105</cim:DiagramObjectPoint.xPosition>
    <cim:DiagramObjectPoint.yPosition>105</cim:DiagramObjectPoint.yPosition>
  </cim:DiagramObjectPoint>
  <cim:DiagramObjectPoint rdf:ID="_54926202-c6be-d00e-80ae-43b11b0088d0">
    <cim:DiagramObjectPoint.DiagramObject rdf:resource="#_add6ea33-65da-8107-0992-2b7d8e7e010e" />
    <cim:DiagramObjectPoint.sequenceNumber>2</cim:DiagramObjectPoint.sequenceNumber>
    <cim:DiagramObjectPoint.xPosition>175</cim:DiagramObjectPoint.xPosition>
    <cim:DiagramObjectPoint.yPosition>144.375</cim:DiagramObjectPoint.yPosition>
  </cim:DiagramObjectPoint>
  <cim:DiagramObjectPoint rdf:ID="_b03a4289-cf03-92d6-5768-2f1d5a3b3f0c">
    <cim:DiagramObjectPoint.DiagramObject rdf:resource="#_0479abd2-e045-0c9d-5cd5-9404e0da8ea3" />
    <cim:DiagramObjectPoint.sequenceNumber>2</cim:DiagramObjectPoint.sequenceNumber>
    <cim:DiagramObjectPoint.xPosition>161.875</cim:DiagramObjectPoint.xPosition>
    <cim:DiagramObjectPoint.yPosition>144.375</cim:DiagramObjectPoint.yPosition>
  </cim:DiagramObjectPoint>
  <cim:DiagramObjectPoint rdf:ID="_daeaf246-5fb8-4e8d-1cbc-25c2f862d465">
    <cim:DiagramObjectPoint.DiagramObject rdf:resource="#_456e8e70-7af1-4113-9292-f764803768cb" />
    <cim:DiagramObjectPoint.sequenceNumber>1</cim:DiagramObjectPoint.sequenceNumber>
    <cim:DiagramObjectPoint.xPosition>87.5</cim:DiagramObjectPoint.xPosition>
    <cim:DiagramObjectPoint.yPosition>91.875</cim:DiagramObjectPoint.yPosition>
  </cim:DiagramObjectPoint>
  <cim:DiagramObjectPoint rdf:ID="_10f24ec7-cb9f-dd73-85d0-a1371b35962b">
    <cim:DiagramObjectPoint.DiagramObject rdf:resource="#_5276e29e-d8a1-ee2a-d3d4-e285599b4f47" />
    <cim:DiagramObjectPoint.sequenceNumber>2</cim:DiagramObjectPoint.sequenceNumber>
    <cim:DiagramObjectPoint.xPosition>140</cim:DiagramObjectPoint.xPosition>
    <cim:DiagramObjectPoint.yPosition>26.25</cim:DiagramObjectPoint.yPosition>
  </cim:DiagramObjectPoint>
  <cim:DiagramObjectPoint rdf:ID="_cb74aed7-b9a2-e851-ee43-8dbab9e7a2ed">
    <cim:DiagramObjectPoint.DiagramObject rdf:resource="#_9f3d9b5a-0004-f9ca-5a2d-c26655eab5fe" />
    <cim:DiagramObjectPoint.sequenceNumber>2</cim:DiagramObjectPoint.sequenceNumber>
    <cim:DiagramObjectPoint.xPosition>161.875</cim:DiagramObjectPoint.xPosition>
    <cim:DiagramObjectPoint.yPosition>192.5</cim:DiagramObjectPoint.yPosition>
  </cim:DiagramObjectPoint>
  <cim:DiagramObjectPoint rdf:ID="_3eed8410-5737-3e1a-6592-bc89956efb2e">
    <cim:DiagramObjectPoint.DiagramObject rdf:resource="#_fc2ef9f6-8fe5-1861-9728-14a254db67d3" />
    <cim:DiagramObjectPoint.sequenceNumber>3</cim:DiagramObjectPoint.sequenceNumber>
    <cim:DiagramObjectPoint.xPosition>48.125</cim:DiagramObjectPoint.xPosition>
    <cim:DiagramObjectPoint.yPosition>157.5</cim:DiagramObjectPoint.yPosition>
  </cim:DiagramObjectPoint>
  <cim:DiagramObjectPoint rdf:ID="_740379f8-051f-0a0c-1ecf-3e693accc107">
    <cim:DiagramObjectPoint.DiagramObject rdf:resource="#_088ee103-0dc1-b354-f311-466ce7e7a209" />
    <cim:DiagramObjectPoint.sequenceNumber>1</cim:DiagramObjectPoint.sequenceNumber>
    <cim:DiagramObjectPoint.xPosition>157.5</cim:DiagramObjectPoint.xPosition>
    <cim:DiagramObjectPoint.yPosition>126.875</cim:DiagramObjectPoint.yPosition>
  </cim:DiagramObjectPoint>
  <cim:DiagramObjectPoint rdf:ID="_87081dfe-564d-3940-704c-1fbe70f10dd0">
    <cim:DiagramObjectPoint.DiagramObject rdf:resource="#_2306dbda-f292-bac6-44d1-910ba32755bf" />
    <cim:DiagramObjectPoint.sequenceNumber>1</cim:DiagramObjectPoint.sequenceNumber>
    <cim:DiagramObjectPoint.xPosition>153.125</cim:DiagramObjectPoint.xPosition>
    <cim:DiagramObjectPoint.yPosition>113.75</cim:DiagramObjectPoint.yPosition>
  </cim:DiagramObjectPoint>
  <cim:DiagramObjectPoint rdf:ID="_a1e57822-e85f-3523-57de-83aeda0b06cd">
    <cim:DiagramObjectPoint.DiagramObject rdf:resource="#_8953481c-3f86-437f-4984-9edbeaba971b" />
    <cim:DiagramObjectPoint.sequenceNumber>2</cim:DiagramObjectPoint.sequenceNumber>
    <cim:DiagramObjectPoint.xPosition>196.875</cim:DiagramObjectPoint.xPosition>
    <cim:DiagramObjectPoint.yPosition>144.375</cim:DiagramObjectPoint.yPosition>
  </cim:DiagramObjectPoint>
  <cim:DiagramObjectPoint rdf:ID="_b9dcccda-9e48-0b2d-e5a4-d0be21eafba7">
    <cim:DiagramObjectPoint.DiagramObject rdf:resource="#_3b251089-d07e-5452-e786-17990e9d44c2" />
    <cim:DiagramObjectPoint.sequenceNumber>1</cim:DiagramObjectPoint.sequenceNumber>
    <cim:DiagramObjectPoint.xPosition>231.875</cim:DiagramObjectPoint.xPosition>
    <cim:DiagramObjectPoint.yPosition>105</cim:DiagramObjectPoint.yPosition>
  </cim:DiagramObjectPoint>
  <cim:DiagramObjectPoint rdf:ID="_64fe3509-6e04-9565-9dd5-ab655805882b">
    <cim:DiagramObjectPoint.DiagramObject rdf:resource="#_0479abd2-e045-0c9d-5cd5-9404e0da8ea3" />
    <cim:DiagramObjectPoint.sequenceNumber>1</cim:DiagramObjectPoint.sequenceNumber>
    <cim:DiagramObjectPoint.xPosition>161.875</cim:DiagramObjectPoint.xPosition>
    <cim:DiagramObjectPoint.yPosition>161.875</cim:DiagramObjectPoint.yPosition>
  </cim:DiagramObjectPoint>
  <cim:DiagramObjectPoint rdf:ID="_ec117361-7c15-3363-12a4-d817e2a801a2">
    <cim:DiagramObjectPoint.DiagramObject rdf:resource="#_9e2f77e6-9dd5-af39-0a96-73f84deb296c" />
    <cim:DiagramObjectPoint.sequenceNumber>1</cim:DiagramObjectPoint.sequenceNumber>
    <cim:DiagramObjectPoint.xPosition>275.625</cim:DiagramObjectPoint.xPosition>
    <cim:DiagramObjectPoint.yPosition>161.875</cim:DiagramObjectPoint.yPosition>
  </cim:DiagramObjectPoint>
  <cim:DiagramObjectPoint rdf:ID="_14f01260-5964-7446-0b4f-859e493e98ae">
    <cim:DiagramObjectPoint.DiagramObject rdf:resource="#_7752b2d0-4815-5b0a-5543-9ec613fdf571" />
    <cim:DiagramObjectPoint.sequenceNumber>2</cim:DiagramObjectPoint.sequenceNumber>
    <cim:DiagramObjectPoint.xPosition>275.625</cim:DiagramObjectPoint.xPosition>
    <cim:DiagramObjectPoint.yPosition>91.875</cim:DiagramObjectPoint.yPosition>
  </cim:DiagramObjectPoint>
  <cim:DiagramObjectPoint rdf:ID="_1c0d6ed7-bdf4-050e-ed66-aa89c88802b5">
    <cim:DiagramObjectPoint.DiagramObject rdf:resource="#_17d8bcfa-7561-df5b-15b6-82da3920b783" />
    <cim:DiagramObjectPoint.sequenceNumber>2</cim:DiagramObjectPoint.sequenceNumber>
    <cim:DiagramObjectPoint.xPosition>161.875</cim:DiagramObjectPoint.xPosition>
    <cim:DiagramObjectPoint.yPosition>105</cim:DiagramObjectPoint.yPosition>
  </cim:DiagramObjectPoint>
  <cim:DiagramObjectPoint rdf:ID="_e56f0bc0-b406-2ec3-c2e0-7b4d71b41a58">
    <cim:DiagramObjectPoint.DiagramObject rdf:resource="#_17d8bcfa-7561-df5b-15b6-82da3920b783" />
    <cim:DiagramObjectPoint.sequenceNumber>4</cim:DiagramObjectPoint.sequenceNumber>
    <cim:DiagramObjectPoint.xPosition>201.25</cim:DiagramObjectPoint.xPosition>
    <cim:DiagramObjectPoint.yPosition>91.875</cim:DiagramObjectPoint.yPosition>
  </cim:DiagramObjectPoint>
  <cim:DiagramObjectPoint rdf:ID="_1506452a-02d3-d061-965d-db2c5a14fe91">
    <cim:DiagramObjectPoint.DiagramObject rdf:resource="#_0462f399-67ea-674b-3dbc-217f2748920e" />
    <cim:DiagramObjectPoint.sequenceNumber>2</cim:DiagramObjectPoint.sequenceNumber>
    <cim:DiagramObjectPoint.xPosition>39.375</cim:DiagramObjectPoint.xPosition>
    <cim:DiagramObjectPoint.yPosition>144.375</cim:DiagramObjectPoint.yPosition>
  </cim:DiagramObjectPoint>
  <cim:DiagramObjectPoint rdf:ID="_b92a5a65-b688-1406-72dc-4ab0662c75be">
    <cim:DiagramObjectPoint.DiagramObject rdf:resource="#_456e8e70-7af1-4113-9292-f764803768cb" />
    <cim:DiagramObjectPoint.sequenceNumber>2</cim:DiagramObjectPoint.sequenceNumber>
    <cim:DiagramObjectPoint.xPosition>87.5</cim:DiagramObjectPoint.xPosition>
    <cim:DiagramObjectPoint.yPosition>105</cim:DiagramObjectPoint.yPosition>
  </cim:DiagramObjectPoint>
  <cim:DiagramObjectPoint rdf:ID="_6d4a7b3a-80a5-31da-e54e-e98b4851afa5">
    <cim:DiagramObjectPoint.DiagramObject rdf:resource="#_456e8e70-7af1-4113-9292-f764803768cb" />
    <cim:DiagramObjectPoint.sequenceNumber>3</cim:DiagramObjectPoint.sequenceNumber>
    <cim:DiagramObjectPoint.xPosition>43.75</cim:DiagramObjectPoint.xPosition>
    <cim:DiagramObjectPoint.yPosition>105</cim:DiagramObjectPoint.yPosition>
  </cim:DiagramObjectPoint>
  <cim:DiagramObjectPoint rdf:ID="_fdd51ceb-9060-9fef-1d02-cf6d892ca722">
    <cim:DiagramObjectPoint.DiagramObject rdf:resource="#_f569bfa6-fae2-d446-6588-4039d4b466dd" />
    <cim:DiagramObjectPoint.sequenceNumber>1</cim:DiagramObjectPoint.sequenceNumber>
    <cim:DiagramObjectPoint.xPosition>144.375</cim:DiagramObjectPoint.xPosition>
    <cim:DiagramObjectPoint.yPosition>144.375</cim:DiagramObjectPoint.yPosition>
  </cim:DiagramObjectPoint>
  <cim:DiagramObjectPoint rdf:ID="_f661c171-cca3-2a80-8cd3-0d30a5d80c8a">
    <cim:DiagramObjectPoint.DiagramObject rdf:resource="#_e6e5c5b5-259e-a6b8-c657-316eb907d8c4" />
    <cim:DiagramObjectPoint.sequenceNumber>2</cim:DiagramObjectPoint.sequenceNumber>
    <cim:DiagramObjectPoint.xPosition>153.125</cim:DiagramObjectPoint.xPosition>
    <cim:DiagramObjectPoint.yPosition>122.5</cim:DiagramObjectPoint.yPosition>
  </cim:DiagramObjectPoint>
  <cim:DiagramObjectPoint rdf:ID="_2a10ff86-c265-18be-fd95-8a672184fe86">
    <cim:DiagramObjectPoint.DiagramObject rdf:resource="#_b7cac964-5941-356c-b117-cb3f111c1f89" />
    <cim:DiagramObjectPoint.sequenceNumber>1</cim:DiagramObjectPoint.sequenceNumber>
    <cim:DiagramObjectPoint.xPosition>153.125</cim:DiagramObjectPoint.xPosition>
    <cim:DiagramObjectPoint.yPosition>13.125</cim:DiagramObjectPoint.yPosition>
  </cim:DiagramObjectPoint>
  <cim:DiagramObjectPoint rdf:ID="_4db0ab79-8d69-5555-12e9-20e3c0921d12">
    <cim:DiagramObjectPoint.DiagramObject rdf:resource="#_17d8bcfa-7561-df5b-15b6-82da3920b783" />
    <cim:DiagramObjectPoint.sequenceNumber>3</cim:DiagramObjectPoint.sequenceNumber>
    <cim:DiagramObjectPoint.xPosition>201.25</cim:DiagramObjectPoint.xPosition>
    <cim:DiagramObjectPoint.yPosition>105</cim:DiagramObjectPoint.yPosition>
  </cim:DiagramObjectPoint>
  <cim:DiagramObjectPoint rdf:ID="_9c8fcb9f-d376-4d60-3389-7294a3e7a46b">
    <cim:DiagramObjectPoint.DiagramObject rdf:resource="#_d61ab846-01af-cd58-7ee8-604ed3154d42" />
    <cim:DiagramObjectPoint.sequenceNumber>2</cim:DiagramObjectPoint.sequenceNumber>
    <cim:DiagramObjectPoint.xPosition>153.125</cim:DiagramObjectPoint.xPosition>
    <cim:DiagramObjectPoint.yPosition>131.25</cim:DiagramObjectPoint.yPosition>
  </cim:DiagramObjectPoint>
  <cim:DiagramObjectPoint rdf:ID="_a8d253f9-2ce4-5275-117f-a7e359e7b665">
    <cim:DiagramObjectPoint.DiagramObject rdf:resource="#_f569bfa6-fae2-d446-6588-4039d4b466dd" />
    <cim:DiagramObjectPoint.sequenceNumber>4</cim:DiagramObjectPoint.sequenceNumber>
    <cim:DiagramObjectPoint.xPosition>109.375</cim:DiagramObjectPoint.xPosition>
    <cim:DiagramObjectPoint.yPosition>144.375</cim:DiagramObjectPoint.yPosition>
  </cim:DiagramObjectPoint>
  <cim:DiagramObjectPoint rdf:ID="_6aefca02-321c-73b2-3bbe-862c4da5161f">
    <cim:DiagramObjectPoint.DiagramObject rdf:resource="#_525045e5-7fb1-fbb5-57f5-1afac788ff06" />
    <cim:DiagramObjectPoint.sequenceNumber>2</cim:DiagramObjectPoint.sequenceNumber>
    <cim:DiagramObjectPoint.xPosition>166.25</cim:DiagramObjectPoint.xPosition>
    <cim:DiagramObjectPoint.yPosition>140</cim:DiagramObjectPoint.yPosition>
  </cim:DiagramObjectPoint>
  <cim:DiagramObjectPoint rdf:ID="_cc7a4828-952a-027b-f919-9cc3a7041fc8">
    <cim:DiagramObjectPoint.DiagramObject rdf:resource="#_3ec61fa4-286b-a00e-b158-76fcd3eceb20" />
    <cim:DiagramObjectPoint.sequenceNumber>1</cim:DiagramObjectPoint.sequenceNumber>
    <cim:DiagramObjectPoint.xPosition>157.5</cim:DiagramObjectPoint.xPosition>
    <cim:DiagramObjectPoint.yPosition>122.5</cim:DiagramObjectPoint.yPosition>
  </cim:DiagramObjectPoint>
  <cim:DiagramObjectPoint rdf:ID="_fc01d7df-604f-5c8a-6e28-f6459ea26d07">
    <cim:DiagramObjectPoint.DiagramObject rdf:resource="#_0dbf68a6-f01f-c240-672d-aaec5c0ef0fb" />
    <cim:DiagramObjectPoint.sequenceNumber>1</cim:DiagramObjectPoint.sequenceNumber>
    <cim:DiagramObjectPoint.xPosition>236.25</cim:DiagramObjectPoint.xPosition>
    <cim:DiagramObjectPoint.yPosition>105</cim:DiagramObjectPoint.yPosition>
  </cim:DiagramObjectPoint>
  <cim:DiagramObjectPoint rdf:ID="_04d4ad0e-d551-37a8-2f22-acaf11db5929">
    <cim:DiagramObjectPoint.DiagramObject rdf:resource="#_a7fa2fa7-a98e-88c4-208b-8549d5d6214b" />
    <cim:DiagramObjectPoint.sequenceNumber>1</cim:DiagramObjectPoint.sequenceNumber>
    <cim:DiagramObjectPoint.xPosition>183.75</cim:DiagramObjectPoint.xPosition>
    <cim:DiagramObjectPoint.yPosition>144.375</cim:DiagramObjectPoint.yPosition>
  </cim:DiagramObjectPoint>
  <cim:DiagramObjectPoint rdf:ID="_15a2726c-3d57-7ba4-df96-e3c5baa46d33">
    <cim:DiagramObjectPoint.DiagramObject rdf:resource="#_a145918f-d0ec-befc-b34f-cb5e6d670961" />
    <cim:DiagramObjectPoint.sequenceNumber>1</cim:DiagramObjectPoint.sequenceNumber>
    <cim:DiagramObjectPoint.xPosition>284.375</cim:DiagramObjectPoint.xPosition>
    <cim:DiagramObjectPoint.yPosition>161.875</cim:DiagramObjectPoint.yPosition>
  </cim:DiagramObjectPoint>
  <cim:DiagramObjectPoint rdf:ID="_8c5cb140-0deb-f3cc-84b1-3a346a619fb9">
    <cim:DiagramObjectPoint.DiagramObject rdf:resource="#_65f8be71-bd16-abd9-0de1-fa0ddccbda9a" />
    <cim:DiagramObjectPoint.sequenceNumber>1</cim:DiagramObjectPoint.sequenceNumber>
    <cim:DiagramObjectPoint.xPosition>153.125</cim:DiagramObjectPoint.xPosition>
    <cim:DiagramObjectPoint.yPosition>45.9375</cim:DiagramObjectPoint.yPosition>
  </cim:DiagramObjectPoint>
  <cim:DiagramObjectPoint rdf:ID="_6488ade1-c6d1-16bb-54e1-d684a649b304">
    <cim:DiagramObjectPoint.DiagramObject rdf:resource="#_9b2c38c5-c04c-ecf7-a1b5-7ceb0bd87900" />
    <cim:DiagramObjectPoint.sequenceNumber>2</cim:DiagramObjectPoint.sequenceNumber>
    <cim:DiagramObjectPoint.xPosition>153.125</cim:DiagramObjectPoint.xPosition>
    <cim:DiagramObjectPoint.yPosition>113.75</cim:DiagramObjectPoint.yPosition>
  </cim:DiagramObjectPoint>
  <cim:DiagramObjectPoint rdf:ID="_2e4987dd-5949-ff5d-b782-ab8cfa54ec81">
    <cim:DiagramObjectPoint.DiagramObject rdf:resource="#_a4451392-67f8-ad40-7134-ad5725884858" />
    <cim:DiagramObjectPoint.sequenceNumber>1</cim:DiagramObjectPoint.sequenceNumber>
    <cim:DiagramObjectPoint.xPosition>131.25</cim:DiagramObjectPoint.xPosition>
    <cim:DiagramObjectPoint.yPosition>91.875</cim:DiagramObjectPoint.yPosition>
  </cim:DiagramObjectPoint>
  <cim:DiagramObjectPoint rdf:ID="_05f1bd15-ff1b-bc6b-6a8e-cf2c5bde2457">
    <cim:DiagramObjectPoint.DiagramObject rdf:resource="#_b08e01e0-1f94-7249-7b22-4a20aa1cbe28" />
    <cim:DiagramObjectPoint.sequenceNumber>2</cim:DiagramObjectPoint.sequenceNumber>
    <cim:DiagramObjectPoint.xPosition>96.25</cim:DiagramObjectPoint.xPosition>
    <cim:DiagramObjectPoint.yPosition>91.875</cim:DiagramObjectPoint.yPosition>
  </cim:DiagramObjectPoint>
  <cim:DiagramObjectPoint rdf:ID="_968b6b29-19d3-c7a4-701c-d79145ff5b1f">
    <cim:DiagramObjectPoint.DiagramObject rdf:resource="#_23b60894-4c9d-5161-73b0-8743392dd390" />
    <cim:DiagramObjectPoint.sequenceNumber>1</cim:DiagramObjectPoint.sequenceNumber>
    <cim:DiagramObjectPoint.xPosition>284.375</cim:DiagramObjectPoint.xPosition>
    <cim:DiagramObjectPoint.yPosition>166.25</cim:DiagramObjectPoint.yPosition>
  </cim:DiagramObjectPoint>
  <cim:DiagramObjectPoint rdf:ID="_8d427ba1-2147-d4f3-3eba-deef8bb5e9f1">
    <cim:DiagramObjectPoint.DiagramObject rdf:resource="#_f569bfa6-fae2-d446-6588-4039d4b466dd" />
    <cim:DiagramObjectPoint.sequenceNumber>3</cim:DiagramObjectPoint.sequenceNumber>
    <cim:DiagramObjectPoint.xPosition>109.375</cim:DiagramObjectPoint.xPosition>
    <cim:DiagramObjectPoint.yPosition>157.5</cim:DiagramObjectPoint.yPosition>
  </cim:DiagramObjectPoint>
  <cim:DiagramObjectPoint rdf:ID="_a70e6bbc-5ac4-d5e3-6fa3-5d3820a447a6">
    <cim:DiagramObjectPoint.DiagramObject rdf:resource="#_a7fa2fa7-a98e-88c4-208b-8549d5d6214b" />
    <cim:DiagramObjectPoint.sequenceNumber>2</cim:DiagramObjectPoint.sequenceNumber>
    <cim:DiagramObjectPoint.xPosition>218.75</cim:DiagramObjectPoint.xPosition>
    <cim:DiagramObjectPoint.yPosition>144.375</cim:DiagramObjectPoint.yPosition>
  </cim:DiagramObjectPoint>
  <cim:DiagramObjectPoint rdf:ID="_efa9110e-8677-6e52-44e6-f62122daab52">
    <cim:DiagramObjectPoint.DiagramObject rdf:resource="#_bb7addab-cd04-16e2-cdef-1628a2857bf9" />
    <cim:DiagramObjectPoint.sequenceNumber>2</cim:DiagramObjectPoint.sequenceNumber>
    <cim:DiagramObjectPoint.xPosition>52.5</cim:DiagramObjectPoint.xPosition>
    <cim:DiagramObjectPoint.yPosition>144.375</cim:DiagramObjectPoint.yPosition>
  </cim:DiagramObjectPoint>
  <cim:DiagramObjectPoint rdf:ID="_4385e5d4-cbdf-5445-feec-7103bdec6c64">
    <cim:DiagramObjectPoint.DiagramObject rdf:resource="#_f20563a2-be85-f413-f800-e6a1e7da4877" />
    <cim:DiagramObjectPoint.sequenceNumber>2</cim:DiagramObjectPoint.sequenceNumber>
    <cim:DiagramObjectPoint.xPosition>210</cim:DiagramObjectPoint.xPosition>
    <cim:DiagramObjectPoint.yPosition>105</cim:DiagramObjectPoint.yPosition>
  </cim:DiagramObjectPoint>
  <cim:DiagramObjectPoint rdf:ID="_7690a23d-5d7b-da5d-3aac-4e1cacd7918a">
    <cim:DiagramObjectPoint.DiagramObject rdf:resource="#_7fcf60fb-5389-8831-68cf-cab042279292" />
    <cim:DiagramObjectPoint.sequenceNumber>1</cim:DiagramObjectPoint.sequenceNumber>
    <cim:DiagramObjectPoint.xPosition>161.875</cim:DiagramObjectPoint.xPosition>
    <cim:DiagramObjectPoint.yPosition>166.25</cim:DiagramObjectPoint.yPosition>
  </cim:DiagramObjectPoint>
  <cim:DiagramObjectPoint rdf:ID="_bce6daf7-28b7-a39a-0f4d-9678662bda4c">
    <cim:DiagramObjectPoint.DiagramObject rdf:resource="#_f20563a2-be85-f413-f800-e6a1e7da4877" />
    <cim:DiagramObjectPoint.sequenceNumber>1</cim:DiagramObjectPoint.sequenceNumber>
    <cim:DiagramObjectPoint.xPosition>227.5</cim:DiagramObjectPoint.xPosition>
    <cim:DiagramObjectPoint.yPosition>105</cim:DiagramObjectPoint.yPosition>
  </cim:DiagramObjectPoint>
  <cim:DiagramObjectPoint rdf:ID="_814b94e9-ddc8-8cbc-05b7-6a3c62c4b208">
    <cim:DiagramObjectPoint.DiagramObject rdf:resource="#_43345534-f524-f52c-1474-fd25ee93dc70" />
    <cim:DiagramObjectPoint.sequenceNumber>1</cim:DiagramObjectPoint.sequenceNumber>
    <cim:DiagramObjectPoint.xPosition>153.125</cim:DiagramObjectPoint.xPosition>
    <cim:DiagramObjectPoint.yPosition>8.75</cim:DiagramObjectPoint.yPosition>
  </cim:DiagramObjectPoint>
  <cim:DiagramObjectPoint rdf:ID="_aff1985c-a67e-163d-94ba-2b08f50ce7ab">
    <cim:DiagramObjectPoint.DiagramObject rdf:resource="#_794bec91-821f-a105-b676-1db696846775" />
    <cim:DiagramObjectPoint.sequenceNumber>2</cim:DiagramObjectPoint.sequenceNumber>
    <cim:DiagramObjectPoint.xPosition>153.125</cim:DiagramObjectPoint.xPosition>
    <cim:DiagramObjectPoint.yPosition>91.875</cim:DiagramObjectPoint.yPosition>
  </cim:DiagramObjectPoint>
  <cim:DiagramObjectPoint rdf:ID="_0c3d2926-3f45-3eec-c29d-274e7853787c">
    <cim:DiagramObjectPoint.DiagramObject rdf:resource="#_3ec61fa4-286b-a00e-b158-76fcd3eceb20" />
    <cim:DiagramObjectPoint.sequenceNumber>2</cim:DiagramObjectPoint.sequenceNumber>
    <cim:DiagramObjectPoint.xPosition>153.125</cim:DiagramObjectPoint.xPosition>
    <cim:DiagramObjectPoint.yPosition>122.5</cim:DiagramObjectPoint.yPosition>
  </cim:DiagramObjectPoint>
  <cim:DiagramObjectPoint rdf:ID="_8b45d526-8d18-f778-344d-4caaf55c4bb0">
    <cim:DiagramObjectPoint.DiagramObject rdf:resource="#_6212c2f1-3c66-6211-85a3-92f3391c95c6" />
    <cim:DiagramObjectPoint.sequenceNumber>2</cim:DiagramObjectPoint.sequenceNumber>
    <cim:DiagramObjectPoint.xPosition>140</cim:DiagramObjectPoint.xPosition>
    <cim:DiagramObjectPoint.yPosition>56.875</cim:DiagramObjectPoint.yPosition>
  </cim:DiagramObjectPoint>
  <cim:DiagramObjectPoint rdf:ID="_0f25fd2a-1294-9daa-1e7b-8486151a4baf">
    <cim:DiagramObjectPoint.DiagramObject rdf:resource="#_e372f5cb-dcc2-33a8-6a66-24f13a5f50de" />
    <cim:DiagramObjectPoint.sequenceNumber>2</cim:DiagramObjectPoint.sequenceNumber>
    <cim:DiagramObjectPoint.xPosition>153.125</cim:DiagramObjectPoint.xPosition>
    <cim:DiagramObjectPoint.yPosition>113.75</cim:DiagramObjectPoint.yPosition>
  </cim:DiagramObjectPoint>
  <cim:DiagramObjectPoint rdf:ID="_46970057-dd53-280d-48cd-275c5a9794dd">
    <cim:DiagramObjectPoint.DiagramObject rdf:resource="#_11060d3c-6ca4-6eb2-3cc2-e02c2a9bfb7d" />
    <cim:DiagramObjectPoint.sequenceNumber>1</cim:DiagramObjectPoint.sequenceNumber>
    <cim:DiagramObjectPoint.xPosition>35</cim:DiagramObjectPoint.xPosition>
    <cim:DiagramObjectPoint.yPosition>113.75</cim:DiagramObjectPoint.yPosition>
  </cim:DiagramObjectPoint>
  <cim:DiagramObjectPoint rdf:ID="_9671195b-0f06-7a67-24f7-3c35ab408c53">
    <cim:DiagramObjectPoint.DiagramObject rdf:resource="#_d047758a-570b-cd2f-03cb-067b699a21bf" />
    <cim:DiagramObjectPoint.sequenceNumber>2</cim:DiagramObjectPoint.sequenceNumber>
    <cim:DiagramObjectPoint.xPosition>35</cim:DiagramObjectPoint.xPosition>
    <cim:DiagramObjectPoint.yPosition>91.875</cim:DiagramObjectPoint.yPosition>
  </cim:DiagramObjectPoint>
  <cim:DiagramObjectPoint rdf:ID="_9383bbb6-28d0-9b5d-b998-c480a799e853">
    <cim:DiagramObjectPoint.DiagramObject rdf:resource="#_6212c2f1-3c66-6211-85a3-92f3391c95c6" />
    <cim:DiagramObjectPoint.sequenceNumber>1</cim:DiagramObjectPoint.sequenceNumber>
    <cim:DiagramObjectPoint.xPosition>140</cim:DiagramObjectPoint.xPosition>
    <cim:DiagramObjectPoint.yPosition>45.9375</cim:DiagramObjectPoint.yPosition>
  </cim:DiagramObjectPoint>
  <cim:DiagramObjectPoint rdf:ID="_12b20c87-3ee5-d256-683a-be88a894c2b3">
    <cim:DiagramObjectPoint.DiagramObject rdf:resource="#_17d8bcfa-7561-df5b-15b6-82da3920b783" />
    <cim:DiagramObjectPoint.sequenceNumber>1</cim:DiagramObjectPoint.sequenceNumber>
    <cim:DiagramObjectPoint.xPosition>161.875</cim:DiagramObjectPoint.xPosition>
    <cim:DiagramObjectPoint.yPosition>91.875</cim:DiagramObjectPoint.yPosition>
  </cim:DiagramObjectPoint>
  <cim:DiagramObjectPoint rdf:ID="_efdfd9b4-98c5-d763-51b8-87bdf875bfd4">
    <cim:DiagramObjectPoint.DiagramObject rdf:resource="#_fc2ef9f6-8fe5-1861-9728-14a254db67d3" />
    <cim:DiagramObjectPoint.sequenceNumber>4</cim:DiagramObjectPoint.sequenceNumber>
    <cim:DiagramObjectPoint.xPosition>48.125</cim:DiagramObjectPoint.xPosition>
    <cim:DiagramObjectPoint.yPosition>144.375</cim:DiagramObjectPoint.yPosition>
  </cim:DiagramObjectPoint>
  <cim:DiagramObjectPoint rdf:ID="_e577a6e7-942f-d706-1733-aa8832a23b03">
    <cim:DiagramObjectPoint.DiagramObject rdf:resource="#_2d7639cb-85bc-e879-091a-23572d00cd95" />
    <cim:DiagramObjectPoint.sequenceNumber>2</cim:DiagramObjectPoint.sequenceNumber>
    <cim:DiagramObjectPoint.xPosition>109.375</cim:DiagramObjectPoint.xPosition>
    <cim:DiagramObjectPoint.yPosition>183.75</cim:DiagramObjectPoint.yPosition>
  </cim:DiagramObjectPoint>
  <cim:DiagramObjectPoint rdf:ID="_ee782ed3-1051-5e79-dbe6-bb817eaa8149">
    <cim:DiagramObjectPoint.DiagramObject rdf:resource="#_088ee103-0dc1-b354-f311-466ce7e7a209" />
    <cim:DiagramObjectPoint.sequenceNumber>2</cim:DiagramObjectPoint.sequenceNumber>
    <cim:DiagramObjectPoint.xPosition>153.125</cim:DiagramObjectPoint.xPosition>
    <cim:DiagramObjectPoint.yPosition>126.875</cim:DiagramObjectPoint.yPosition>
  </cim:DiagramObjectPoint>
  <cim:DiagramObjectPoint rdf:ID="_97a753f1-1e05-285a-bf8d-fcad5e1c01bf">
    <cim:DiagramObjectPoint.DiagramObject rdf:resource="#_08bfd868-6a1f-27c1-911c-a82735351718" />
    <cim:DiagramObjectPoint.sequenceNumber>1</cim:DiagramObjectPoint.sequenceNumber>
    <cim:DiagramObjectPoint.xPosition>96.25</cim:DiagramObjectPoint.xPosition>
    <cim:DiagramObjectPoint.yPosition>201.25</cim:DiagramObjectPoint.yPosition>
  </cim:DiagramObjectPoint>
  <cim:DiagramObjectPoint rdf:ID="_57863722-eae4-5e58-d2d8-5653b5f7f84b">
    <cim:DiagramObjectPoint.DiagramObject rdf:resource="#_0bd4772a-ce09-ce96-6c2e-a70fe8564bb1" />
    <cim:DiagramObjectPoint.sequenceNumber>1</cim:DiagramObjectPoint.sequenceNumber>
    <cim:DiagramObjectPoint.xPosition>153.125</cim:DiagramObjectPoint.xPosition>
    <cim:DiagramObjectPoint.yPosition>131.25</cim:DiagramObjectPoint.yPosition>
  </cim:DiagramObjectPoint>
  <cim:DiagramObjectPoint rdf:ID="_ce3672d1-ba7b-36bf-2172-724d45715c0b">
    <cim:DiagramObjectPoint.DiagramObject rdf:resource="#_29f97dda-497f-a3e6-3cfa-2b0590a60a44" />
    <cim:DiagramObjectPoint.sequenceNumber>2</cim:DiagramObjectPoint.sequenceNumber>
    <cim:DiagramObjectPoint.xPosition>153.125</cim:DiagramObjectPoint.xPosition>
    <cim:DiagramObjectPoint.yPosition>131.25</cim:DiagramObjectPoint.yPosition>
  </cim:DiagramObjectPoint>
  <cim:DiagramObjectPoint rdf:ID="_02787f19-c38a-df90-e77b-81c34a857d92">
    <cim:DiagramObjectPoint.DiagramObject rdf:resource="#_456e8e70-7af1-4113-9292-f764803768cb" />
    <cim:DiagramObjectPoint.sequenceNumber>4</cim:DiagramObjectPoint.sequenceNumber>
    <cim:DiagramObjectPoint.xPosition>43.75</cim:DiagramObjectPoint.xPosition>
    <cim:DiagramObjectPoint.yPosition>91.875</cim:DiagramObjectPoint.yPosition>
  </cim:DiagramObjectPoint>
  <cim:DiagramObjectPoint rdf:ID="_98c8351c-1e28-fd11-e50d-851980f968d0">
    <cim:DiagramObjectPoint.DiagramObject rdf:resource="#_07e1f7ed-e6ab-12c9-7285-1af8c2fd7a8e" />
    <cim:DiagramObjectPoint.sequenceNumber>1</cim:DiagramObjectPoint.sequenceNumber>
    <cim:DiagramObjectPoint.xPosition>157.5</cim:DiagramObjectPoint.xPosition>
    <cim:DiagramObjectPoint.yPosition>118.125</cim:DiagramObjectPoint.yPosition>
  </cim:DiagramObjectPoint>
  <cim:DiagramObjectPoint rdf:ID="_ba3a1f07-70be-b6e8-db3f-8194771abf7d">
    <cim:DiagramObjectPoint.DiagramObject rdf:resource="#_63652d56-01a2-37ca-b604-4ac44e116e66" />
    <cim:DiagramObjectPoint.sequenceNumber>2</cim:DiagramObjectPoint.sequenceNumber>
    <cim:DiagramObjectPoint.xPosition>166.25</cim:DiagramObjectPoint.xPosition>
    <cim:DiagramObjectPoint.yPosition>26.25</cim:DiagramObjectPoint.yPosition>
  </cim:DiagramObjectPoint>
  <cim:DiagramObjectPoint rdf:ID="_ef24b24e-16fd-d799-cfb4-adb5c800e6c9">
    <cim:DiagramObjectPoint.DiagramObject rdf:resource="#_7785d84a-8fb2-2db4-2f29-7e39e1a8233c" />
    <cim:DiagramObjectPoint.sequenceNumber>2</cim:DiagramObjectPoint.sequenceNumber>
    <cim:DiagramObjectPoint.xPosition>214.375</cim:DiagramObjectPoint.xPosition>
    <cim:DiagramObjectPoint.yPosition>91.875</cim:DiagramObjectPoint.yPosition>
  </cim:DiagramObjectPoint>
  <cim:DiagramObjectPoint rdf:ID="_54fcf754-63fb-748e-0f94-112bb4fd56c3">
    <cim:DiagramObjectPoint.DiagramObject rdf:resource="#_fc2ef9f6-8fe5-1861-9728-14a254db67d3" />
    <cim:DiagramObjectPoint.sequenceNumber>2</cim:DiagramObjectPoint.sequenceNumber>
    <cim:DiagramObjectPoint.xPosition>83.125</cim:DiagramObjectPoint.xPosition>
    <cim:DiagramObjectPoint.yPosition>157.5</cim:DiagramObjectPoint.yPosition>
  </cim:DiagramObjectPoint>
  <cim:DiagramObjectPoint rdf:ID="_884fa6c9-5fff-33a6-37f7-ae268b95283a">
    <cim:DiagramObjectPoint.DiagramObject rdf:resource="#_7752b2d0-4815-5b0a-5543-9ec613fdf571" />
    <cim:DiagramObjectPoint.sequenceNumber>1</cim:DiagramObjectPoint.sequenceNumber>
    <cim:DiagramObjectPoint.xPosition>240.625</cim:DiagramObjectPoint.xPosition>
    <cim:DiagramObjectPoint.yPosition>91.875</cim:DiagramObjectPoint.yPosition>
  </cim:DiagramObjectPoint>
  <cim:DiagramObjectPoint rdf:ID="_38669e63-8f4e-df60-c083-0fb391fc764c">
    <cim:DiagramObjectPoint.DiagramObject rdf:resource="#_e372f5cb-dcc2-33a8-6a66-24f13a5f50de" />
    <cim:DiagramObjectPoint.sequenceNumber>1</cim:DiagramObjectPoint.sequenceNumber>
    <cim:DiagramObjectPoint.xPosition>153.125</cim:DiagramObjectPoint.xPosition>
    <cim:DiagramObjectPoint.yPosition>91.875</cim:DiagramObjectPoint.yPosition>
  </cim:DiagramObjectPoint>
  <cim:DiagramObjectPoint rdf:ID="_233b1b17-7b3a-b654-551a-5e0c02aa64c3">
    <cim:DiagramObjectPoint.DiagramObject rdf:resource="#_07e1f7ed-e6ab-12c9-7285-1af8c2fd7a8e" />
    <cim:DiagramObjectPoint.sequenceNumber>2</cim:DiagramObjectPoint.sequenceNumber>
    <cim:DiagramObjectPoint.xPosition>153.125</cim:DiagramObjectPoint.xPosition>
    <cim:DiagramObjectPoint.yPosition>118.125</cim:DiagramObjectPoint.yPosition>
  </cim:DiagramObjectPoint>
  <cim:DiagramObjectPoint rdf:ID="_6cd4cd6d-1cb5-fd6a-e58d-959287363ab1">
    <cim:DiagramObjectPoint.DiagramObject rdf:resource="#_e508fec0-0511-818b-bd8e-33cdfae21b3b" />
    <cim:DiagramObjectPoint.sequenceNumber>3</cim:DiagramObjectPoint.sequenceNumber>
    <cim:DiagramObjectPoint.xPosition>192.5</cim:DiagramObjectPoint.xPosition>
    <cim:DiagramObjectPoint.yPosition>144.375</cim:DiagramObjectPoint.yPosition>
  </cim:DiagramObjectPoint>
  <cim:DiagramObjectPoint rdf:ID="_00b0a7b0-84a6-89ac-95bb-48ab454baa1b">
    <cim:DiagramObjectPoint.DiagramObject rdf:resource="#_2415cad3-3950-0d51-035c-8f3e96ae2bab" />
    <cim:DiagramObjectPoint.sequenceNumber>1</cim:DiagramObjectPoint.sequenceNumber>
    <cim:DiagramObjectPoint.xPosition>177.188</cim:DiagramObjectPoint.xPosition>
    <cim:DiagramObjectPoint.yPosition>140</cim:DiagramObjectPoint.yPosition>
  </cim:DiagramObjectPoint>
  <cim:DiagramObjectPoint rdf:ID="_6e1ae20b-b0fb-31b0-0d1f-5842a7efe867">
    <cim:DiagramObjectPoint.DiagramObject rdf:resource="#_7785d84a-8fb2-2db4-2f29-7e39e1a8233c" />
    <cim:DiagramObjectPoint.sequenceNumber>1</cim:DiagramObjectPoint.sequenceNumber>
    <cim:DiagramObjectPoint.xPosition>188.125</cim:DiagramObjectPoint.xPosition>
    <cim:DiagramObjectPoint.yPosition>91.875</cim:DiagramObjectPoint.yPosition>
  </cim:DiagramObjectPoint>
  <cim:DiagramObjectPoint rdf:ID="_4c6cff96-bc19-ca4b-570b-1bb40982ef7a">
    <cim:DiagramObjectPoint.DiagramObject rdf:resource="#_9f3d9b5a-0004-f9ca-5a2d-c26655eab5fe" />
    <cim:DiagramObjectPoint.sequenceNumber>1</cim:DiagramObjectPoint.sequenceNumber>
    <cim:DiagramObjectPoint.xPosition>140</cim:DiagramObjectPoint.xPosition>
    <cim:DiagramObjectPoint.yPosition>192.5</cim:DiagramObjectPoint.yPosition>
  </cim:DiagramObjectPoint>
  <cim:DiagramObjectPoint rdf:ID="_3d86dab1-6b57-9cf1-1fb1-f02418407580">
    <cim:DiagramObjectPoint.DiagramObject rdf:resource="#_ad100707-a9ed-9786-bcf5-026707b82ef5" />
    <cim:DiagramObjectPoint.sequenceNumber>1</cim:DiagramObjectPoint.sequenceNumber>
    <cim:DiagramObjectPoint.xPosition>153.125</cim:DiagramObjectPoint.xPosition>
    <cim:DiagramObjectPoint.yPosition>131.25</cim:DiagramObjectPoint.yPosition>
  </cim:DiagramObjectPoint>
  <cim:DiagramObjectPoint rdf:ID="_3d858094-f807-0871-df96-dc6eff9fc9c2">
    <cim:DiagramObjectPoint.DiagramObject rdf:resource="#_0dbf68a6-f01f-c240-672d-aaec5c0ef0fb" />
    <cim:DiagramObjectPoint.sequenceNumber>3</cim:DiagramObjectPoint.sequenceNumber>
    <cim:DiagramObjectPoint.xPosition>253.75</cim:DiagramObjectPoint.xPosition>
    <cim:DiagramObjectPoint.yPosition>91.875</cim:DiagramObjectPoint.yPosition>
  </cim:DiagramObjectPoint>
  <cim:DiagramObjectPoint rdf:ID="_36736668-dc0e-12bc-beed-8de053d336d2">
    <cim:DiagramObjectPoint.DiagramObject rdf:resource="#_08e936f1-c1ff-0230-5674-ccdbf3576440" />
    <cim:DiagramObjectPoint.sequenceNumber>2</cim:DiagramObjectPoint.sequenceNumber>
    <cim:DiagramObjectPoint.xPosition>96.25</cim:DiagramObjectPoint.xPosition>
    <cim:DiagramObjectPoint.yPosition>183.75</cim:DiagramObjectPoint.yPosition>
  </cim:DiagramObjectPoint>
  <cim:DiagramObjectPoint rdf:ID="_084b2649-fc73-6f11-7024-09d9af97d8c4">
    <cim:DiagramObjectPoint.DiagramObject rdf:resource="#_e6e5c5b5-259e-a6b8-c657-316eb907d8c4" />
    <cim:DiagramObjectPoint.sequenceNumber>1</cim:DiagramObjectPoint.sequenceNumber>
    <cim:DiagramObjectPoint.xPosition>153.125</cim:DiagramObjectPoint.xPosition>
    <cim:DiagramObjectPoint.yPosition>118.125</cim:DiagramObjectPoint.yPosition>
  </cim:DiagramObjectPoint>
  <cim:DiagramObjectPoint rdf:ID="_5a0f81ea-b5c1-282c-8241-862282cb3351">
    <cim:DiagramObjectPoint.DiagramObject rdf:resource="#_2e71f7fb-5c7b-bf61-dad1-40bf01a170b5" />
    <cim:DiagramObjectPoint.sequenceNumber>1</cim:DiagramObjectPoint.sequenceNumber>
    <cim:DiagramObjectPoint.xPosition>196.875</cim:DiagramObjectPoint.xPosition>
    <cim:DiagramObjectPoint.yPosition>166.25</cim:DiagramObjectPoint.yPosition>
  </cim:DiagramObjectPoint>
  <cim:DiagramObjectPoint rdf:ID="_cdbc210b-6137-066f-d19c-8bb936fc1725">
    <cim:DiagramObjectPoint.DiagramObject rdf:resource="#_a145918f-d0ec-befc-b34f-cb5e6d670961" />
    <cim:DiagramObjectPoint.sequenceNumber>2</cim:DiagramObjectPoint.sequenceNumber>
    <cim:DiagramObjectPoint.xPosition>284.375</cim:DiagramObjectPoint.xPosition>
    <cim:DiagramObjectPoint.yPosition>144.375</cim:DiagramObjectPoint.yPosition>
  </cim:DiagramObjectPoint>
  <cim:DiagramObjectPoint rdf:ID="_875b541a-0d66-f7c2-8311-0437210b9221">
    <cim:DiagramObjectPoint.DiagramObject rdf:resource="#_a009ab51-94e4-2937-341c-f52288de6202" />
    <cim:DiagramObjectPoint.sequenceNumber>2</cim:DiagramObjectPoint.sequenceNumber>
    <cim:DiagramObjectPoint.xPosition>153.125</cim:DiagramObjectPoint.xPosition>
    <cim:DiagramObjectPoint.yPosition>192.5</cim:DiagramObjectPoint.yPosition>
  </cim:DiagramObjectPoint>
  <cim:DiagramObjectPoint rdf:ID="_71eda409-52dd-604c-95a5-777f8e838d94">
    <cim:DiagramObjectPoint.DiagramObject rdf:resource="#_525045e5-7fb1-fbb5-57f5-1afac788ff06" />
    <cim:DiagramObjectPoint.sequenceNumber>3</cim:DiagramObjectPoint.sequenceNumber>
    <cim:DiagramObjectPoint.xPosition>166.25</cim:DiagramObjectPoint.xPosition>
    <cim:DiagramObjectPoint.yPosition>144.375</cim:DiagramObjectPoint.yPosition>
  </cim:DiagramObjectPoint>
  <cim:DiagramObjectPoint rdf:ID="_fcf4e4eb-2c9b-4ac8-a278-da9524e53ba8">
    <cim:DiagramObjectPoint.DiagramObject rdf:resource="#_add6ea33-65da-8107-0992-2b7d8e7e010e" />
    <cim:DiagramObjectPoint.sequenceNumber>1</cim:DiagramObjectPoint.sequenceNumber>
    <cim:DiagramObjectPoint.xPosition>131.25</cim:DiagramObjectPoint.xPosition>
    <cim:DiagramObjectPoint.yPosition>144.375</cim:DiagramObjectPoint.yPosition>
  </cim:DiagramObjectPoint>
  <cim:DiagramObjectPoint rdf:ID="_777f36ef-a82b-2306-4f40-1216bc69409c">
    <cim:DiagramObjectPoint.DiagramObject rdf:resource="#_94ff6de4-2443-63a9-47fb-1ec4a82355ba" />
    <cim:DiagramObjectPoint.sequenceNumber>2</cim:DiagramObjectPoint.sequenceNumber>
    <cim:DiagramObjectPoint.xPosition>109.375</cim:DiagramObjectPoint.xPosition>
    <cim:DiagramObjectPoint.yPosition>91.875</cim:DiagramObjectPoint.yPosition>
  </cim:DiagramObjectPoint>
  <cim:DiagramObjectPoint rdf:ID="_29e0479a-049e-2a03-89e8-3eb806085f5c">
    <cim:DiagramObjectPoint.DiagramObject rdf:resource="#_29f97dda-497f-a3e6-3cfa-2b0590a60a44" />
    <cim:DiagramObjectPoint.sequenceNumber>1</cim:DiagramObjectPoint.sequenceNumber>
    <cim:DiagramObjectPoint.xPosition>153.125</cim:DiagramObjectPoint.xPosition>
    <cim:DiagramObjectPoint.yPosition>126.875</cim:DiagramObjectPoint.yPosition>
  </cim:DiagramObjectPoint>
  <cim:DiagramObjectPoint rdf:ID="_8bde6882-928a-4959-cdfe-5905aee3344d">
    <cim:DiagramObjectPoint.DiagramObject rdf:resource="#_22b5eda9-f80f-0504-2dc9-bd13a5c09177" />
    <cim:DiagramObjectPoint.sequenceNumber>2</cim:DiagramObjectPoint.sequenceNumber>
    <cim:DiagramObjectPoint.xPosition>262.5</cim:DiagramObjectPoint.xPosition>
    <cim:DiagramObjectPoint.yPosition>91.875</cim:DiagramObjectPoint.yPosition>
  </cim:DiagramObjectPoint>
  <cim:DiagramObjectPoint rdf:ID="_8765392f-43d2-caeb-c5ac-92d61a9f1fde">
    <cim:DiagramObjectPoint.DiagramObject rdf:resource="#_ad100707-a9ed-9786-bcf5-026707b82ef5" />
    <cim:DiagramObjectPoint.sequenceNumber>2</cim:DiagramObjectPoint.sequenceNumber>
    <cim:DiagramObjectPoint.xPosition>153.125</cim:DiagramObjectPoint.xPosition>
    <cim:DiagramObjectPoint.yPosition>144.375</cim:DiagramObjectPoint.yPosition>
  </cim:DiagramObjectPoint>
  <cim:DiagramObjectPoint rdf:ID="_caca155e-2d2b-d7c0-1518-ec47c1d6e607">
    <cim:DiagramObjectPoint.DiagramObject rdf:resource="#_2d7639cb-85bc-e879-091a-23572d00cd95" />
    <cim:DiagramObjectPoint.sequenceNumber>1</cim:DiagramObjectPoint.sequenceNumber>
    <cim:DiagramObjectPoint.xPosition>83.125</cim:DiagramObjectPoint.xPosition>
    <cim:DiagramObjectPoint.yPosition>183.75</cim:DiagramObjectPoint.yPosition>
  </cim:DiagramObjectPoint>
  <cim:DiagramObjectPoint rdf:ID="_699fe212-99ab-0390-1438-796837c9ebaf">
    <cim:DiagramObjectPoint.DiagramObject rdf:resource="#_65f8be71-bd16-abd9-0de1-fa0ddccbda9a" />
    <cim:DiagramObjectPoint.sequenceNumber>2</cim:DiagramObjectPoint.sequenceNumber>
    <cim:DiagramObjectPoint.xPosition>153.125</cim:DiagramObjectPoint.xPosition>
    <cim:DiagramObjectPoint.yPosition>56.875</cim:DiagramObjectPoint.yPosition>
  </cim:DiagramObjectPoint>
  <cim:DiagramObjectPoint rdf:ID="_6b8bdf4f-e6ec-e9f7-a9b2-f556a0a185d6">
    <cim:DiagramObjectPoint.DiagramObject rdf:resource="#_5915e242-c53f-9a01-f47d-0bc68eea2f50" />
    <cim:DiagramObjectPoint.sequenceNumber>1</cim:DiagramObjectPoint.sequenceNumber>
    <cim:DiagramObjectPoint.xPosition>126.875</cim:DiagramObjectPoint.xPosition>
    <cim:DiagramObjectPoint.yPosition>56.875</cim:DiagramObjectPoint.yPosition>
  </cim:DiagramObjectPoint>
  <cim:DiagramObjectPoint rdf:ID="_61d36e91-25a9-998f-9e53-c8ada7827175">
    <cim:DiagramObjectPoint.DiagramObject rdf:resource="#_0462f399-67ea-674b-3dbc-217f2748920e" />
    <cim:DiagramObjectPoint.sequenceNumber>1</cim:DiagramObjectPoint.sequenceNumber>
    <cim:DiagramObjectPoint.xPosition>39.375</cim:DiagramObjectPoint.xPosition>
    <cim:DiagramObjectPoint.yPosition>161.875</cim:DiagramObjectPoint.yPosition>
  </cim:DiagramObjectPoint>
  <cim:DiagramObjectPoint rdf:ID="_642ed152-c818-d780-f3a0-47ff7a5e00eb">
    <cim:DiagramObjectPoint.DiagramObject rdf:resource="#_5276e29e-d8a1-ee2a-d3d4-e285599b4f47" />
    <cim:DiagramObjectPoint.sequenceNumber>1</cim:DiagramObjectPoint.sequenceNumber>
    <cim:DiagramObjectPoint.xPosition>140</cim:DiagramObjectPoint.xPosition>
    <cim:DiagramObjectPoint.yPosition>37.1875</cim:DiagramObjectPoint.yPosition>
  </cim:DiagramObjectPoint>
  <cim:DiagramObjectPoint rdf:ID="_a6ccb259-ec50-4f34-59bc-9c269ab1d0ae">
    <cim:DiagramObjectPoint.DiagramObject rdf:resource="#_f569bfa6-fae2-d446-6588-4039d4b466dd" />
    <cim:DiagramObjectPoint.sequenceNumber>2</cim:DiagramObjectPoint.sequenceNumber>
    <cim:DiagramObjectPoint.xPosition>144.375</cim:DiagramObjectPoint.xPosition>
    <cim:DiagramObjectPoint.yPosition>157.5</cim:DiagramObjectPoint.yPosition>
  </cim:DiagramObjectPoint>
  <cim:DiagramObjectPoint rdf:ID="_376184a0-ba4a-041f-da21-6b92a43ebf96">
    <cim:DiagramObjectPoint.DiagramObject rdf:resource="#_94ff6de4-2443-63a9-47fb-1ec4a82355ba" />
    <cim:DiagramObjectPoint.sequenceNumber>1</cim:DiagramObjectPoint.sequenceNumber>
    <cim:DiagramObjectPoint.xPosition>74.375</cim:DiagramObjectPoint.xPosition>
    <cim:DiagramObjectPoint.yPosition>91.875</cim:DiagramObjectPoint.yPosition>
  </cim:DiagramObjectPoint>
  <cim:DiagramObjectPoint rdf:ID="_dd31fa16-a9c2-f720-ec37-2e1449da203b">
    <cim:DiagramObjectPoint.DiagramObject rdf:resource="#_1c751b8a-63c8-f00f-afef-e2c3a08ca7d6" />
    <cim:DiagramObjectPoint.sequenceNumber>1</cim:DiagramObjectPoint.sequenceNumber>
    <cim:DiagramObjectPoint.xPosition>161.875</cim:DiagramObjectPoint.xPosition>
    <cim:DiagramObjectPoint.yPosition>118.125</cim:DiagramObjectPoint.yPosition>
  </cim:DiagramObjectPoint>
  <cim:DiagramObjectPoint rdf:ID="_6fe416e8-6fa8-ce87-94b4-aa19a842b3a9">
    <cim:DiagramObjectPoint.DiagramObject rdf:resource="#_794bec91-821f-a105-b676-1db696846775" />
    <cim:DiagramObjectPoint.sequenceNumber>1</cim:DiagramObjectPoint.sequenceNumber>
    <cim:DiagramObjectPoint.xPosition>153.125</cim:DiagramObjectPoint.xPosition>
    <cim:DiagramObjectPoint.yPosition>56.875</cim:DiagramObjectPoint.yPosition>
  </cim:DiagramObjectPoint>
  <cim:Diagram rdf:ID="_3b8f6945-ec8e-42d1-b62d-dc683009c139">
    <cim:Diagram.orientation rdf:resource="http://iec.ch/TC57/2013/CIM-schema-cim16#OrientationKind.negative" />
    <cim:IdentifiedObject.name>IEEE 13 Node Feeder</cim:IdentifiedObject.name>
  </cim:Diagram>
</rdf:RDF>