<?xml version="1.0" encoding="UTF-8"?>
<!-- Created with PowerFactory 2025 SP2 (x64) (digcimdb.dll ServicePack 0) -->
<rdf:RDF xmlns:cim="http://iec.ch/TC57/2013/CIM-schema-cim16#" xmlns:entsoe="http://entsoe.eu/CIM/SchemaExtension/3/1#" xmlns:md="http://iec.ch/TC57/61970-552/ModelDescription/1#" xmlns:rdf="http://www.w3.org/1999/02/22-rdf-syntax-ns#">
  <md:FullModel rdf:about="urn:uuid:92c9b0bb-ce56-427a-a5c8-2422bbbcc554">
    <md:Model.DependentOn rdf:resource="urn:uuid:6e27ad09-0a4a-4230-ab94-9084e4be5105" />
    <md:Model.DependentOn rdf:resource="urn:uuid:bfa13457-8c07-4113-87a0-78b98ed4620c" />
    <md:Model.created>2025-07-10T14:31:57Z</md:Model.created>
    <md:Model.description />
    <md:Model.modelingAuthoritySet>unset</md:Model.modelingAuthoritySet>
    <md:Model.profile>http://entsoe.eu/CIM/StateVariables/4/1</md:Model.profile>
    <md:Model.scenarioTime>2016-01-01T11:00:00Z</md:Model.scenarioTime>
    <md:Model.version />
  </md:FullModel>
  <cim:SvVoltage rdf:ID="_22be8f37-0e74-49a4-988f-d43645fb2f33">
    <cim:SvVoltage.TopologicalNode rdf:resource="#_271ef94c-5fe1-bef3-cc79-f07a2cdd1c0c" />
    <cim:SvVoltage.angle>115.774</cim:SvVoltage.angle>
    <cim:SvVoltage.v>2.33921</cim:SvVoltage.v>
  </cim:SvVoltage>
  <cim:SvVoltage rdf:ID="_1fed89e3-7da7-4e5e-8c7e-f54cb840fe36">
    <cim:SvVoltage.TopologicalNode rdf:resource="#_90937fce-cb0b-893d-f4cf-56e3297d18d6" />
    <cim:SvVoltage.angle>-5.29119</cim:SvVoltage.angle>
    <cim:SvVoltage.v>4.18542</cim:SvVoltage.v>
  </cim:SvVoltage>
  <cim:SvVoltage rdf:ID="_50000885-2db8-4e6c-98bf-ee016ed4ee8c">
    <cim:SvVoltage.TopologicalNode rdf:resource="#_a16d713b-7d58-1286-1c2e-cc5cf89446ef" />
    <cim:SvVoltage.angle>-2.54758</cim:SvVoltage.angle>
    <cim:SvVoltage.v>4.26386</cim:SvVoltage.v>
  </cim:SvVoltage>
  <cim:SvVoltage rdf:ID="_f6e8298d-f93c-4c9f-8d84-9daf05154453">
    <cim:SvVoltage.TopologicalNode rdf:resource="#_a8277ffb-bd4a-43c6-4d49-209519c424e4" />
    <cim:SvVoltage.angle>0</cim:SvVoltage.angle>
    <cim:SvVoltage.v>4.39402</cim:SvVoltage.v>
  </cim:SvVoltage>
  <cim:SvVoltage rdf:ID="_d27b58d9-9a48-4bcc-8e9e-83f63e153829">
    <cim:SvVoltage.TopologicalNode rdf:resource="#_3acf92d4-5c53-19db-8a72-2dbe853981fb" />
    <cim:SvVoltage.angle>-3.39963</cim:SvVoltage.angle>
    <cim:SvVoltage.v>4.24424</cim:SvVoltage.v>
  </cim:SvVoltage>
  <cim:SvVoltage rdf:ID="_b94567b7-4781-4d6e-b057-fdbd7061cc2d">
    <cim:SvVoltage.TopologicalNode rdf:resource="#_1da9d848-166c-c9ef-f130-83c37bba9567" />
    <cim:SvVoltage.angle>117.851</cim:SvVoltage.angle>
    <cim:SvVoltage.v>4.26596</cim:SvVoltage.v>
  </cim:SvVoltage>
  <cim:SvVoltage rdf:ID="_926b0541-5143-4359-a6b8-4f74a48550d6">
    <cim:SvVoltage.TopologicalNode rdf:resource="#_2f867da3-da9a-f637-9d0b-b03bda1c38ea" />
    <cim:SvVoltage.angle>-4.81049</cim:SvVoltage.angle>
    <cim:SvVoltage.v>4.19992</cim:SvVoltage.v>
  </cim:SvVoltage>
  <cim:SvVoltage rdf:ID="_d0eae600-cafb-44a1-9564-6ea018e34920">
    <cim:SvVoltage.TopologicalNode rdf:resource="#_2f6bd27e-da18-2562-25c8-d1fedb0d6b0e" />
    <cim:SvVoltage.angle>-5.29119</cim:SvVoltage.angle>
    <cim:SvVoltage.v>4.18542</cim:SvVoltage.v>
  </cim:SvVoltage>
  <cim:SvVoltage rdf:ID="_ca83feaf-e041-436d-b999-cdbd10a1b76b">
    <cim:SvVoltage.TopologicalNode rdf:resource="#_a6cefd2d-8db8-8d38-702e-e242cc67751c" />
    <cim:SvVoltage.angle>-5.29119</cim:SvVoltage.angle>
    <cim:SvVoltage.v>4.18542</cim:SvVoltage.v>
  </cim:SvVoltage>
  <cim:SvVoltage rdf:ID="_917b4b70-77d1-48e9-9c6c-b7174a1bf9a1">
    <cim:SvVoltage.TopologicalNode rdf:resource="#_248f6960-32b6-7581-04bb-c0af20532792" />
    <cim:SvVoltage.angle>-3.21891</cim:SvVoltage.angle>
    <cim:SvVoltage.v>0.481329</cim:SvVoltage.v>
  </cim:SvVoltage>
  <cim:SvVoltage rdf:ID="_e1eec49f-3f35-470f-a6aa-c9e0171a8e31">
    <cim:SvVoltage.TopologicalNode rdf:resource="#_92397dd4-26ca-15f7-28da-c1a21905c98f" />
    <cim:SvVoltage.angle>-2.48445</cim:SvVoltage.angle>
    <cim:SvVoltage.v>4.27447</cim:SvVoltage.v>
  </cim:SvVoltage>
  <cim:SvVoltage rdf:ID="_3b8e7a7a-ece6-4bbb-ab0b-39eb5ebae546">
    <cim:SvVoltage.TopologicalNode rdf:resource="#_c2b438b3-bff1-9405-d379-fca48d7583e5" />
    <cim:SvVoltage.angle>-4.33504</cim:SvVoltage.angle>
    <cim:SvVoltage.v>4.21456</cim:SvVoltage.v>
  </cim:SvVoltage>
  <cim:SvVoltage rdf:ID="_481be95c-606b-4515-913f-a77e8fd74d04">
    <cim:SvVoltage.TopologicalNode rdf:resource="#_4c8d6321-ae89-d39a-a846-1386397e258c" />
    <cim:SvVoltage.angle>-2.93954</cim:SvVoltage.angle>
    <cim:SvVoltage.v>4.25929</cim:SvVoltage.v>
  </cim:SvVoltage>
  <cim:SvVoltage rdf:ID="_53bd5039-9077-48f4-bf09-d56accb9bf19">
    <cim:SvVoltage.TopologicalNode rdf:resource="#_ad598f7d-d43d-7155-1ffd-e5708f42e700" />
    <cim:SvVoltage.angle>117.896</cim:SvVoltage.angle>
    <cim:SvVoltage.v>4.25547</cim:SvVoltage.v>
  </cim:SvVoltage>
  <cim:SvVoltage rdf:ID="_903c95e1-e7e2-49e1-a229-a51718313215">
    <cim:SvVoltage.TopologicalNode rdf:resource="#_5fe4573c-e2f4-9dc5-3818-78182743e098" />
    <cim:SvVoltage.angle>-5.22623</cim:SvVoltage.angle>
    <cim:SvVoltage.v>2.35865</cim:SvVoltage.v>
  </cim:SvVoltage>
  <cim:SvVoltage rdf:ID="_07809703-8cb3-416a-97c7-44858be5a7c1">
    <cim:SvVoltage.TopologicalNode rdf:resource="#_b121a7b6-f97e-d7f9-e6ec-44d0e65d9dd4" />
    <cim:SvVoltage.angle>-3.86477</cim:SvVoltage.angle>
    <cim:SvVoltage.v>4.22933</cim:SvVoltage.v>
  </cim:SvVoltage>
  <cim:SvVoltage rdf:ID="_fe5559e8-5e1f-4588-bdea-e9d587bcd959">
    <cim:SvVoltage.TopologicalNode rdf:resource="#_8416dcc3-983d-ef49-632e-9901c6e56383" />
    <cim:SvVoltage.angle>-5.64555</cim:SvVoltage.angle>
    <cim:SvVoltage.v>4.17668</cim:SvVoltage.v>
  </cim:SvVoltage>
  <cim:SvVoltage rdf:ID="_9f138e5d-74f0-4e6b-a654-dea1b691448a">
    <cim:SvVoltage.TopologicalNode rdf:resource="#_a54e5a44-cf9a-7521-f4c2-711c3c393737" />
    <cim:SvVoltage.angle>-5.31421</cim:SvVoltage.angle>
    <cim:SvVoltage.v>4.1103</cim:SvVoltage.v>
  </cim:SvVoltage>
  <cim:SvVoltage rdf:ID="_8b79db40-2e20-4fad-b692-24c8d1e7ecf1">
    <cim:SvVoltage.TopologicalNode rdf:resource="#_de9cd1ad-0f57-d59b-fc40-7cdd6ae7346c" />
    <cim:SvVoltage.angle>0</cim:SvVoltage.angle>
    <cim:SvVoltage.v>4.16</cim:SvVoltage.v>
  </cim:SvVoltage>
  <cim:SvPowerFlow rdf:ID="_ff9fc996-663f-48b2-bf30-97e27d9dbb50">
    <cim:SvPowerFlow.Terminal rdf:resource="#_5c52f8f6-9505-3369-f3cd-cb4d1199011e" />
    <cim:SvPowerFlow.p>1.34923</cim:SvPowerFlow.p>
    <cim:SvPowerFlow.q>0.668555</cim:SvPowerFlow.q>
  </cim:SvPowerFlow>
  <cim:SvPowerFlow rdf:ID="_4b3c0287-e952-4c51-b228-9cc372cba237">
    <cim:SvPowerFlow.Terminal rdf:resource="#_538663d2-9a64-52b4-d4a1-0b4238c677d6" />
    <cim:SvPowerFlow.p>-1.25053</cim:SvPowerFlow.p>
    <cim:SvPowerFlow.q>-0.682106</cim:SvPowerFlow.q>
  </cim:SvPowerFlow>
  <cim:SvPowerFlow rdf:ID="_7aa01554-7914-4774-a5c0-60d99f58c90d">
    <cim:SvPowerFlow.Terminal rdf:resource="#_7571373d-fbe6-f72e-0648-8a9062400711" />
    <cim:SvPowerFlow.p>-2.64476</cim:SvPowerFlow.p>
    <cim:SvPowerFlow.q>-0.901479</cim:SvPowerFlow.q>
  </cim:SvPowerFlow>
  <cim:SvPowerFlow rdf:ID="_17551894-56e9-4063-9534-b94893af791c">
    <cim:SvPowerFlow.Terminal rdf:resource="#_fee99927-836d-aa3b-57d1-d00a65a92847" />
    <cim:SvPowerFlow.p>1.155</cim:SvPowerFlow.p>
    <cim:SvPowerFlow.q>0.66</cim:SvPowerFlow.q>
  </cim:SvPowerFlow>
  <cim:SvPowerFlow rdf:ID="_9db8d76d-467a-4084-94b4-e6e2ea996d02">
    <cim:SvPowerFlow.Terminal rdf:resource="#_bf6ecc2b-c2d4-ca66-5832-1325be40fe60" />
    <cim:SvPowerFlow.p>2.51283</cim:SvPowerFlow.p>
    <cim:SvPowerFlow.q>0.793827</cim:SvPowerFlow.q>
  </cim:SvPowerFlow>
  <cim:SvPowerFlow rdf:ID="_b72ecd1f-8977-4429-91df-c29bf8f6770c">
    <cim:SvPowerFlow.Terminal rdf:resource="#_dda88d12-86a8-297f-98a5-84c6cf88f81e" />
    <cim:SvPowerFlow.p>2.55872</cim:SvPowerFlow.p>
    <cim:SvPowerFlow.q>0.835793</cim:SvPowerFlow.q>
  </cim:SvPowerFlow>
  <cim:SvPowerFlow rdf:ID="_63ba940d-795a-4129-bcc0-7084a85ff315">
    <cim:SvPowerFlow.Terminal rdf:resource="#_fbc37fbf-f9e5-e597-8469-530e33e33bfe" />
    <cim:SvPowerFlow.p>-1.01566</cim:SvPowerFlow.p>
    <cim:SvPowerFlow.q>-0.00752117</cim:SvPowerFlow.q>
  </cim:SvPowerFlow>
  <cim:SvPowerFlow rdf:ID="_d9046476-696e-4c54-baa6-b92be5611d18">
    <cim:SvPowerFlow.Terminal rdf:resource="#_76bb6168-4841-e1f4-868c-0a45d931e9b1" />
    <cim:SvPowerFlow.p>0.240678</cim:SvPowerFlow.p>
    <cim:SvPowerFlow.q>0.138128</cim:SvPowerFlow.q>
  </cim:SvPowerFlow>
  <cim:SvPowerFlow rdf:ID="_7df0f316-2f46-48bc-bce4-0097f9574005">
    <cim:SvPowerFlow.Terminal rdf:resource="#_70301423-f6e1-0cf9-dde6-bef3e9cd123d" />
    <cim:SvPowerFlow.p>-2.5071</cim:SvPowerFlow.p>
    <cim:SvPowerFlow.q>-0.775566</cim:SvPowerFlow.q>
  </cim:SvPowerFlow>
  <cim:SvPowerFlow rdf:ID="_2704116d-8101-430e-a919-064ece8befb5">
    <cim:SvPowerFlow.Terminal rdf:resource="#_797501cc-7f2d-fdc6-bb38-0e1a7b61ab88" />
    <cim:SvPowerFlow.p>0.405432</cim:SvPowerFlow.p>
    <cim:SvPowerFlow.q>0.299908</cim:SvPowerFlow.q>
  </cim:SvPowerFlow>
  <cim:SvPowerFlow rdf:ID="_c43c8024-ade2-4379-b361-475d4d326d89">
    <cim:SvPowerFlow.Terminal rdf:resource="#_b41bdda6-6a9d-1edc-d28e-f2da3ede356c" />
    <cim:SvPowerFlow.p>0.168372</cim:SvPowerFlow.p>
    <cim:SvPowerFlow.q>0.149554</cim:SvPowerFlow.q>
  </cim:SvPowerFlow>
  <cim:SvPowerFlow rdf:ID="_b227ec5d-9a58-404a-b109-ccb6d722c14b">
    <cim:SvPowerFlow.Terminal rdf:resource="#_cb44938b-e02c-33ac-f3b8-472ddde06373" />
    <cim:SvPowerFlow.p>2.4671</cim:SvPowerFlow.p>
    <cim:SvPowerFlow.q>0.752366</cim:SvPowerFlow.q>
  </cim:SvPowerFlow>
  <cim:SvPowerFlow rdf:ID="_166787a6-fe99-4384-af4e-802ec199b9fa">
    <cim:SvPowerFlow.Terminal rdf:resource="#_5650346b-dd50-036f-2096-0e80930caae6" />
    <cim:SvPowerFlow.p>2.65097</cim:SvPowerFlow.p>
    <cim:SvPowerFlow.q>0.921297</cim:SvPowerFlow.q>
  </cim:SvPowerFlow>
  <cim:SvPowerFlow rdf:ID="_841e851a-68ee-4716-933d-227237568e9d">
    <cim:SvPowerFlow.Terminal rdf:resource="#_4e4ad936-bc53-722a-2070-1fa5dafa0632" />
    <cim:SvPowerFlow.p>-0.4</cim:SvPowerFlow.p>
    <cim:SvPowerFlow.q>-0.29</cim:SvPowerFlow.q>
  </cim:SvPowerFlow>
  <cim:SvPowerFlow rdf:ID="_a9709f6d-fa51-43e0-8dce-a65a316017b8">
    <cim:SvPowerFlow.Terminal rdf:resource="#_b510a5eb-d121-e312-8ea6-c08f0114dfda" />
    <cim:SvPowerFlow.p>-0.123445</cim:SvPowerFlow.p>
    <cim:SvPowerFlow.q>-0.0829393</cim:SvPowerFlow.q>
  </cim:SvPowerFlow>
  <cim:SvPowerFlow rdf:ID="_e375bdf4-620d-4f1d-aa78-db21455e30df">
    <cim:SvPowerFlow.Terminal rdf:resource="#_b7bbb168-ae7c-6fb1-cfea-efe9346b839d" />
    <cim:SvPowerFlow.p>0.123445</cim:SvPowerFlow.p>
    <cim:SvPowerFlow.q>0.0829393</cim:SvPowerFlow.q>
  </cim:SvPowerFlow>
  <cim:SvPowerFlow rdf:ID="_7026d8f4-cbd0-4a33-aea7-b6c8a908adf0">
    <cim:SvPowerFlow.Terminal rdf:resource="#_955d53cb-413b-dc28-f15b-e559766092f9" />
    <cim:SvPowerFlow.p>0.124327</cim:SvPowerFlow.p>
    <cim:SvPowerFlow.q>0.083184</cim:SvPowerFlow.q>
  </cim:SvPowerFlow>
  <cim:SvPowerFlow rdf:ID="_0613e5b5-8d58-4129-98ca-dc6fe7889e9f">
    <cim:SvPowerFlow.Terminal rdf:resource="#_91611127-a666-0040-9576-01b1fc9ea915" />
    <cim:SvPowerFlow.p>0.406239</cim:SvPowerFlow.p>
    <cim:SvPowerFlow.q>0.300931</cim:SvPowerFlow.q>
  </cim:SvPowerFlow>
  <cim:SvPowerFlow rdf:ID="_e4594867-505c-4e01-8324-92faa35dfac2">
    <cim:SvPowerFlow.Terminal rdf:resource="#_ea4cdba0-28e7-ee60-b534-56d9035efbd3" />
    <cim:SvPowerFlow.p>0.847285</cim:SvPowerFlow.p>
    <cim:SvPowerFlow.q>-0.142032</cim:SvPowerFlow.q>
  </cim:SvPowerFlow>
  <cim:SvPowerFlow rdf:ID="_7feb5b99-6a64-4d9a-8b2b-766f91a4f983">
    <cim:SvPowerFlow.Terminal rdf:resource="#_b93d466d-f099-8004-5dfd-fcca57e399cf" />
    <cim:SvPowerFlow.p>0.04</cim:SvPowerFlow.p>
    <cim:SvPowerFlow.q>0.0232</cim:SvPowerFlow.q>
  </cim:SvPowerFlow>
  <cim:SvPowerFlow rdf:ID="_a30cc268-dfe4-4cd4-88de-848e32251bb4">
    <cim:SvPowerFlow.Terminal rdf:resource="#_e369c0a6-2cd6-29ca-bd74-ade6ad88e93a" />
    <cim:SvPowerFlow.p>0.977486</cim:SvPowerFlow.p>
    <cim:SvPowerFlow.q>0.373753</cim:SvPowerFlow.q>
  </cim:SvPowerFlow>
  <cim:SvPowerFlow rdf:ID="_ef1e3eb0-2d97-4d93-9f58-6731b83b3620">
    <cim:SvPowerFlow.Terminal rdf:resource="#_d50a45e7-f86d-e8f3-067b-d0947235a35f" />
    <cim:SvPowerFlow.p>0.165572</cim:SvPowerFlow.p>
    <cim:SvPowerFlow.q>0.0779161</cim:SvPowerFlow.q>
  </cim:SvPowerFlow>
  <cim:SvPowerFlow rdf:ID="_978db54d-3a53-42cc-8e56-b44fd390a3b8">
    <cim:SvPowerFlow.Terminal rdf:resource="#_abd0a7e0-e916-602c-65d0-e42e66266d91" />
    <cim:SvPowerFlow.p>1.25053</cim:SvPowerFlow.p>
    <cim:SvPowerFlow.q>0.682106</cim:SvPowerFlow.q>
  </cim:SvPowerFlow>
  <cim:SvPowerFlow rdf:ID="_e2afd9cf-72b2-42ee-ab41-c9f809151600">
    <cim:SvPowerFlow.Terminal rdf:resource="#_1f7fd95f-fac4-965c-413c-c5ea303d6dd5" />
    <cim:SvPowerFlow.p>0.4</cim:SvPowerFlow.p>
    <cim:SvPowerFlow.q>0.29</cim:SvPowerFlow.q>
  </cim:SvPowerFlow>
  <cim:SvPowerFlow rdf:ID="_2fa83304-90fd-4af8-9b10-5fb9869664d9">
    <cim:SvPowerFlow.Terminal rdf:resource="#_047a7772-4ae7-4db6-532d-d1127525ae74" />
    <cim:SvPowerFlow.p>-2.69097</cim:SvPowerFlow.p>
    <cim:SvPowerFlow.q>-0.944497</cim:SvPowerFlow.q>
  </cim:SvPowerFlow>
  <cim:SvPowerFlow rdf:ID="_ce3a55b4-2a0f-4d94-ad78-64f95a7ed8ff">
    <cim:SvPowerFlow.Terminal rdf:resource="#_141e1ed6-4e49-73f5-d0a9-3d57d2f9e2a6" />
    <cim:SvPowerFlow.p>0</cim:SvPowerFlow.p>
    <cim:SvPowerFlow.q>0</cim:SvPowerFlow.q>
  </cim:SvPowerFlow>
  <cim:SvPowerFlow rdf:ID="_1722e8ca-5123-49f9-9c7c-366494f9738d">
    <cim:SvPowerFlow.Terminal rdf:resource="#_ac94495b-3173-d7b6-672e-c904f39fcbc3" />
    <cim:SvPowerFlow.p>-1.34923</cim:SvPowerFlow.p>
    <cim:SvPowerFlow.q>-0.668555</cim:SvPowerFlow.q>
  </cim:SvPowerFlow>
  <cim:SvPowerFlow rdf:ID="_ce59afca-7526-4c7d-9191-6d09cf885592">
    <cim:SvPowerFlow.Terminal rdf:resource="#_1de5d911-61b8-1019-1b29-9ab870ad9d47" />
    <cim:SvPowerFlow.p>0.17</cim:SvPowerFlow.p>
    <cim:SvPowerFlow.q>0.125</cim:SvPowerFlow.q>
  </cim:SvPowerFlow>
  <cim:SvPowerFlow rdf:ID="_35db448a-fc62-450e-9b9d-d810135129b6">
    <cim:SvPowerFlow.Terminal rdf:resource="#_1b3a8cdd-1986-06d7-e652-34b847ff5ddc" />
    <cim:SvPowerFlow.p>0.04</cim:SvPowerFlow.p>
    <cim:SvPowerFlow.q>0.0232</cim:SvPowerFlow.q>
  </cim:SvPowerFlow>
  <cim:SvPowerFlow rdf:ID="_9d3a3f4e-d8f6-4b3d-a3d8-17a1e5800734">
    <cim:SvPowerFlow.Terminal rdf:resource="#_1b752dfe-c2f3-0aeb-9e74-602a7a7ae429" />
    <cim:SvPowerFlow.p>0.843</cim:SvPowerFlow.p>
    <cim:SvPowerFlow.q>0.462</cim:SvPowerFlow.q>
  </cim:SvPowerFlow>
  <cim:SvPowerFlow rdf:ID="_50f3edbf-7c7a-4527-b1f7-8f11fc6bc175">
    <cim:SvPowerFlow.Terminal rdf:resource="#_ccb9f462-5ce5-862b-ca51-4476555bc3f1" />
    <cim:SvPowerFlow.p>-2.59872</cim:SvPowerFlow.p>
    <cim:SvPowerFlow.q>-0.858993</cim:SvPowerFlow.q>
  </cim:SvPowerFlow>
  <cim:SvPowerFlow rdf:ID="_da19e779-c50d-4191-84b9-8860d415f7e6">
    <cim:SvPowerFlow.Terminal rdf:resource="#_30672598-b90b-41a5-563f-0259b2f7dc27" />
    <cim:SvPowerFlow.p>0.04</cim:SvPowerFlow.p>
    <cim:SvPowerFlow.q>0.0232</cim:SvPowerFlow.q>
  </cim:SvPowerFlow>
  <cim:SvPowerFlow rdf:ID="_640bbd43-6edb-4e3a-981a-1f90efa6d2d6">
    <cim:SvPowerFlow.Terminal rdf:resource="#_e701066b-2ea4-21a2-f924-8b241fc7adae" />
    <cim:SvPowerFlow.p>1.01566</cim:SvPowerFlow.p>
    <cim:SvPowerFlow.q>0.00752117</cim:SvPowerFlow.q>
  </cim:SvPowerFlow>
  <cim:SvPowerFlow rdf:ID="_f80e7699-dec3-4caa-b337-be59463836b8">
    <cim:SvPowerFlow.Terminal rdf:resource="#_4a2dec85-69ac-bcae-cc22-e21942cb01b7" />
    <cim:SvPowerFlow.p>0.290863</cim:SvPowerFlow.p>
    <cim:SvPowerFlow.q>0.0670983</cim:SvPowerFlow.q>
  </cim:SvPowerFlow>
  <cim:SvPowerFlow rdf:ID="_5f53bd07-a471-4874-b1f3-e9ac8782c212">
    <cim:SvPowerFlow.Terminal rdf:resource="#_81dce898-dd5f-c1ad-933c-fa8dcfe5a004" />
    <cim:SvPowerFlow.p>0.04</cim:SvPowerFlow.p>
    <cim:SvPowerFlow.q>0.0232</cim:SvPowerFlow.q>
  </cim:SvPowerFlow>
  <cim:SvPowerFlow rdf:ID="_8dbd10ed-a0be-4929-a916-6239d2217800">
    <cim:SvPowerFlow.Terminal rdf:resource="#_f657a755-9679-2041-39e7-282c7f8d77ac" />
    <cim:SvPowerFlow.p>-0.411219</cim:SvPowerFlow.p>
    <cim:SvPowerFlow.q>-0.263556</cim:SvPowerFlow.q>
  </cim:SvPowerFlow>
  <cim:SvPowerFlow rdf:ID="_44636afa-ddef-4b78-8e32-d5ec0bbdf446">
    <cim:SvPowerFlow.Terminal rdf:resource="#_e412cb2f-eba3-86dd-1eb9-7181744aef56" />
    <cim:SvPowerFlow.p>-2.55283</cim:SvPowerFlow.p>
    <cim:SvPowerFlow.q>-0.817027</cim:SvPowerFlow.q>
  </cim:SvPowerFlow>
  <cim:SvPowerFlow rdf:ID="_c6058843-4e06-42c2-a7e6-1e7548acf9b4">
    <cim:SvPowerFlow.Terminal rdf:resource="#_08e04389-6738-31f7-a188-aeed4cae18fa" />
    <cim:SvPowerFlow.p>2.60476</cim:SvPowerFlow.p>
    <cim:SvPowerFlow.q>0.878279</cim:SvPowerFlow.q>
  </cim:SvPowerFlow>
  <cim:SvPowerFlow rdf:ID="_e040ef73-2284-4d0c-95cd-2d6742c44b42">
    <cim:SvPowerFlow.Terminal rdf:resource="#_cf194f66-ce03-d8a2-1649-5abfa24acc4a" />
    <cim:SvPowerFlow.p>0.413986</cim:SvPowerFlow.p>
    <cim:SvPowerFlow.q>0.265947</cim:SvPowerFlow.q>
  </cim:SvPowerFlow>
  <cim:SvPowerFlow rdf:ID="_1184d01f-7c9b-47f8-9935-60859f4d6f1c">
    <cim:SvPowerFlow.Terminal rdf:resource="#_2e5ce210-1359-f7a8-b479-7e80ed621351" />
    <cim:SvPowerFlow.p>2.69734</cim:SvPowerFlow.p>
    <cim:SvPowerFlow.q>0.96486</cim:SvPowerFlow.q>
  </cim:SvPowerFlow>
  <cim:SvPowerFlow rdf:ID="_3cd1f48a-b2ce-43b5-9db3-efb319fe7a8c">
    <cim:SvPowerFlow.Terminal rdf:resource="#_2bf074e7-a009-5270-4cf1-add2f28e17f7" />
    <cim:SvPowerFlow.p>0.241219</cim:SvPowerFlow.p>
    <cim:SvPowerFlow.q>0.138556</cim:SvPowerFlow.q>
  </cim:SvPowerFlow>
  <cim:SvPowerFlow rdf:ID="_64ad6395-63a9-4f98-b10b-a1b80f35ec7e">
    <cim:SvPowerFlow.Terminal rdf:resource="#_655bc2ff-ed62-ca24-e4b7-7fd8088b5772" />
    <cim:SvPowerFlow.p>0</cim:SvPowerFlow.p>
    <cim:SvPowerFlow.q>-0.607271</cim:SvPowerFlow.q>
  </cim:SvPowerFlow>
  <cim:SvPowerFlow rdf:ID="_8e769655-c9ea-40ca-8428-534718c80cd5">
    <cim:SvPowerFlow.Terminal rdf:resource="#_5e1317ef-d15e-7d92-6659-89bde1466435" />
    <cim:SvPowerFlow.p>-3.57725</cim:SvPowerFlow.p>
    <cim:SvPowerFlow.q>-1.72441</cim:SvPowerFlow.q>
  </cim:SvPowerFlow>
  <cim:SvPowerFlow rdf:ID="_46b289a0-1fc4-411e-ac27-872fc835aa82">
    <cim:SvPowerFlow.Terminal rdf:resource="#_db5234c1-df54-6898-8517-70838c0703ba" />
    <cim:SvPowerFlow.p>-0.405432</cim:SvPowerFlow.p>
    <cim:SvPowerFlow.q>-0.299908</cim:SvPowerFlow.q>
  </cim:SvPowerFlow>
  <cim:SvPowerFlow rdf:ID="_b24a627c-b6d5-4556-b08a-93399ca7d841">
    <cim:SvPowerFlow.Terminal rdf:resource="#_52049e97-4ddd-1155-b0ed-9922cc2ca924" />
    <cim:SvPowerFlow.p>-0.977486</cim:SvPowerFlow.p>
    <cim:SvPowerFlow.q>-0.373753</cim:SvPowerFlow.q>
  </cim:SvPowerFlow>
  <cim:SvPowerFlow rdf:ID="_4c0beba2-2ab2-44e0-9e2e-600569827d80">
    <cim:SvPowerFlow.Terminal rdf:resource="#_22a0acfe-63ba-3b48-5146-cd59b90b500b" />
    <cim:SvPowerFlow.p>-0.240678</cim:SvPowerFlow.p>
    <cim:SvPowerFlow.q>-0.138128</cim:SvPowerFlow.q>
  </cim:SvPowerFlow>
  <cim:SvPowerFlow rdf:ID="_0830e70a-5299-4a9b-8c67-dbcaae3d8bbc">
    <cim:SvPowerFlow.Terminal rdf:resource="#_8f911aaa-233e-c33a-b182-0ed36bfeed95" />
    <cim:SvPowerFlow.p>0.04</cim:SvPowerFlow.p>
    <cim:SvPowerFlow.q>0.0232</cim:SvPowerFlow.q>
  </cim:SvPowerFlow>
  <cim:SvPowerFlow rdf:ID="_99abac9c-5fbf-4104-b5fb-6d1b3ddcbb69">
    <cim:SvPowerFlow.Terminal rdf:resource="#_1f689611-a995-b20e-3114-76d258fbc780" />
    <cim:SvPowerFlow.p>-0.290281</cim:SvPowerFlow.p>
    <cim:SvPowerFlow.q>-0.0666286</cim:SvPowerFlow.q>
  </cim:SvPowerFlow>
  <cim:SvPowerFlow rdf:ID="_0d208c0b-e6a3-49d7-886a-c1eb119130f2">
    <cim:SvPowerFlow.Terminal rdf:resource="#_8daf295e-e361-3559-e215-d316bf6cf62d" />
    <cim:SvPowerFlow.p>0</cim:SvPowerFlow.p>
    <cim:SvPowerFlow.q>-2.41995e-5</cim:SvPowerFlow.q>
  </cim:SvPowerFlow>
  <cim:SvPowerFlow rdf:ID="_5226eb5c-da1e-420e-a0c0-3df4f81ddfb3">
    <cim:SvPowerFlow.Terminal rdf:resource="#_7fd648a0-f2fd-c141-23f7-9be6b8e207cb" />
    <cim:SvPowerFlow.p>-3.51756</cim:SvPowerFlow.p>
    <cim:SvPowerFlow.q>-1.53174</cim:SvPowerFlow.q>
  </cim:SvPowerFlow>
  <cim:SvPowerFlow rdf:ID="_e36b4be7-426d-4b9d-b8b0-b21bc8b2a1a4">
    <cim:SvPowerFlow.Terminal rdf:resource="#_88dcc672-ef37-3410-0ec6-d9357875d715" />
    <cim:SvPowerFlow.p>0.165954</cim:SvPowerFlow.p>
    <cim:SvPowerFlow.q>-0.0165554</cim:SvPowerFlow.q>
  </cim:SvPowerFlow>
  <cim:SvPowerFlow rdf:ID="_d1d35c32-b068-4af8-bb64-4db069c4177c">
    <cim:SvPowerFlow.Terminal rdf:resource="#_dbec6015-934b-4300-8d24-244c3907d802" />
    <cim:SvPowerFlow.p>3.57725</cim:SvPowerFlow.p>
    <cim:SvPowerFlow.q>1.72441</cim:SvPowerFlow.q>
  </cim:SvPowerFlow>
  <cim:SvPowerFlow rdf:ID="_86a8d64d-8180-43cd-b203-640ae6cc679f">
    <cim:SvPowerFlow.Terminal rdf:resource="#_4860f472-91bf-4027-4929-5b3af2161851" />
    <cim:SvPowerFlow.p>-0.843</cim:SvPowerFlow.p>
    <cim:SvPowerFlow.q>0.145271</cim:SvPowerFlow.q>
  </cim:SvPowerFlow>
  <cim:SvPowerFlow rdf:ID="_1041b797-c494-4f7c-81f9-c1bead064021">
    <cim:SvPowerFlow.Terminal rdf:resource="#_850fcf35-23a1-34a2-a16a-b27648848bff" />
    <cim:SvPowerFlow.p>-0.165572</cim:SvPowerFlow.p>
    <cim:SvPowerFlow.q>0.0169421</cim:SvPowerFlow.q>
  </cim:SvPowerFlow>
  <cim:SvPowerFlow rdf:ID="_faeb93da-12c9-4928-9ed6-08877ea630ec">
    <cim:SvPowerFlow.Terminal rdf:resource="#_9ea0a682-e8c4-d861-9ed0-db47e940e17a" />
    <cim:SvPowerFlow.p>-2.46152</cim:SvPowerFlow.p>
    <cim:SvPowerFlow.q>-0.734595</cim:SvPowerFlow.q>
  </cim:SvPowerFlow>
  <cim:SvTapStep rdf:ID="_c13a49ec-37a9-48d7-8430-e5b413483162">
    <cim:SvTapStep.TapChanger rdf:resource="#_2e32ce6e-611b-792d-355a-36180d46fb0d" />
    <cim:SvTapStep.position>8</cim:SvTapStep.position>
  </cim:SvTapStep>
  <cim:SvTapStep rdf:ID="_a0fdda82-af88-41d8-bb16-b892614c3747">
    <cim:SvTapStep.TapChanger rdf:resource="#_fc72169e-6514-64c1-3b05-44dfcaa128e3" />
    <cim:SvTapStep.position>11</cim:SvTapStep.position>
  </cim:SvTapStep>
  <cim:SvTapStep rdf:ID="_82cd5685-502f-4631-b821-05c901498385">
    <cim:SvTapStep.TapChanger rdf:resource="#_32ecea55-b373-83f3-b6ba-98dcbe9587db" />
    <cim:SvTapStep.position>10</cim:SvTapStep.position>
  </cim:SvTapStep>
  <cim:SvShuntCompensatorSections rdf:ID="_a62024e6-1f77-43c3-92c6-826bed662536">
    <cim:SvShuntCompensatorSections.ShuntCompensator rdf:resource="#_ad653152-429b-4838-a2e5-b7daa634811a" />
    <cim:SvShuntCompensatorSections.sections>1</cim:SvShuntCompensatorSections.sections>
  </cim:SvShuntCompensatorSections>
  <cim:TopologicalIsland rdf:ID="_d4ca4cf1-b8aa-49c7-968f-3479ef6c7211">
    <cim:IdentifiedObject.name>Island_001</cim:IdentifiedObject.name>
    <cim:TopologicalIsland.AngleRefTopologicalNode rdf:resource="#_de9cd1ad-0f57-d59b-fc40-7cdd6ae7346c" />
    <cim:TopologicalIsland.TopologicalNodes rdf:resource="#_c2b438b3-bff1-9405-d379-fca48d7583e5" />
    <cim:TopologicalIsland.TopologicalNodes rdf:resource="#_5fe4573c-e2f4-9dc5-3818-78182743e098" />
    <cim:TopologicalIsland.TopologicalNodes rdf:resource="#_248f6960-32b6-7581-04bb-c0af20532792" />
    <cim:TopologicalIsland.TopologicalNodes rdf:resource="#_a16d713b-7d58-1286-1c2e-cc5cf89446ef" />
    <cim:TopologicalIsland.TopologicalNodes rdf:resource="#_b121a7b6-f97e-d7f9-e6ec-44d0e65d9dd4" />
    <cim:TopologicalIsland.TopologicalNodes rdf:resource="#_1da9d848-166c-c9ef-f130-83c37bba9567" />
    <cim:TopologicalIsland.TopologicalNodes rdf:resource="#_271ef94c-5fe1-bef3-cc79-f07a2cdd1c0c" />
    <cim:TopologicalIsland.TopologicalNodes rdf:resource="#_a6cefd2d-8db8-8d38-702e-e242cc67751c" />
    <cim:TopologicalIsland.TopologicalNodes rdf:resource="#_2f6bd27e-da18-2562-25c8-d1fedb0d6b0e" />
    <cim:TopologicalIsland.TopologicalNodes rdf:resource="#_3acf92d4-5c53-19db-8a72-2dbe853981fb" />
    <cim:TopologicalIsland.TopologicalNodes rdf:resource="#_8416dcc3-983d-ef49-632e-9901c6e56383" />
    <cim:TopologicalIsland.TopologicalNodes rdf:resource="#_de9cd1ad-0f57-d59b-fc40-7cdd6ae7346c" />
    <cim:TopologicalIsland.TopologicalNodes rdf:resource="#_90937fce-cb0b-893d-f4cf-56e3297d18d6" />
    <cim:TopologicalIsland.TopologicalNodes rdf:resource="#_a54e5a44-cf9a-7521-f4c2-711c3c393737" />
    <cim:TopologicalIsland.TopologicalNodes rdf:resource="#_4c8d6321-ae89-d39a-a846-1386397e258c" />
    <cim:TopologicalIsland.TopologicalNodes rdf:resource="#_ad598f7d-d43d-7155-1ffd-e5708f42e700" />
    <cim:TopologicalIsland.TopologicalNodes rdf:resource="#_92397dd4-26ca-15f7-28da-c1a21905c98f" />
    <cim:TopologicalIsland.TopologicalNodes rdf:resource="#_a8277ffb-bd4a-43c6-4d49-209519c424e4" />
    <cim:TopologicalIsland.TopologicalNodes rdf:resource="#_2f867da3-da9a-f637-9d0b-b03bda1c38ea" />
  </cim:TopologicalIsland>
</rdf:RDF>