<?xml version="1.0" encoding="UTF-8"?>
<!-- Created with PowerFactory 2025 SP2 (x64) (digcimdb.dll ServicePack 0) -->
<rdf:RDF xmlns:cim="http://iec.ch/TC57/2013/CIM-schema-cim16#" xmlns:entsoe="http://entsoe.eu/CIM/SchemaExtension/3/1#" xmlns:md="http://iec.ch/TC57/61970-552/ModelDescription/1#" xmlns:rdf="http://www.w3.org/1999/02/22-rdf-syntax-ns#">
  <md:FullModel rdf:about="urn:uuid:e6896c27-95e5-4d30-b463-d3ffbe67f59f">
    <md:Model.DependentOn rdf:resource="urn:uuid:aaeab9b6-1418-45d2-8868-37896281fd36" />
    <md:Model.created>2025-07-10T14:31:57Z</md:Model.created>
    <md:Model.description />
    <md:Model.modelingAuthoritySet>unset</md:Model.modelingAuthoritySet>
    <md:Model.profile>http://entsoe.eu/CIM/Dynamics/3/1</md:Model.profile>
    <md:Model.scenarioTime>2016-01-01T11:00:00Z</md:Model.scenarioTime>
    <md:Model.version />
  </md:FullModel>
  <cim:EnergyConsumer rdf:about="#_cd99b7cf-eef9-4a60-881f-919c7ed5ca97">
    <cim:EnergyConsumer.LoadDynamics rdf:resource="#_ee49b88f-057a-6f0d-2910-a5d80dfbbcad" />
  </cim:EnergyConsumer>
  <cim:EnergyConsumer rdf:about="#_288d0af4-eb73-40ac-a5e7-cd0233ac1a6f">
    <cim:EnergyConsumer.LoadDynamics rdf:resource="#_83c7df4c-d16c-55e6-4c10-fc4b2d91b67b" />
  </cim:EnergyConsumer>
  <cim:EnergyConsumer rdf:about="#_c2799289-8758-4edb-8557-d85cedbb4776">
    <cim:EnergyConsumer.LoadDynamics rdf:resource="#_8a248a1e-d99b-2679-d5b5-b4e04c8dd0e3" />
  </cim:EnergyConsumer>
  <cim:EnergyConsumer rdf:about="#_94514c05-aa4d-45df-9946-a54f9fbf1a7a">
    <cim:EnergyConsumer.LoadDynamics rdf:resource="#_8a248a1e-d99b-2679-d5b5-b4e04c8dd0e3" />
  </cim:EnergyConsumer>
  <cim:EnergyConsumer rdf:about="#_87c319cb-8d7f-42e9-a4fc-7eb23b745cbe">
    <cim:EnergyConsumer.LoadDynamics rdf:resource="#_8a248a1e-d99b-2679-d5b5-b4e04c8dd0e3" />
  </cim:EnergyConsumer>
  <cim:EnergyConsumer rdf:about="#_39f9f9b5-898b-4d72-8523-26040c5d14a2">
    <cim:EnergyConsumer.LoadDynamics rdf:resource="#_8a248a1e-d99b-2679-d5b5-b4e04c8dd0e3" />
  </cim:EnergyConsumer>
  <cim:EnergyConsumer rdf:about="#_f58771e9-e300-4f4c-985c-6c63a5859cea">
    <cim:EnergyConsumer.LoadDynamics rdf:resource="#_395b2bcf-6df4-0171-8422-8cb3a151c785" />
  </cim:EnergyConsumer>
  <cim:EnergyConsumer rdf:about="#_147253ed-b0d7-4ff8-acea-6a2d5a1c875a">
    <cim:EnergyConsumer.LoadDynamics rdf:resource="#_8a248a1e-d99b-2679-d5b5-b4e04c8dd0e3" />
  </cim:EnergyConsumer>
  <cim:EnergyConsumer rdf:about="#_adfd3645-cc40-4abe-979d-23e4c89f0acf">
    <cim:EnergyConsumer.LoadDynamics rdf:resource="#_8a248a1e-d99b-2679-d5b5-b4e04c8dd0e3" />
  </cim:EnergyConsumer>
  <cim:EnergyConsumer rdf:about="#_df4c1cee-1607-4309-9fb1-dcddbf57f5a6">
    <cim:EnergyConsumer.LoadDynamics rdf:resource="#_a3fdfb14-e46b-3904-1577-8aeec7a1c45b" />
  </cim:EnergyConsumer>
  <cim:EnergyConsumer rdf:about="#_3b79d0ba-1ff4-4577-b6e8-560fc8c25f1a">
    <cim:EnergyConsumer.LoadDynamics rdf:resource="#_8a248a1e-d99b-2679-d5b5-b4e04c8dd0e3" />
  </cim:EnergyConsumer>
  <cim:EnergyConsumer rdf:about="#_29a31156-30c7-490f-a250-83f6f1615487">
    <cim:EnergyConsumer.LoadDynamics rdf:resource="#_5c737727-3d90-2c58-49f2-127c8961f1c5" />
  </cim:EnergyConsumer>
  <cim:EnergyConsumer rdf:about="#_8a9f9830-5d20-4ec5-be78-ca245d0fbe95">
    <cim:EnergyConsumer.LoadDynamics rdf:resource="#_a13b7be8-3093-339e-9fef-67ab9fa015e1" />
  </cim:EnergyConsumer>
  <cim:LoadStatic rdf:ID="_12376ddc-cc9d-60f3-e46b-7face6b3ccd2">
    <cim:LoadStatic.LoadAggregate rdf:resource="#_5c737727-3d90-2c58-49f2-127c8961f1c5" />
    <cim:LoadStatic.staticLoadModelType rdf:resource="http://iec.ch/TC57/2013/CIM-schema-cim16#StaticLoadModelKind.constantZ" />
  </cim:LoadStatic>
  <cim:LoadStatic rdf:ID="_87377659-ee15-7d20-e883-60166e8aec6a">
    <cim:LoadStatic.LoadAggregate rdf:resource="#_83c7df4c-d16c-55e6-4c10-fc4b2d91b67b" />
    <cim:LoadStatic.staticLoadModelType rdf:resource="http://iec.ch/TC57/2013/CIM-schema-cim16#StaticLoadModelKind.constantZ" />
  </cim:LoadStatic>
  <cim:LoadStatic rdf:ID="_3f79cb36-6315-5ae7-7ef1-4fd002b7bed5">
    <cim:LoadStatic.LoadAggregate rdf:resource="#_a3fdfb14-e46b-3904-1577-8aeec7a1c45b" />
    <cim:LoadStatic.staticLoadModelType rdf:resource="http://iec.ch/TC57/2013/CIM-schema-cim16#StaticLoadModelKind.constantZ" />
  </cim:LoadStatic>
  <cim:LoadStatic rdf:ID="_8528a07a-99bb-6d32-b895-9c75a57ef380">
    <cim:LoadStatic.LoadAggregate rdf:resource="#_8a248a1e-d99b-2679-d5b5-b4e04c8dd0e3" />
    <cim:LoadStatic.staticLoadModelType rdf:resource="http://iec.ch/TC57/2013/CIM-schema-cim16#StaticLoadModelKind.constantZ" />
  </cim:LoadStatic>
  <cim:LoadStatic rdf:ID="_4cfc7bf2-f297-f83c-4cb4-508c83a31128">
    <cim:LoadStatic.LoadAggregate rdf:resource="#_a13b7be8-3093-339e-9fef-67ab9fa015e1" />
    <cim:LoadStatic.staticLoadModelType rdf:resource="http://iec.ch/TC57/2013/CIM-schema-cim16#StaticLoadModelKind.constantZ" />
  </cim:LoadStatic>
  <cim:LoadStatic rdf:ID="_3bcca3e5-04d6-e920-a601-a476b2af492c">
    <cim:LoadStatic.LoadAggregate rdf:resource="#_ee49b88f-057a-6f0d-2910-a5d80dfbbcad" />
    <cim:LoadStatic.staticLoadModelType rdf:resource="http://iec.ch/TC57/2013/CIM-schema-cim16#StaticLoadModelKind.constantZ" />
  </cim:LoadStatic>
  <cim:LoadStatic rdf:ID="_c5c35eb7-ea9f-3fd4-c7d8-e214f6344cc0">
    <cim:LoadStatic.LoadAggregate rdf:resource="#_395b2bcf-6df4-0171-8422-8cb3a151c785" />
    <cim:LoadStatic.staticLoadModelType rdf:resource="http://iec.ch/TC57/2013/CIM-schema-cim16#StaticLoadModelKind.constantZ" />
  </cim:LoadStatic>
  <cim:LoadAggregate rdf:ID="_8a248a1e-d99b-2679-d5b5-b4e04c8dd0e3">
  </cim:LoadAggregate>
  <cim:LoadAggregate rdf:ID="_5c737727-3d90-2c58-49f2-127c8961f1c5">
  </cim:LoadAggregate>
  <cim:LoadAggregate rdf:ID="_83c7df4c-d16c-55e6-4c10-fc4b2d91b67b">
  </cim:LoadAggregate>
  <cim:LoadAggregate rdf:ID="_a3fdfb14-e46b-3904-1577-8aeec7a1c45b">
  </cim:LoadAggregate>
  <cim:LoadAggregate rdf:ID="_395b2bcf-6df4-0171-8422-8cb3a151c785">
  </cim:LoadAggregate>
  <cim:LoadAggregate rdf:ID="_ee49b88f-057a-6f0d-2910-a5d80dfbbcad">
  </cim:LoadAggregate>
  <cim:LoadAggregate rdf:ID="_a13b7be8-3093-339e-9fef-67ab9fa015e1">
  </cim:LoadAggregate>
</rdf:RDF>