<?xml version="1.0" encoding="UTF-8"?>
<!-- Created with PowerFactory 2025 SP2 (x64) (digcimdb.dll ServicePack 0) -->
<rdf:RDF xmlns:cim="http://iec.ch/TC57/2013/CIM-schema-cim16#" xmlns:entsoe="http://entsoe.eu/CIM/SchemaExtension/3/1#" xmlns:md="http://iec.ch/TC57/61970-552/ModelDescription/1#" xmlns:rdf="http://www.w3.org/1999/02/22-rdf-syntax-ns#">
  <md:FullModel rdf:about="urn:uuid:e3cae944-8b49-4c00-99e9-f1a30719d09c">
    <md:Model.DependentOn rdf:resource="urn:uuid:22084c71-8034-409c-bf09-0e54587c2167" />
    <md:Model.created>2025-07-10T14:31:05Z</md:Model.created>
    <md:Model.description />
    <md:Model.modelingAuthoritySet>unset</md:Model.modelingAuthoritySet>
    <md:Model.profile>http://entsoe.eu/CIM/GeographicalLocation/2/1</md:Model.profile>
    <md:Model.scenarioTime>2016-01-01T11:00:00Z</md:Model.scenarioTime>
    <md:Model.version />
  </md:FullModel>
</rdf:RDF>