<?xml version="1.0" encoding="UTF-8"?>
<!-- Created with PowerFactory 2025 SP2 (x64) (digcimdb.dll ServicePack 0) -->
<rdf:RDF xmlns:cim="http://iec.ch/TC57/2013/CIM-schema-cim16#" xmlns:entsoe="http://entsoe.eu/CIM/SchemaExtension/3/1#" xmlns:md="http://iec.ch/TC57/61970-552/ModelDescription/1#" xmlns:rdf="http://www.w3.org/1999/02/22-rdf-syntax-ns#">
  <md:FullModel rdf:about="urn:uuid:b202ab12-40ac-4ceb-a1fb-06c7858d6886">
    <md:Model.DependentOn rdf:resource="urn:uuid:22084c71-8034-409c-bf09-0e54587c2167" />
    <md:Model.created>2025-07-10T14:31:05Z</md:Model.created>
    <md:Model.description />
    <md:Model.modelingAuthoritySet>unset</md:Model.modelingAuthoritySet>
    <md:Model.profile>http://entsoe.eu/CIM/Dynamics/3/1</md:Model.profile>
    <md:Model.scenarioTime>2016-01-01T11:00:00Z</md:Model.scenarioTime>
    <md:Model.version />
  </md:FullModel>
  <cim:LoadAggregate rdf:ID="_b08fdfc3-02be-bfbd-7b84-973dbdf882f4">
  </cim:LoadAggregate>
  <cim:LoadAggregate rdf:ID="_ee49b88f-057a-6f0d-2910-a5d80dfbbcad">
  </cim:LoadAggregate>
  <cim:LoadAggregate rdf:ID="_395b2bcf-6df4-0171-8422-8cb3a151c785">
  </cim:LoadAggregate>
  <cim:LoadAggregate rdf:ID="_a3fdfb14-e46b-3904-1577-8aeec7a1c45b">
  </cim:LoadAggregate>
  <cim:LoadAggregate rdf:ID="_65fdad39-ae5f-9ac3-360c-388957309d60">
  </cim:LoadAggregate>
  <cim:LoadAggregate rdf:ID="_166398a6-b395-2d41-18e2-3cdddcf0ba9c">
  </cim:LoadAggregate>
  <cim:LoadAggregate rdf:ID="_3761dd53-b00e-4ebe-45d8-b33097afc370">
  </cim:LoadAggregate>
  <cim:LoadStatic rdf:ID="_ebb8aac0-1344-58a6-4fc6-b422a050f491">
    <cim:LoadStatic.LoadAggregate rdf:resource="#_3761dd53-b00e-4ebe-45d8-b33097afc370" />
    <cim:LoadStatic.staticLoadModelType rdf:resource="http://iec.ch/TC57/2013/CIM-schema-cim16#StaticLoadModelKind.constantZ" />
  </cim:LoadStatic>
  <cim:LoadStatic rdf:ID="_e1e71837-9628-c8f8-cf9b-a5735085529f">
    <cim:LoadStatic.LoadAggregate rdf:resource="#_166398a6-b395-2d41-18e2-3cdddcf0ba9c" />
    <cim:LoadStatic.staticLoadModelType rdf:resource="http://iec.ch/TC57/2013/CIM-schema-cim16#StaticLoadModelKind.constantZ" />
  </cim:LoadStatic>
  <cim:LoadStatic rdf:ID="_3f79cb36-6315-5ae7-7ef1-4fd002b7bed5">
    <cim:LoadStatic.LoadAggregate rdf:resource="#_a3fdfb14-e46b-3904-1577-8aeec7a1c45b" />
    <cim:LoadStatic.staticLoadModelType rdf:resource="http://iec.ch/TC57/2013/CIM-schema-cim16#StaticLoadModelKind.constantZ" />
  </cim:LoadStatic>
  <cim:LoadStatic rdf:ID="_c5c35eb7-ea9f-3fd4-c7d8-e214f6344cc0">
    <cim:LoadStatic.LoadAggregate rdf:resource="#_395b2bcf-6df4-0171-8422-8cb3a151c785" />
    <cim:LoadStatic.staticLoadModelType rdf:resource="http://iec.ch/TC57/2013/CIM-schema-cim16#StaticLoadModelKind.constantZ" />
  </cim:LoadStatic>
  <cim:LoadStatic rdf:ID="_3bcca3e5-04d6-e920-a601-a476b2af492c">
    <cim:LoadStatic.LoadAggregate rdf:resource="#_ee49b88f-057a-6f0d-2910-a5d80dfbbcad" />
    <cim:LoadStatic.staticLoadModelType rdf:resource="http://iec.ch/TC57/2013/CIM-schema-cim16#StaticLoadModelKind.constantZ" />
  </cim:LoadStatic>
  <cim:LoadStatic rdf:ID="_d4575fc1-95d9-7b74-4532-c40ae1c19858">
    <cim:LoadStatic.LoadAggregate rdf:resource="#_b08fdfc3-02be-bfbd-7b84-973dbdf882f4" />
    <cim:LoadStatic.staticLoadModelType rdf:resource="http://iec.ch/TC57/2013/CIM-schema-cim16#StaticLoadModelKind.constantZ" />
  </cim:LoadStatic>
  <cim:LoadStatic rdf:ID="_7adb8641-e026-416c-2360-91fffb487bbd">
    <cim:LoadStatic.LoadAggregate rdf:resource="#_65fdad39-ae5f-9ac3-360c-388957309d60" />
    <cim:LoadStatic.staticLoadModelType rdf:resource="http://iec.ch/TC57/2013/CIM-schema-cim16#StaticLoadModelKind.constantZ" />
  </cim:LoadStatic>
  <cim:EnergyConsumer rdf:about="#_288d0af4-eb73-40ac-a5e7-cd0233ac1a6f">
    <cim:EnergyConsumer.LoadDynamics rdf:resource="#_b08fdfc3-02be-bfbd-7b84-973dbdf882f4" />
  </cim:EnergyConsumer>
  <cim:EnergyConsumer rdf:about="#_cd99b7cf-eef9-4a60-881f-919c7ed5ca97">
    <cim:EnergyConsumer.LoadDynamics rdf:resource="#_ee49b88f-057a-6f0d-2910-a5d80dfbbcad" />
  </cim:EnergyConsumer>
  <cim:EnergyConsumer rdf:about="#_147253ed-b0d7-4ff8-acea-6a2d5a1c875a">
    <cim:EnergyConsumer.LoadDynamics rdf:resource="#_3761dd53-b00e-4ebe-45d8-b33097afc370" />
  </cim:EnergyConsumer>
  <cim:EnergyConsumer rdf:about="#_c2799289-8758-4edb-8557-d85cedbb4776">
    <cim:EnergyConsumer.LoadDynamics rdf:resource="#_3761dd53-b00e-4ebe-45d8-b33097afc370" />
  </cim:EnergyConsumer>
  <cim:EnergyConsumer rdf:about="#_8a9f9830-5d20-4ec5-be78-ca245d0fbe95">
    <cim:EnergyConsumer.LoadDynamics rdf:resource="#_65fdad39-ae5f-9ac3-360c-388957309d60" />
  </cim:EnergyConsumer>
  <cim:EnergyConsumer rdf:about="#_87c319cb-8d7f-42e9-a4fc-7eb23b745cbe">
    <cim:EnergyConsumer.LoadDynamics rdf:resource="#_3761dd53-b00e-4ebe-45d8-b33097afc370" />
  </cim:EnergyConsumer>
  <cim:EnergyConsumer rdf:about="#_adfd3645-cc40-4abe-979d-23e4c89f0acf">
    <cim:EnergyConsumer.LoadDynamics rdf:resource="#_3761dd53-b00e-4ebe-45d8-b33097afc370" />
  </cim:EnergyConsumer>
  <cim:EnergyConsumer rdf:about="#_f58771e9-e300-4f4c-985c-6c63a5859cea">
    <cim:EnergyConsumer.LoadDynamics rdf:resource="#_395b2bcf-6df4-0171-8422-8cb3a151c785" />
  </cim:EnergyConsumer>
  <cim:EnergyConsumer rdf:about="#_29a31156-30c7-490f-a250-83f6f1615487">
    <cim:EnergyConsumer.LoadDynamics rdf:resource="#_166398a6-b395-2d41-18e2-3cdddcf0ba9c" />
  </cim:EnergyConsumer>
  <cim:EnergyConsumer rdf:about="#_df4c1cee-1607-4309-9fb1-dcddbf57f5a6">
    <cim:EnergyConsumer.LoadDynamics rdf:resource="#_a3fdfb14-e46b-3904-1577-8aeec7a1c45b" />
  </cim:EnergyConsumer>
  <cim:EnergyConsumer rdf:about="#_94514c05-aa4d-45df-9946-a54f9fbf1a7a">
    <cim:EnergyConsumer.LoadDynamics rdf:resource="#_3761dd53-b00e-4ebe-45d8-b33097afc370" />
  </cim:EnergyConsumer>
  <cim:EnergyConsumer rdf:about="#_39f9f9b5-898b-4d72-8523-26040c5d14a2">
    <cim:EnergyConsumer.LoadDynamics rdf:resource="#_3761dd53-b00e-4ebe-45d8-b33097afc370" />
  </cim:EnergyConsumer>
  <cim:EnergyConsumer rdf:about="#_3b79d0ba-1ff4-4577-b6e8-560fc8c25f1a">
    <cim:EnergyConsumer.LoadDynamics rdf:resource="#_3761dd53-b00e-4ebe-45d8-b33097afc370" />
  </cim:EnergyConsumer>
</rdf:RDF>