<?xml version="1.0" encoding="UTF-8"?>
<!-- Created with PowerFactory 2025 SP2 (x64) (digcimdb.dll ServicePack 0) -->
<rdf:RDF xmlns:cim="http://iec.ch/TC57/2013/CIM-schema-cim16#" xmlns:entsoe="http://entsoe.eu/CIM/SchemaExtension/3/1#" xmlns:md="http://iec.ch/TC57/61970-552/ModelDescription/1#" xmlns:rdf="http://www.w3.org/1999/02/22-rdf-syntax-ns#">
  <md:FullModel rdf:about="urn:uuid:319d18bd-e47e-412b-8722-d6feb10ddedf">
    <md:Model.DependentOn rdf:resource="urn:uuid:871e50cf-f389-42b0-a010-39f46ef54764" />
    <md:Model.DependentOn rdf:resource="urn:uuid:1853212e-de50-4db1-a4f3-c566f2965d72" />
    <md:Model.created>2025-07-10T14:31:05Z</md:Model.created>
    <md:Model.description />
    <md:Model.modelingAuthoritySet>unset</md:Model.modelingAuthoritySet>
    <md:Model.profile>http://entsoe.eu/CIM/StateVariables/4/1</md:Model.profile>
    <md:Model.scenarioTime>2016-01-01T11:00:00Z</md:Model.scenarioTime>
    <md:Model.version />
  </md:FullModel>
  <cim:SvPowerFlow rdf:ID="_2509d739-d7e4-4a67-912f-5cbcf7f1fce7">
    <cim:SvPowerFlow.Terminal rdf:resource="#_1f689611-a995-b20e-3114-76d258fbc780" />
    <cim:SvPowerFlow.p>-0.290452</cim:SvPowerFlow.p>
    <cim:SvPowerFlow.q>-0.0667305</cim:SvPowerFlow.q>
  </cim:SvPowerFlow>
  <cim:SvPowerFlow rdf:ID="_f98479c0-0c0c-4a81-9bc9-699cad94ccc9">
    <cim:SvPowerFlow.Terminal rdf:resource="#_52049e97-4ddd-1155-b0ed-9922cc2ca924" />
    <cim:SvPowerFlow.p>-0.978437</cim:SvPowerFlow.p>
    <cim:SvPowerFlow.q>-0.37422</cim:SvPowerFlow.q>
  </cim:SvPowerFlow>
  <cim:SvPowerFlow rdf:ID="_384e1491-988e-471d-8258-f7b3cbf4d791">
    <cim:SvPowerFlow.Terminal rdf:resource="#_955d53cb-413b-dc28-f15b-e559766092f9" />
    <cim:SvPowerFlow.p>0.124507</cim:SvPowerFlow.p>
    <cim:SvPowerFlow.q>0.0833048</cim:SvPowerFlow.q>
  </cim:SvPowerFlow>
  <cim:SvPowerFlow rdf:ID="_84e03700-383b-48ec-8dca-97d39e839d59">
    <cim:SvPowerFlow.Terminal rdf:resource="#_2e5ce210-1359-f7a8-b479-7e80ed621351" />
    <cim:SvPowerFlow.p>2.69781</cim:SvPowerFlow.p>
    <cim:SvPowerFlow.q>0.964839</cim:SvPowerFlow.q>
  </cim:SvPowerFlow>
  <cim:SvPowerFlow rdf:ID="_f7b99a5d-af64-49db-ac85-e413b1ce36ea">
    <cim:SvPowerFlow.Terminal rdf:resource="#_9ea0a682-e8c4-d861-9ed0-db47e940e17a" />
    <cim:SvPowerFlow.p>-2.46169</cim:SvPowerFlow.p>
    <cim:SvPowerFlow.q>-0.734724</cim:SvPowerFlow.q>
  </cim:SvPowerFlow>
  <cim:SvPowerFlow rdf:ID="_ba5c042f-3808-4c96-aa69-9733d33d2ba3">
    <cim:SvPowerFlow.Terminal rdf:resource="#_7fd648a0-f2fd-c141-23f7-9be6b8e207cb" />
    <cim:SvPowerFlow.p>-3.51877</cim:SvPowerFlow.p>
    <cim:SvPowerFlow.q>-1.53214</cim:SvPowerFlow.q>
  </cim:SvPowerFlow>
  <cim:SvPowerFlow rdf:ID="_ed913e2e-cd6f-41fb-8459-ce22c810f58e">
    <cim:SvPowerFlow.Terminal rdf:resource="#_e369c0a6-2cd6-29ca-bd74-ade6ad88e93a" />
    <cim:SvPowerFlow.p>0.978437</cim:SvPowerFlow.p>
    <cim:SvPowerFlow.q>0.37422</cim:SvPowerFlow.q>
  </cim:SvPowerFlow>
  <cim:SvPowerFlow rdf:ID="_57cdb4aa-5f59-446b-a96d-26e282f91e59">
    <cim:SvPowerFlow.Terminal rdf:resource="#_b510a5eb-d121-e312-8ea6-c08f0114dfda" />
    <cim:SvPowerFlow.p>-0.123782</cim:SvPowerFlow.p>
    <cim:SvPowerFlow.q>-0.0831659</cim:SvPowerFlow.q>
  </cim:SvPowerFlow>
  <cim:SvPowerFlow rdf:ID="_bac76dec-52e6-49a3-846a-8f01ffdc3363">
    <cim:SvPowerFlow.Terminal rdf:resource="#_08e04389-6738-31f7-a188-aeed4cae18fa" />
    <cim:SvPowerFlow.p>2.60507</cim:SvPowerFlow.p>
    <cim:SvPowerFlow.q>0.878209</cim:SvPowerFlow.q>
  </cim:SvPowerFlow>
  <cim:SvPowerFlow rdf:ID="_abf23e6b-3f3c-4edc-8a10-83e8ebeb623f">
    <cim:SvPowerFlow.Terminal rdf:resource="#_cb44938b-e02c-33ac-f3b8-472ddde06373" />
    <cim:SvPowerFlow.p>2.46729</cim:SvPowerFlow.p>
    <cim:SvPowerFlow.q>0.752416</cim:SvPowerFlow.q>
  </cim:SvPowerFlow>
  <cim:SvPowerFlow rdf:ID="_8b4bc98d-507c-468e-94b2-68e5f80ad44e">
    <cim:SvPowerFlow.Terminal rdf:resource="#_1b3a8cdd-1986-06d7-e652-34b847ff5ddc" />
    <cim:SvPowerFlow.p>0.04</cim:SvPowerFlow.p>
    <cim:SvPowerFlow.q>0.0232</cim:SvPowerFlow.q>
  </cim:SvPowerFlow>
  <cim:SvPowerFlow rdf:ID="_f5f34320-5a9c-4c86-adfd-0026272c020e">
    <cim:SvPowerFlow.Terminal rdf:resource="#_cf194f66-ce03-d8a2-1649-5abfa24acc4a" />
    <cim:SvPowerFlow.p>0.414612</cim:SvPowerFlow.p>
    <cim:SvPowerFlow.q>0.266189</cim:SvPowerFlow.q>
  </cim:SvPowerFlow>
  <cim:SvPowerFlow rdf:ID="_6d8e5e26-4df9-456d-96d8-c073af6806e3">
    <cim:SvPowerFlow.Terminal rdf:resource="#_84edb686-37c4-4941-884c-529c33714c12" />
    <cim:SvPowerFlow.p>0</cim:SvPowerFlow.p>
    <cim:SvPowerFlow.q>0</cim:SvPowerFlow.q>
  </cim:SvPowerFlow>
  <cim:SvPowerFlow rdf:ID="_d32d6955-e2c1-48fd-b79d-7d3f439fd30f">
    <cim:SvPowerFlow.Terminal rdf:resource="#_70301423-f6e1-0cf9-dde6-bef3e9cd123d" />
    <cim:SvPowerFlow.p>-2.50729</cim:SvPowerFlow.p>
    <cim:SvPowerFlow.q>-0.775616</cim:SvPowerFlow.q>
  </cim:SvPowerFlow>
  <cim:SvPowerFlow rdf:ID="_b5674d38-7eb3-49c1-8755-811a6e43311c">
    <cim:SvPowerFlow.Terminal rdf:resource="#_1de5d911-61b8-1019-1b29-9ab870ad9d47" />
    <cim:SvPowerFlow.p>0.17</cim:SvPowerFlow.p>
    <cim:SvPowerFlow.q>0.125</cim:SvPowerFlow.q>
  </cim:SvPowerFlow>
  <cim:SvPowerFlow rdf:ID="_ca29e85e-a9bb-4c40-8239-dc761c914c15">
    <cim:SvPowerFlow.Terminal rdf:resource="#_ac94495b-3173-d7b6-672e-c904f39fcbc3" />
    <cim:SvPowerFlow.p>-1.34917</cim:SvPowerFlow.p>
    <cim:SvPowerFlow.q>-0.668652</cim:SvPowerFlow.q>
  </cim:SvPowerFlow>
  <cim:SvPowerFlow rdf:ID="_35755ecc-c12c-4a1a-bb1d-7eed90675019">
    <cim:SvPowerFlow.Terminal rdf:resource="#_1b752dfe-c2f3-0aeb-9e74-602a7a7ae429" />
    <cim:SvPowerFlow.p>0.843</cim:SvPowerFlow.p>
    <cim:SvPowerFlow.q>0.462</cim:SvPowerFlow.q>
  </cim:SvPowerFlow>
  <cim:SvPowerFlow rdf:ID="_cdb46f84-27de-4080-bf02-b08bcf7990fa">
    <cim:SvPowerFlow.Terminal rdf:resource="#_5e1317ef-d15e-7d92-6659-89bde1466435" />
    <cim:SvPowerFlow.p>-3.57833</cim:SvPowerFlow.p>
    <cim:SvPowerFlow.q>-1.72512</cim:SvPowerFlow.q>
  </cim:SvPowerFlow>
  <cim:SvPowerFlow rdf:ID="_db61d0fe-dbf5-41fb-8a07-583efa9b14d3">
    <cim:SvPowerFlow.Terminal rdf:resource="#_141e1ed6-4e49-73f5-d0a9-3d57d2f9e2a6" />
    <cim:SvPowerFlow.p>0</cim:SvPowerFlow.p>
    <cim:SvPowerFlow.q>0</cim:SvPowerFlow.q>
  </cim:SvPowerFlow>
  <cim:SvPowerFlow rdf:ID="_d412523d-7127-4721-8564-029848fad055">
    <cim:SvPowerFlow.Terminal rdf:resource="#_91611127-a666-0040-9576-01b1fc9ea915" />
    <cim:SvPowerFlow.p>0.40635</cim:SvPowerFlow.p>
    <cim:SvPowerFlow.q>0.301113</cim:SvPowerFlow.q>
  </cim:SvPowerFlow>
  <cim:SvPowerFlow rdf:ID="_002ea914-6efe-43a8-8720-89d3fd62be1a">
    <cim:SvPowerFlow.Terminal rdf:resource="#_b93d466d-f099-8004-5dfd-fcca57e399cf" />
    <cim:SvPowerFlow.p>0.04</cim:SvPowerFlow.p>
    <cim:SvPowerFlow.q>0.0232</cim:SvPowerFlow.q>
  </cim:SvPowerFlow>
  <cim:SvPowerFlow rdf:ID="_313cf25c-d53d-48bb-80e9-c4cc73acbcc4">
    <cim:SvPowerFlow.Terminal rdf:resource="#_7571373d-fbe6-f72e-0648-8a9062400711" />
    <cim:SvPowerFlow.p>-2.64507</cim:SvPowerFlow.p>
    <cim:SvPowerFlow.q>-0.901409</cim:SvPowerFlow.q>
  </cim:SvPowerFlow>
  <cim:SvPowerFlow rdf:ID="_e80b68e0-df63-4f39-8dcf-00cd28d47634">
    <cim:SvPowerFlow.Terminal rdf:resource="#_30672598-b90b-41a5-563f-0259b2f7dc27" />
    <cim:SvPowerFlow.p>0.04</cim:SvPowerFlow.p>
    <cim:SvPowerFlow.q>0.0232</cim:SvPowerFlow.q>
  </cim:SvPowerFlow>
  <cim:SvPowerFlow rdf:ID="_167aca05-9869-4294-97a4-b828d1a1d8d3">
    <cim:SvPowerFlow.Terminal rdf:resource="#_22a0acfe-63ba-3b48-5146-cd59b90b500b" />
    <cim:SvPowerFlow.p>-0.240663</cim:SvPowerFlow.p>
    <cim:SvPowerFlow.q>-0.13812</cim:SvPowerFlow.q>
  </cim:SvPowerFlow>
  <cim:SvPowerFlow rdf:ID="_ad11df8d-197c-4900-8c6b-147bc7d442ed">
    <cim:SvPowerFlow.Terminal rdf:resource="#_dda88d12-86a8-297f-98a5-84c6cf88f81e" />
    <cim:SvPowerFlow.p>2.55897</cim:SvPowerFlow.p>
    <cim:SvPowerFlow.q>0.835741</cim:SvPowerFlow.q>
  </cim:SvPowerFlow>
  <cim:SvPowerFlow rdf:ID="_1402c0df-0853-4bd7-84a7-76a7e9476f57">
    <cim:SvPowerFlow.Terminal rdf:resource="#_88dcc672-ef37-3410-0ec6-d9357875d715" />
    <cim:SvPowerFlow.p>0.16597</cim:SvPowerFlow.p>
    <cim:SvPowerFlow.q>-0.0165731</cim:SvPowerFlow.q>
  </cim:SvPowerFlow>
  <cim:SvPowerFlow rdf:ID="_9ed54f29-5c7c-48ef-8530-4e82310afa9c">
    <cim:SvPowerFlow.Terminal rdf:resource="#_5c52f8f6-9505-3369-f3cd-cb4d1199011e" />
    <cim:SvPowerFlow.p>1.34917</cim:SvPowerFlow.p>
    <cim:SvPowerFlow.q>0.668652</cim:SvPowerFlow.q>
  </cim:SvPowerFlow>
  <cim:SvPowerFlow rdf:ID="_ca53d358-9791-4490-84a4-5c0f5dea39fe">
    <cim:SvPowerFlow.Terminal rdf:resource="#_538663d2-9a64-52b4-d4a1-0b4238c677d6" />
    <cim:SvPowerFlow.p>-1.25073</cim:SvPowerFlow.p>
    <cim:SvPowerFlow.q>-0.68225</cim:SvPowerFlow.q>
  </cim:SvPowerFlow>
  <cim:SvPowerFlow rdf:ID="_23c65cb3-59a4-4511-8d17-cd1fe82ea7a8">
    <cim:SvPowerFlow.Terminal rdf:resource="#_bf6ecc2b-c2d4-ca66-5832-1325be40fe60" />
    <cim:SvPowerFlow.p>2.51305</cim:SvPowerFlow.p>
    <cim:SvPowerFlow.q>0.793815</cim:SvPowerFlow.q>
  </cim:SvPowerFlow>
  <cim:SvPowerFlow rdf:ID="_1163b177-8f0b-4f8c-95b7-330b7b95815d">
    <cim:SvPowerFlow.Terminal rdf:resource="#_d50a45e7-f86d-e8f3-067b-d0947235a35f" />
    <cim:SvPowerFlow.p>0.165575</cim:SvPowerFlow.p>
    <cim:SvPowerFlow.q>0.0779177</cim:SvPowerFlow.q>
  </cim:SvPowerFlow>
  <cim:SvPowerFlow rdf:ID="_901d709d-c54f-45d6-81aa-ace6dd8a3b1b">
    <cim:SvPowerFlow.Terminal rdf:resource="#_f657a755-9679-2041-39e7-282c7f8d77ac" />
    <cim:SvPowerFlow.p>-0.411205</cim:SvPowerFlow.p>
    <cim:SvPowerFlow.q>-0.263548</cim:SvPowerFlow.q>
  </cim:SvPowerFlow>
  <cim:SvPowerFlow rdf:ID="_34dfcc20-f9ca-4c22-b459-62e057225eab">
    <cim:SvPowerFlow.Terminal rdf:resource="#_850fcf35-23a1-34a2-a16a-b27648848bff" />
    <cim:SvPowerFlow.p>-0.165575</cim:SvPowerFlow.p>
    <cim:SvPowerFlow.q>0.0169442</cim:SvPowerFlow.q>
  </cim:SvPowerFlow>
  <cim:SvPowerFlow rdf:ID="_5fabc3b7-97a5-4305-acf2-9e38bd1b5b6e">
    <cim:SvPowerFlow.Terminal rdf:resource="#_81dce898-dd5f-c1ad-933c-fa8dcfe5a004" />
    <cim:SvPowerFlow.p>0.04</cim:SvPowerFlow.p>
    <cim:SvPowerFlow.q>0.0232</cim:SvPowerFlow.q>
  </cim:SvPowerFlow>
  <cim:SvPowerFlow rdf:ID="_476ced59-4f1f-4409-bce4-e69f5d97b385">
    <cim:SvPowerFlow.Terminal rdf:resource="#_8f911aaa-233e-c33a-b182-0ed36bfeed95" />
    <cim:SvPowerFlow.p>0.04</cim:SvPowerFlow.p>
    <cim:SvPowerFlow.q>0.0232</cim:SvPowerFlow.q>
  </cim:SvPowerFlow>
  <cim:SvPowerFlow rdf:ID="_9350d82e-8da1-4927-a326-fe62fe605519">
    <cim:SvPowerFlow.Terminal rdf:resource="#_2bf074e7-a009-5270-4cf1-add2f28e17f7" />
    <cim:SvPowerFlow.p>0.241205</cim:SvPowerFlow.p>
    <cim:SvPowerFlow.q>0.138548</cim:SvPowerFlow.q>
  </cim:SvPowerFlow>
  <cim:SvPowerFlow rdf:ID="_ad62a97c-758a-4282-a871-879cb70ee385">
    <cim:SvPowerFlow.Terminal rdf:resource="#_e6505d9b-92f8-0df4-5ac8-513464e1bc46" />
    <cim:SvPowerFlow.p>0</cim:SvPowerFlow.p>
    <cim:SvPowerFlow.q>0</cim:SvPowerFlow.q>
  </cim:SvPowerFlow>
  <cim:SvPowerFlow rdf:ID="_5c7cb6d2-4a6e-4eb9-ac0f-4039560b6441">
    <cim:SvPowerFlow.Terminal rdf:resource="#_dbec6015-934b-4300-8d24-244c3907d802" />
    <cim:SvPowerFlow.p>3.57833</cim:SvPowerFlow.p>
    <cim:SvPowerFlow.q>1.72512</cim:SvPowerFlow.q>
  </cim:SvPowerFlow>
  <cim:SvPowerFlow rdf:ID="_a2bc4ddf-d58b-4a03-93af-cc96f3012e3f">
    <cim:SvPowerFlow.Terminal rdf:resource="#_797501cc-7f2d-fdc6-bb38-0e1a7b61ab88" />
    <cim:SvPowerFlow.p>0.405433</cim:SvPowerFlow.p>
    <cim:SvPowerFlow.q>0.299909</cim:SvPowerFlow.q>
  </cim:SvPowerFlow>
  <cim:SvPowerFlow rdf:ID="_6fbe83c5-fdac-494f-af8e-2dfe766cf0c4">
    <cim:SvPowerFlow.Terminal rdf:resource="#_9ab981e2-ea4c-fa30-eb9e-28e60717714f" />
    <cim:SvPowerFlow.p>0</cim:SvPowerFlow.p>
    <cim:SvPowerFlow.q>0</cim:SvPowerFlow.q>
  </cim:SvPowerFlow>
  <cim:SvPowerFlow rdf:ID="_57e92553-e284-4c4f-ace8-633ff917004d">
    <cim:SvPowerFlow.Terminal rdf:resource="#_ccb9f462-5ce5-862b-ca51-4476555bc3f1" />
    <cim:SvPowerFlow.p>-2.59897</cim:SvPowerFlow.p>
    <cim:SvPowerFlow.q>-0.858941</cim:SvPowerFlow.q>
  </cim:SvPowerFlow>
  <cim:SvPowerFlow rdf:ID="_87677727-0f5d-4000-969e-0830e51d877f">
    <cim:SvPowerFlow.Terminal rdf:resource="#_047a7772-4ae7-4db6-532d-d1127525ae74" />
    <cim:SvPowerFlow.p>-2.69135</cim:SvPowerFlow.p>
    <cim:SvPowerFlow.q>-0.944436</cim:SvPowerFlow.q>
  </cim:SvPowerFlow>
  <cim:SvPowerFlow rdf:ID="_3b7f4401-e1dd-4db0-b88f-42c1f367681e">
    <cim:SvPowerFlow.Terminal rdf:resource="#_4e4ad936-bc53-722a-2070-1fa5dafa0632" />
    <cim:SvPowerFlow.p>-0.4</cim:SvPowerFlow.p>
    <cim:SvPowerFlow.q>-0.29</cim:SvPowerFlow.q>
  </cim:SvPowerFlow>
  <cim:SvPowerFlow rdf:ID="_487cde72-f5e0-414e-b4e3-45a088fa4576">
    <cim:SvPowerFlow.Terminal rdf:resource="#_e701066b-2ea4-21a2-f924-8b241fc7adae" />
    <cim:SvPowerFlow.p>1.01566</cim:SvPowerFlow.p>
    <cim:SvPowerFlow.q>0.00754179</cim:SvPowerFlow.q>
  </cim:SvPowerFlow>
  <cim:SvPowerFlow rdf:ID="_77fad472-7c20-4c06-9d66-e1216fb86821">
    <cim:SvPowerFlow.Terminal rdf:resource="#_8daf295e-e361-3559-e215-d316bf6cf62d" />
    <cim:SvPowerFlow.p>0</cim:SvPowerFlow.p>
    <cim:SvPowerFlow.q>-2.41987e-5</cim:SvPowerFlow.q>
  </cim:SvPowerFlow>
  <cim:SvPowerFlow rdf:ID="_d70a9c60-e8b8-4c2c-97be-be86d4cbbb17">
    <cim:SvPowerFlow.Terminal rdf:resource="#_76bb6168-4841-e1f4-868c-0a45d931e9b1" />
    <cim:SvPowerFlow.p>0.240663</cim:SvPowerFlow.p>
    <cim:SvPowerFlow.q>0.13812</cim:SvPowerFlow.q>
  </cim:SvPowerFlow>
  <cim:SvPowerFlow rdf:ID="_e4905e03-ac9f-4d53-865a-8784c6f2bcad">
    <cim:SvPowerFlow.Terminal rdf:resource="#_db5234c1-df54-6898-8517-70838c0703ba" />
    <cim:SvPowerFlow.p>-0.405433</cim:SvPowerFlow.p>
    <cim:SvPowerFlow.q>-0.299909</cim:SvPowerFlow.q>
  </cim:SvPowerFlow>
  <cim:SvPowerFlow rdf:ID="_d73c8227-e1b5-44ce-8064-15ca781d651e">
    <cim:SvPowerFlow.Terminal rdf:resource="#_b88bb96f-b088-8a73-5573-97ad75916896" />
    <cim:SvPowerFlow.p>0</cim:SvPowerFlow.p>
    <cim:SvPowerFlow.q>0</cim:SvPowerFlow.q>
  </cim:SvPowerFlow>
  <cim:SvPowerFlow rdf:ID="_36668850-6acc-430b-8702-53d2bc45bcee">
    <cim:SvPowerFlow.Terminal rdf:resource="#_4a2dec85-69ac-bcae-cc22-e21942cb01b7" />
    <cim:SvPowerFlow.p>0.291031</cim:SvPowerFlow.p>
    <cim:SvPowerFlow.q>0.0672063</cim:SvPowerFlow.q>
  </cim:SvPowerFlow>
  <cim:SvPowerFlow rdf:ID="_ec625196-be48-4fcf-9bb6-d828a477b38c">
    <cim:SvPowerFlow.Terminal rdf:resource="#_fee99927-836d-aa3b-57d1-d00a65a92847" />
    <cim:SvPowerFlow.p>1.155</cim:SvPowerFlow.p>
    <cim:SvPowerFlow.q>0.66</cim:SvPowerFlow.q>
  </cim:SvPowerFlow>
  <cim:SvPowerFlow rdf:ID="_06cb1238-0555-447b-8d80-ec706c0de86b">
    <cim:SvPowerFlow.Terminal rdf:resource="#_1f7fd95f-fac4-965c-413c-c5ea303d6dd5" />
    <cim:SvPowerFlow.p>0.4</cim:SvPowerFlow.p>
    <cim:SvPowerFlow.q>0.29</cim:SvPowerFlow.q>
  </cim:SvPowerFlow>
  <cim:SvPowerFlow rdf:ID="_ca2a73ce-05a0-46a1-878b-4854629d792b">
    <cim:SvPowerFlow.Terminal rdf:resource="#_8dc3f839-915e-465e-213b-fa34ea7eb8e5" />
    <cim:SvPowerFlow.p>0</cim:SvPowerFlow.p>
    <cim:SvPowerFlow.q>0</cim:SvPowerFlow.q>
  </cim:SvPowerFlow>
  <cim:SvPowerFlow rdf:ID="_290bcff2-5b52-4e38-b5ae-7c9369d396d3">
    <cim:SvPowerFlow.Terminal rdf:resource="#_e412cb2f-eba3-86dd-1eb9-7181744aef56" />
    <cim:SvPowerFlow.p>-2.55305</cim:SvPowerFlow.p>
    <cim:SvPowerFlow.q>-0.817016</cim:SvPowerFlow.q>
  </cim:SvPowerFlow>
  <cim:SvPowerFlow rdf:ID="_ba5c5b2d-337e-49ad-b814-7bcdf3f37ef6">
    <cim:SvPowerFlow.Terminal rdf:resource="#_4860f472-91bf-4027-4929-5b3af2161851" />
    <cim:SvPowerFlow.p>-0.843</cim:SvPowerFlow.p>
    <cim:SvPowerFlow.q>0.145249</cim:SvPowerFlow.q>
  </cim:SvPowerFlow>
  <cim:SvPowerFlow rdf:ID="_d50bd62c-af07-4fdc-9613-dc58c3779222">
    <cim:SvPowerFlow.Terminal rdf:resource="#_41c65d02-a148-89d4-70ba-d43505b8bec3" />
    <cim:SvPowerFlow.p>0</cim:SvPowerFlow.p>
    <cim:SvPowerFlow.q>0</cim:SvPowerFlow.q>
  </cim:SvPowerFlow>
  <cim:SvPowerFlow rdf:ID="_ca1e41cb-6c03-49f2-98b7-3edfc42dbdfd">
    <cim:SvPowerFlow.Terminal rdf:resource="#_abd0a7e0-e916-602c-65d0-e42e66266d91" />
    <cim:SvPowerFlow.p>1.25073</cim:SvPowerFlow.p>
    <cim:SvPowerFlow.q>0.68225</cim:SvPowerFlow.q>
  </cim:SvPowerFlow>
  <cim:SvPowerFlow rdf:ID="_370a3bd8-2c3a-4e6a-a12d-92a98c6c84fe">
    <cim:SvPowerFlow.Terminal rdf:resource="#_5650346b-dd50-036f-2096-0e80930caae6" />
    <cim:SvPowerFlow.p>2.65135</cim:SvPowerFlow.p>
    <cim:SvPowerFlow.q>0.921236</cim:SvPowerFlow.q>
  </cim:SvPowerFlow>
  <cim:SvPowerFlow rdf:ID="_7b57a93c-15ae-48c7-98a3-bad101d7f9fd">
    <cim:SvPowerFlow.Terminal rdf:resource="#_ea4cdba0-28e7-ee60-b534-56d9035efbd3" />
    <cim:SvPowerFlow.p>0.847285</cim:SvPowerFlow.p>
    <cim:SvPowerFlow.q>-0.14201</cim:SvPowerFlow.q>
  </cim:SvPowerFlow>
  <cim:SvPowerFlow rdf:ID="_d7e03317-9df1-46e5-b2fa-372cccbe2211">
    <cim:SvPowerFlow.Terminal rdf:resource="#_2ae8ef56-f0ac-489b-6d55-d84a67cc84b8" />
    <cim:SvPowerFlow.p>0</cim:SvPowerFlow.p>
    <cim:SvPowerFlow.q>-0.0948619</cim:SvPowerFlow.q>
  </cim:SvPowerFlow>
  <cim:SvPowerFlow rdf:ID="_e5b24290-1919-43fd-ab5b-6e39386b20bb">
    <cim:SvPowerFlow.Terminal rdf:resource="#_fbc37fbf-f9e5-e597-8469-530e33e33bfe" />
    <cim:SvPowerFlow.p>-1.01566</cim:SvPowerFlow.p>
    <cim:SvPowerFlow.q>-0.00754179</cim:SvPowerFlow.q>
  </cim:SvPowerFlow>
  <cim:SvPowerFlow rdf:ID="_1dbd4389-feb2-4aa0-ae98-4364565b2534">
    <cim:SvPowerFlow.Terminal rdf:resource="#_b41bdda6-6a9d-1edc-d28e-f2da3ede356c" />
    <cim:SvPowerFlow.p>0.16837</cim:SvPowerFlow.p>
    <cim:SvPowerFlow.q>0.149552</cim:SvPowerFlow.q>
  </cim:SvPowerFlow>
  <cim:SvPowerFlow rdf:ID="_b25d1eda-a29f-4ef4-a748-8f6f219b2fdb">
    <cim:SvPowerFlow.Terminal rdf:resource="#_655bc2ff-ed62-ca24-e4b7-7fd8088b5772" />
    <cim:SvPowerFlow.p>0</cim:SvPowerFlow.p>
    <cim:SvPowerFlow.q>-0.607249</cim:SvPowerFlow.q>
  </cim:SvPowerFlow>
  <cim:SvPowerFlow rdf:ID="_05c7653e-8640-4565-8e14-828b635860cd">
    <cim:SvPowerFlow.Terminal rdf:resource="#_b7bbb168-ae7c-6fb1-cfea-efe9346b839d" />
    <cim:SvPowerFlow.p>0.123782</cim:SvPowerFlow.p>
    <cim:SvPowerFlow.q>0.0831659</cim:SvPowerFlow.q>
  </cim:SvPowerFlow>
  <cim:SvVoltage rdf:ID="_d186451a-ef2e-4770-8486-67c55b633361">
    <cim:SvVoltage.TopologicalNode rdf:resource="#_2f6bd27e-da18-2562-25c8-d1fedb0d6b0e" />
    <cim:SvVoltage.angle>-5.29066</cim:SvVoltage.angle>
    <cim:SvVoltage.v>4.18536</cim:SvVoltage.v>
  </cim:SvVoltage>
  <cim:SvVoltage rdf:ID="_92877c52-6e9c-44b6-bbce-94783709b5b1">
    <cim:SvVoltage.TopologicalNode rdf:resource="#_271ef94c-5fe1-bef3-cc79-f07a2cdd1c0c" />
    <cim:SvVoltage.angle>115.775</cim:SvVoltage.angle>
    <cim:SvVoltage.v>2.33926</cim:SvVoltage.v>
  </cim:SvVoltage>
  <cim:SvVoltage rdf:ID="_5737adb9-a082-4583-8849-a3f009a395a8">
    <cim:SvVoltage.TopologicalNode rdf:resource="#_1da9d848-166c-c9ef-f130-83c37bba9567" />
    <cim:SvVoltage.angle>117.937</cim:SvVoltage.angle>
    <cim:SvVoltage.v>4.26583</cim:SvVoltage.v>
  </cim:SvVoltage>
  <cim:SvVoltage rdf:ID="_71fbb86e-f7cb-4ae8-a520-564f0ba9df04">
    <cim:SvVoltage.TopologicalNode rdf:resource="#_2f867da3-da9a-f637-9d0b-b03bda1c38ea" />
    <cim:SvVoltage.angle>-4.8225</cim:SvVoltage.angle>
    <cim:SvVoltage.v>4.19983</cim:SvVoltage.v>
  </cim:SvVoltage>
  <cim:SvVoltage rdf:ID="_de6c22d7-0ded-48e4-96e7-a1b79a4886fc">
    <cim:SvVoltage.TopologicalNode rdf:resource="#_90937fce-cb0b-893d-f4cf-56e3297d18d6" />
    <cim:SvVoltage.angle>-5.29066</cim:SvVoltage.angle>
    <cim:SvVoltage.v>4.18536</cim:SvVoltage.v>
  </cim:SvVoltage>
  <cim:SvVoltage rdf:ID="_c5690d73-6f2b-49f4-804f-441ed6507e37">
    <cim:SvVoltage.TopologicalNode rdf:resource="#_4c8d6321-ae89-d39a-a846-1386397e258c" />
    <cim:SvVoltage.angle>-2.99128</cim:SvVoltage.angle>
    <cim:SvVoltage.v>4.25917</cim:SvVoltage.v>
  </cim:SvVoltage>
  <cim:SvVoltage rdf:ID="_93e6013c-fa54-48ea-9e3e-85db173235e3">
    <cim:SvVoltage.TopologicalNode rdf:resource="#_a6cefd2d-8db8-8d38-702e-e242cc67751c" />
    <cim:SvVoltage.angle>-5.29066</cim:SvVoltage.angle>
    <cim:SvVoltage.v>4.18536</cim:SvVoltage.v>
  </cim:SvVoltage>
  <cim:SvVoltage rdf:ID="_7ab749a8-6f6a-4087-a4f6-e0e125d01fcb">
    <cim:SvVoltage.TopologicalNode rdf:resource="#_de9cd1ad-0f57-d59b-fc40-7cdd6ae7346c" />
    <cim:SvVoltage.angle>0</cim:SvVoltage.angle>
    <cim:SvVoltage.v>4.16</cim:SvVoltage.v>
  </cim:SvVoltage>
  <cim:SvVoltage rdf:ID="_f6f3640a-f38b-4ef9-8c50-eded6cd2f6cb">
    <cim:SvVoltage.TopologicalNode rdf:resource="#_8416dcc3-983d-ef49-632e-9901c6e56383" />
    <cim:SvVoltage.angle>-5.64502</cim:SvVoltage.angle>
    <cim:SvVoltage.v>4.17662</cim:SvVoltage.v>
  </cim:SvVoltage>
  <cim:SvVoltage rdf:ID="_0c838fa1-9077-43f8-a2e1-8cc78c38a53f">
    <cim:SvVoltage.TopologicalNode rdf:resource="#_678fccd6-ac24-3bbe-afd9-a23d2a0958f7" />
    <cim:SvVoltage.angle>0</cim:SvVoltage.angle>
    <cim:SvVoltage.v>0</cim:SvVoltage.v>
  </cim:SvVoltage>
  <cim:SvVoltage rdf:ID="_7ec06876-a892-4453-917a-d06af12a98a2">
    <cim:SvVoltage.TopologicalNode rdf:resource="#_c2b438b3-bff1-9405-d379-fca48d7583e5" />
    <cim:SvVoltage.angle>-4.35845</cim:SvVoltage.angle>
    <cim:SvVoltage.v>4.21445</cim:SvVoltage.v>
  </cim:SvVoltage>
  <cim:SvVoltage rdf:ID="_50f7590d-10b3-4b74-a75d-0d2f9fca62a0">
    <cim:SvVoltage.TopologicalNode rdf:resource="#_92397dd4-26ca-15f7-28da-c1a21905c98f" />
    <cim:SvVoltage.angle>-2.54397</cim:SvVoltage.angle>
    <cim:SvVoltage.v>4.27438</cim:SvVoltage.v>
  </cim:SvVoltage>
  <cim:SvVoltage rdf:ID="_b7055a82-0944-483b-9c8b-f574c7d649cf">
    <cim:SvVoltage.TopologicalNode rdf:resource="#_5fe4573c-e2f4-9dc5-3818-78182743e098" />
    <cim:SvVoltage.angle>-5.22566</cim:SvVoltage.angle>
    <cim:SvVoltage.v>2.36187</cim:SvVoltage.v>
  </cim:SvVoltage>
  <cim:SvVoltage rdf:ID="_4e3a91c7-e808-4ad3-94e8-ce3bc6a9f54f">
    <cim:SvVoltage.TopologicalNode rdf:resource="#_ad598f7d-d43d-7155-1ffd-e5708f42e700" />
    <cim:SvVoltage.angle>117.983</cim:SvVoltage.angle>
    <cim:SvVoltage.v>4.25534</cim:SvVoltage.v>
  </cim:SvVoltage>
  <cim:SvVoltage rdf:ID="_0a2dec94-2e42-4707-861a-267a9597676b">
    <cim:SvVoltage.TopologicalNode rdf:resource="#_a8277ffb-bd4a-43c6-4d49-209519c424e4" />
    <cim:SvVoltage.angle>0</cim:SvVoltage.angle>
    <cim:SvVoltage.v>4.39402</cim:SvVoltage.v>
  </cim:SvVoltage>
  <cim:SvVoltage rdf:ID="_bb323b88-63f2-4cb8-bf77-b9b456f24c2d">
    <cim:SvVoltage.TopologicalNode rdf:resource="#_3acf92d4-5c53-19db-8a72-2dbe853981fb" />
    <cim:SvVoltage.angle>-3.44281</cim:SvVoltage.angle>
    <cim:SvVoltage.v>4.24412</cim:SvVoltage.v>
  </cim:SvVoltage>
  <cim:SvVoltage rdf:ID="_d25629cd-f0dc-4970-9581-14d19b1b8adc">
    <cim:SvVoltage.TopologicalNode rdf:resource="#_248f6960-32b6-7581-04bb-c0af20532792" />
    <cim:SvVoltage.angle>-3.21784</cim:SvVoltage.angle>
    <cim:SvVoltage.v>0.481321</cim:SvVoltage.v>
  </cim:SvVoltage>
  <cim:SvVoltage rdf:ID="_02d0b3b5-1b35-4d10-b502-da65cc6f8f7a">
    <cim:SvVoltage.TopologicalNode rdf:resource="#_a54e5a44-cf9a-7521-f4c2-711c3c393737" />
    <cim:SvVoltage.angle>-5.31354</cim:SvVoltage.angle>
    <cim:SvVoltage.v>4.11025</cim:SvVoltage.v>
  </cim:SvVoltage>
  <cim:SvVoltage rdf:ID="_aba90f63-d40f-4fdc-87bd-e459ad2549b6">
    <cim:SvVoltage.TopologicalNode rdf:resource="#_8e993110-c572-097f-b0fd-ceb1fea45e80" />
    <cim:SvVoltage.angle>0</cim:SvVoltage.angle>
    <cim:SvVoltage.v>0</cim:SvVoltage.v>
  </cim:SvVoltage>
  <cim:SvVoltage rdf:ID="_5659788b-a59b-4aa4-b68b-4d33e26f0dd8">
    <cim:SvVoltage.TopologicalNode rdf:resource="#_a16d713b-7d58-1286-1c2e-cc5cf89446ef" />
    <cim:SvVoltage.angle>-2.54646</cim:SvVoltage.angle>
    <cim:SvVoltage.v>4.2638</cim:SvVoltage.v>
  </cim:SvVoltage>
  <cim:SvVoltage rdf:ID="_7f940cca-c8a9-4ddf-9bde-c871bfc1bfa5">
    <cim:SvVoltage.TopologicalNode rdf:resource="#_b121a7b6-f97e-d7f9-e6ec-44d0e65d9dd4" />
    <cim:SvVoltage.angle>-3.89854</cim:SvVoltage.angle>
    <cim:SvVoltage.v>4.22921</cim:SvVoltage.v>
  </cim:SvVoltage>
  <cim:SvTapStep rdf:ID="_19ef6caf-49d1-4419-9857-ac1e8181726d">
    <cim:SvTapStep.TapChanger rdf:resource="#_fc72169e-6514-64c1-3b05-44dfcaa128e3" />
    <cim:SvTapStep.position>11</cim:SvTapStep.position>
  </cim:SvTapStep>
  <cim:SvTapStep rdf:ID="_41f2fa4d-133d-4cf9-b616-b9c889197b9a">
    <cim:SvTapStep.TapChanger rdf:resource="#_32ecea55-b373-83f3-b6ba-98dcbe9587db" />
    <cim:SvTapStep.position>10</cim:SvTapStep.position>
  </cim:SvTapStep>
  <cim:SvTapStep rdf:ID="_d449fb94-7154-434a-a76b-710feb69623d">
    <cim:SvTapStep.TapChanger rdf:resource="#_2e32ce6e-611b-792d-355a-36180d46fb0d" />
    <cim:SvTapStep.position>8</cim:SvTapStep.position>
  </cim:SvTapStep>
  <cim:SvShuntCompensatorSections rdf:ID="_4e557596-9000-402a-9809-b7233fd9fada">
    <cim:SvShuntCompensatorSections.ShuntCompensator rdf:resource="#_ad653152-429b-4838-a2e5-b7daa634811a" />
    <cim:SvShuntCompensatorSections.sections>1</cim:SvShuntCompensatorSections.sections>
  </cim:SvShuntCompensatorSections>
  <cim:SvShuntCompensatorSections rdf:ID="_533dfe92-d176-4baf-91c8-50f7ba74c8f7">
    <cim:SvShuntCompensatorSections.ShuntCompensator rdf:resource="#_87f26876-4010-4a09-88a9-3b09054771b9" />
    <cim:SvShuntCompensatorSections.sections>1</cim:SvShuntCompensatorSections.sections>
  </cim:SvShuntCompensatorSections>
  <cim:TopologicalIsland rdf:ID="_a4d179d8-13d8-49cf-9255-010fccb64252">
    <cim:IdentifiedObject.name>Island_001</cim:IdentifiedObject.name>
    <cim:TopologicalIsland.AngleRefTopologicalNode rdf:resource="#_de9cd1ad-0f57-d59b-fc40-7cdd6ae7346c" />
    <cim:TopologicalIsland.TopologicalNodes rdf:resource="#_c2b438b3-bff1-9405-d379-fca48d7583e5" />
    <cim:TopologicalIsland.TopologicalNodes rdf:resource="#_5fe4573c-e2f4-9dc5-3818-78182743e098" />
    <cim:TopologicalIsland.TopologicalNodes rdf:resource="#_248f6960-32b6-7581-04bb-c0af20532792" />
    <cim:TopologicalIsland.TopologicalNodes rdf:resource="#_a16d713b-7d58-1286-1c2e-cc5cf89446ef" />
    <cim:TopologicalIsland.TopologicalNodes rdf:resource="#_b121a7b6-f97e-d7f9-e6ec-44d0e65d9dd4" />
    <cim:TopologicalIsland.TopologicalNodes rdf:resource="#_1da9d848-166c-c9ef-f130-83c37bba9567" />
    <cim:TopologicalIsland.TopologicalNodes rdf:resource="#_271ef94c-5fe1-bef3-cc79-f07a2cdd1c0c" />
    <cim:TopologicalIsland.TopologicalNodes rdf:resource="#_a6cefd2d-8db8-8d38-702e-e242cc67751c" />
    <cim:TopologicalIsland.TopologicalNodes rdf:resource="#_2f6bd27e-da18-2562-25c8-d1fedb0d6b0e" />
    <cim:TopologicalIsland.TopologicalNodes rdf:resource="#_3acf92d4-5c53-19db-8a72-2dbe853981fb" />
    <cim:TopologicalIsland.TopologicalNodes rdf:resource="#_8e993110-c572-097f-b0fd-ceb1fea45e80" />
    <cim:TopologicalIsland.TopologicalNodes rdf:resource="#_8416dcc3-983d-ef49-632e-9901c6e56383" />
    <cim:TopologicalIsland.TopologicalNodes rdf:resource="#_de9cd1ad-0f57-d59b-fc40-7cdd6ae7346c" />
    <cim:TopologicalIsland.TopologicalNodes rdf:resource="#_90937fce-cb0b-893d-f4cf-56e3297d18d6" />
    <cim:TopologicalIsland.TopologicalNodes rdf:resource="#_a54e5a44-cf9a-7521-f4c2-711c3c393737" />
    <cim:TopologicalIsland.TopologicalNodes rdf:resource="#_4c8d6321-ae89-d39a-a846-1386397e258c" />
    <cim:TopologicalIsland.TopologicalNodes rdf:resource="#_678fccd6-ac24-3bbe-afd9-a23d2a0958f7" />
    <cim:TopologicalIsland.TopologicalNodes rdf:resource="#_ad598f7d-d43d-7155-1ffd-e5708f42e700" />
    <cim:TopologicalIsland.TopologicalNodes rdf:resource="#_92397dd4-26ca-15f7-28da-c1a21905c98f" />
    <cim:TopologicalIsland.TopologicalNodes rdf:resource="#_a8277ffb-bd4a-43c6-4d49-209519c424e4" />
    <cim:TopologicalIsland.TopologicalNodes rdf:resource="#_2f867da3-da9a-f637-9d0b-b03bda1c38ea" />
  </cim:TopologicalIsland>
</rdf:RDF>