<?xml version="1.0" encoding="UTF-8"?>
<!-- Created with PowerFactory 2025 SP2 (x64) (digcimdb.dll ServicePack 0) -->
<rdf:RDF xmlns:cim="http://iec.ch/TC57/2013/CIM-schema-cim16#" xmlns:entsoe="http://entsoe.eu/CIM/SchemaExtension/3/1#" xmlns:md="http://iec.ch/TC57/61970-552/ModelDescription/1#" xmlns:rdf="http://www.w3.org/1999/02/22-rdf-syntax-ns#">
  <md:FullModel rdf:about="urn:uuid:871e50cf-f389-42b0-a010-39f46ef54764">
    <md:Model.DependentOn rdf:resource="urn:uuid:22084c71-8034-409c-bf09-0e54587c2167" />
    <md:Model.created>2025-07-10T14:31:05Z</md:Model.created>
    <md:Model.description />
    <md:Model.modelingAuthoritySet>unset</md:Model.modelingAuthoritySet>
    <md:Model.profile>http://entsoe.eu/CIM/SteadyStateHypothesis/1/1</md:Model.profile>
    <md:Model.scenarioTime>2016-01-01T11:00:00Z</md:Model.scenarioTime>
    <md:Model.version />
  </md:FullModel>
  <cim:Terminal rdf:about="#_5af5037d-b43c-9cce-737f-763fa5d0e627">
    <cim:ACDCTerminal.connected>true</cim:ACDCTerminal.connected>
  </cim:Terminal>
  <cim:Terminal rdf:about="#_9f542b8c-6920-3c7a-3981-787daaff314d">
    <cim:ACDCTerminal.connected>true</cim:ACDCTerminal.connected>
  </cim:Terminal>
  <cim:Terminal rdf:about="#_e412cb2f-eba3-86dd-1eb9-7181744aef56">
    <cim:ACDCTerminal.connected>true</cim:ACDCTerminal.connected>
  </cim:Terminal>
  <cim:Terminal rdf:about="#_fbc37fbf-f9e5-e597-8469-530e33e33bfe">
    <cim:ACDCTerminal.connected>true</cim:ACDCTerminal.connected>
  </cim:Terminal>
  <cim:Terminal rdf:about="#_cb44938b-e02c-33ac-f3b8-472ddde06373">
    <cim:ACDCTerminal.connected>true</cim:ACDCTerminal.connected>
  </cim:Terminal>
  <cim:Terminal rdf:about="#_8dc3f839-915e-465e-213b-fa34ea7eb8e5">
    <cim:ACDCTerminal.connected>true</cim:ACDCTerminal.connected>
  </cim:Terminal>
  <cim:Terminal rdf:about="#_8daf295e-e361-3559-e215-d316bf6cf62d">
    <cim:ACDCTerminal.connected>true</cim:ACDCTerminal.connected>
  </cim:Terminal>
  <cim:Terminal rdf:about="#_e701066b-2ea4-21a2-f924-8b241fc7adae">
    <cim:ACDCTerminal.connected>true</cim:ACDCTerminal.connected>
  </cim:Terminal>
  <cim:Terminal rdf:about="#_91611127-a666-0040-9576-01b1fc9ea915">
    <cim:ACDCTerminal.connected>true</cim:ACDCTerminal.connected>
  </cim:Terminal>
  <cim:Terminal rdf:about="#_ea4cdba0-28e7-ee60-b534-56d9035efbd3">
    <cim:ACDCTerminal.connected>true</cim:ACDCTerminal.connected>
  </cim:Terminal>
  <cim:Terminal rdf:about="#_cf194f66-ce03-d8a2-1649-5abfa24acc4a">
    <cim:ACDCTerminal.connected>true</cim:ACDCTerminal.connected>
  </cim:Terminal>
  <cim:Terminal rdf:about="#_f17528ed-ee63-670e-0101-ebcae56b7b45">
    <cim:ACDCTerminal.connected>true</cim:ACDCTerminal.connected>
  </cim:Terminal>
  <cim:Terminal rdf:about="#_bf6ecc2b-c2d4-ca66-5832-1325be40fe60">
    <cim:ACDCTerminal.connected>true</cim:ACDCTerminal.connected>
  </cim:Terminal>
  <cim:Terminal rdf:about="#_db5234c1-df54-6898-8517-70838c0703ba">
    <cim:ACDCTerminal.connected>true</cim:ACDCTerminal.connected>
  </cim:Terminal>
  <cim:Terminal rdf:about="#_9ea0a682-e8c4-d861-9ed0-db47e940e17a">
    <cim:ACDCTerminal.connected>true</cim:ACDCTerminal.connected>
  </cim:Terminal>
  <cim:Terminal rdf:about="#_8c415260-b74d-1d6c-6238-6e1d5428326c">
    <cim:ACDCTerminal.connected>true</cim:ACDCTerminal.connected>
  </cim:Terminal>
  <cim:Terminal rdf:about="#_3094cb68-6f99-5795-f48f-16064957c98d">
    <cim:ACDCTerminal.connected>true</cim:ACDCTerminal.connected>
  </cim:Terminal>
  <cim:Terminal rdf:about="#_ccb9f462-5ce5-862b-ca51-4476555bc3f1">
    <cim:ACDCTerminal.connected>true</cim:ACDCTerminal.connected>
  </cim:Terminal>
  <cim:Terminal rdf:about="#_ac94495b-3173-d7b6-672e-c904f39fcbc3">
    <cim:ACDCTerminal.connected>true</cim:ACDCTerminal.connected>
  </cim:Terminal>
  <cim:Terminal rdf:about="#_dbec6015-934b-4300-8d24-244c3907d802">
    <cim:ACDCTerminal.connected>true</cim:ACDCTerminal.connected>
  </cim:Terminal>
  <cim:Terminal rdf:about="#_955d53cb-413b-dc28-f15b-e559766092f9">
    <cim:ACDCTerminal.connected>true</cim:ACDCTerminal.connected>
  </cim:Terminal>
  <cim:Terminal rdf:about="#_e369c0a6-2cd6-29ca-bd74-ade6ad88e93a">
    <cim:ACDCTerminal.connected>true</cim:ACDCTerminal.connected>
  </cim:Terminal>
  <cim:Terminal rdf:about="#_f657a755-9679-2041-39e7-282c7f8d77ac">
    <cim:ACDCTerminal.connected>true</cim:ACDCTerminal.connected>
  </cim:Terminal>
  <cim:Terminal rdf:about="#_4b6b89b7-0adb-6443-16fb-df7c0e0d13f5">
    <cim:ACDCTerminal.connected>true</cim:ACDCTerminal.connected>
  </cim:Terminal>
  <cim:Terminal rdf:about="#_bf9b3ca9-5752-7299-c0c6-6aa371ed789f">
    <cim:ACDCTerminal.connected>true</cim:ACDCTerminal.connected>
  </cim:Terminal>
  <cim:Terminal rdf:about="#_dda88d12-86a8-297f-98a5-84c6cf88f81e">
    <cim:ACDCTerminal.connected>true</cim:ACDCTerminal.connected>
  </cim:Terminal>
  <cim:Terminal rdf:about="#_9ab981e2-ea4c-fa30-eb9e-28e60717714f">
    <cim:ACDCTerminal.connected>true</cim:ACDCTerminal.connected>
  </cim:Terminal>
  <cim:Terminal rdf:about="#_b510a5eb-d121-e312-8ea6-c08f0114dfda">
    <cim:ACDCTerminal.connected>true</cim:ACDCTerminal.connected>
  </cim:Terminal>
  <cim:Terminal rdf:about="#_e6505d9b-92f8-0df4-5ac8-513464e1bc46">
    <cim:ACDCTerminal.connected>true</cim:ACDCTerminal.connected>
  </cim:Terminal>
  <cim:Terminal rdf:about="#_ec02e17e-d223-7b0d-bea7-25cec826e352">
    <cim:ACDCTerminal.connected>true</cim:ACDCTerminal.connected>
  </cim:Terminal>
  <cim:Terminal rdf:about="#_a13a0ef7-6260-4bf7-67bd-8f6b2ec1d757">
    <cim:ACDCTerminal.connected>true</cim:ACDCTerminal.connected>
  </cim:Terminal>
  <cim:Terminal rdf:about="#_abb02f0d-9659-d03d-1703-7639378f0ae9">
    <cim:ACDCTerminal.connected>true</cim:ACDCTerminal.connected>
  </cim:Terminal>
  <cim:Terminal rdf:about="#_4f18b282-dd44-11fb-2455-8327916f3408">
    <cim:ACDCTerminal.connected>true</cim:ACDCTerminal.connected>
  </cim:Terminal>
  <cim:Terminal rdf:about="#_bc50285e-f4e5-76b1-cb1d-19d9ab5fe63d">
    <cim:ACDCTerminal.connected>true</cim:ACDCTerminal.connected>
  </cim:Terminal>
  <cim:Terminal rdf:about="#_34d11b81-4dd3-8f66-720c-c964414da735">
    <cim:ACDCTerminal.connected>true</cim:ACDCTerminal.connected>
  </cim:Terminal>
  <cim:Terminal rdf:about="#_5e1317ef-d15e-7d92-6659-89bde1466435">
    <cim:ACDCTerminal.connected>true</cim:ACDCTerminal.connected>
  </cim:Terminal>
  <cim:Terminal rdf:about="#_88dcc672-ef37-3410-0ec6-d9357875d715">
    <cim:ACDCTerminal.connected>true</cim:ACDCTerminal.connected>
  </cim:Terminal>
  <cim:Terminal rdf:about="#_ea50ae67-10d9-5a88-9ea0-40154e8f1592">
    <cim:ACDCTerminal.connected>true</cim:ACDCTerminal.connected>
  </cim:Terminal>
  <cim:Terminal rdf:about="#_047a7772-4ae7-4db6-532d-d1127525ae74">
    <cim:ACDCTerminal.connected>true</cim:ACDCTerminal.connected>
  </cim:Terminal>
  <cim:Terminal rdf:about="#_2e5ce210-1359-f7a8-b479-7e80ed621351">
    <cim:ACDCTerminal.connected>true</cim:ACDCTerminal.connected>
  </cim:Terminal>
  <cim:Terminal rdf:about="#_bcc07df7-d6c0-13ac-5d48-64c4f4643ce6">
    <cim:ACDCTerminal.connected>true</cim:ACDCTerminal.connected>
  </cim:Terminal>
  <cim:Terminal rdf:about="#_08e04389-6738-31f7-a188-aeed4cae18fa">
    <cim:ACDCTerminal.connected>true</cim:ACDCTerminal.connected>
  </cim:Terminal>
  <cim:Terminal rdf:about="#_630087cf-39fe-35ea-445b-7692ef0d86f2">
    <cim:ACDCTerminal.connected>true</cim:ACDCTerminal.connected>
  </cim:Terminal>
  <cim:Terminal rdf:about="#_57be57f4-8ce6-55e2-fec1-af18a9900988">
    <cim:ACDCTerminal.connected>true</cim:ACDCTerminal.connected>
  </cim:Terminal>
  <cim:Terminal rdf:about="#_4e4ad936-bc53-722a-2070-1fa5dafa0632">
    <cim:ACDCTerminal.connected>true</cim:ACDCTerminal.connected>
  </cim:Terminal>
  <cim:Terminal rdf:about="#_54f269f7-18e1-715f-91ba-867598c7bfa5">
    <cim:ACDCTerminal.connected>true</cim:ACDCTerminal.connected>
  </cim:Terminal>
  <cim:Terminal rdf:about="#_5c52f8f6-9505-3369-f3cd-cb4d1199011e">
    <cim:ACDCTerminal.connected>true</cim:ACDCTerminal.connected>
  </cim:Terminal>
  <cim:Terminal rdf:about="#_4a2dec85-69ac-bcae-cc22-e21942cb01b7">
    <cim:ACDCTerminal.connected>true</cim:ACDCTerminal.connected>
  </cim:Terminal>
  <cim:Terminal rdf:about="#_6c0cb7d2-3820-64dc-0bf3-f093f247c873">
    <cim:ACDCTerminal.connected>true</cim:ACDCTerminal.connected>
  </cim:Terminal>
  <cim:Terminal rdf:about="#_797501cc-7f2d-fdc6-bb38-0e1a7b61ab88">
    <cim:ACDCTerminal.connected>true</cim:ACDCTerminal.connected>
  </cim:Terminal>
  <cim:Terminal rdf:about="#_5923d2ef-073c-fe65-1d3a-d9c1e76e2144">
    <cim:ACDCTerminal.connected>true</cim:ACDCTerminal.connected>
  </cim:Terminal>
  <cim:Terminal rdf:about="#_e4853534-18f6-d5e3-b4b5-f21ee8417663">
    <cim:ACDCTerminal.connected>true</cim:ACDCTerminal.connected>
  </cim:Terminal>
  <cim:Terminal rdf:about="#_141e1ed6-4e49-73f5-d0a9-3d57d2f9e2a6">
    <cim:ACDCTerminal.connected>true</cim:ACDCTerminal.connected>
  </cim:Terminal>
  <cim:Terminal rdf:about="#_1f689611-a995-b20e-3114-76d258fbc780">
    <cim:ACDCTerminal.connected>true</cim:ACDCTerminal.connected>
  </cim:Terminal>
  <cim:Terminal rdf:about="#_1de5d911-61b8-1019-1b29-9ab870ad9d47">
    <cim:ACDCTerminal.connected>true</cim:ACDCTerminal.connected>
  </cim:Terminal>
  <cim:Terminal rdf:about="#_4860f472-91bf-4027-4929-5b3af2161851">
    <cim:ACDCTerminal.connected>true</cim:ACDCTerminal.connected>
  </cim:Terminal>
  <cim:Terminal rdf:about="#_7fd648a0-f2fd-c141-23f7-9be6b8e207cb">
    <cim:ACDCTerminal.connected>true</cim:ACDCTerminal.connected>
  </cim:Terminal>
  <cim:Terminal rdf:about="#_84edb686-37c4-4941-884c-529c33714c12">
    <cim:ACDCTerminal.connected>true</cim:ACDCTerminal.connected>
  </cim:Terminal>
  <cim:Terminal rdf:about="#_2ae8ef56-f0ac-489b-6d55-d84a67cc84b8">
    <cim:ACDCTerminal.connected>true</cim:ACDCTerminal.connected>
  </cim:Terminal>
  <cim:Terminal rdf:about="#_81dce898-dd5f-c1ad-933c-fa8dcfe5a004">
    <cim:ACDCTerminal.connected>true</cim:ACDCTerminal.connected>
  </cim:Terminal>
  <cim:Terminal rdf:about="#_b7bbb168-ae7c-6fb1-cfea-efe9346b839d">
    <cim:ACDCTerminal.connected>true</cim:ACDCTerminal.connected>
  </cim:Terminal>
  <cim:Terminal rdf:about="#_52049e97-4ddd-1155-b0ed-9922cc2ca924">
    <cim:ACDCTerminal.connected>true</cim:ACDCTerminal.connected>
  </cim:Terminal>
  <cim:Terminal rdf:about="#_22a0acfe-63ba-3b48-5146-cd59b90b500b">
    <cim:ACDCTerminal.connected>true</cim:ACDCTerminal.connected>
  </cim:Terminal>
  <cim:Terminal rdf:about="#_fee99927-836d-aa3b-57d1-d00a65a92847">
    <cim:ACDCTerminal.connected>true</cim:ACDCTerminal.connected>
  </cim:Terminal>
  <cim:Terminal rdf:about="#_5650346b-dd50-036f-2096-0e80930caae6">
    <cim:ACDCTerminal.connected>true</cim:ACDCTerminal.connected>
  </cim:Terminal>
  <cim:Terminal rdf:about="#_7571373d-fbe6-f72e-0648-8a9062400711">
    <cim:ACDCTerminal.connected>true</cim:ACDCTerminal.connected>
  </cim:Terminal>
  <cim:Terminal rdf:about="#_76bb6168-4841-e1f4-868c-0a45d931e9b1">
    <cim:ACDCTerminal.connected>true</cim:ACDCTerminal.connected>
  </cim:Terminal>
  <cim:Terminal rdf:about="#_41c65d02-a148-89d4-70ba-d43505b8bec3">
    <cim:ACDCTerminal.connected>true</cim:ACDCTerminal.connected>
  </cim:Terminal>
  <cim:Terminal rdf:about="#_655bc2ff-ed62-ca24-e4b7-7fd8088b5772">
    <cim:ACDCTerminal.connected>true</cim:ACDCTerminal.connected>
  </cim:Terminal>
  <cim:Terminal rdf:about="#_850fcf35-23a1-34a2-a16a-b27648848bff">
    <cim:ACDCTerminal.connected>true</cim:ACDCTerminal.connected>
  </cim:Terminal>
  <cim:Terminal rdf:about="#_abd0a7e0-e916-602c-65d0-e42e66266d91">
    <cim:ACDCTerminal.connected>true</cim:ACDCTerminal.connected>
  </cim:Terminal>
  <cim:Terminal rdf:about="#_2bf074e7-a009-5270-4cf1-add2f28e17f7">
    <cim:ACDCTerminal.connected>true</cim:ACDCTerminal.connected>
  </cim:Terminal>
  <cim:Terminal rdf:about="#_1b3a8cdd-1986-06d7-e652-34b847ff5ddc">
    <cim:ACDCTerminal.connected>true</cim:ACDCTerminal.connected>
  </cim:Terminal>
  <cim:Terminal rdf:about="#_505cdf22-155c-3d25-09d0-1a8224d983b6">
    <cim:ACDCTerminal.connected>true</cim:ACDCTerminal.connected>
  </cim:Terminal>
  <cim:Terminal rdf:about="#_8f911aaa-233e-c33a-b182-0ed36bfeed95">
    <cim:ACDCTerminal.connected>true</cim:ACDCTerminal.connected>
  </cim:Terminal>
  <cim:Terminal rdf:about="#_5d2567ec-9fef-548d-9e9c-d6c0b4ed421b">
    <cim:ACDCTerminal.connected>true</cim:ACDCTerminal.connected>
  </cim:Terminal>
  <cim:Terminal rdf:about="#_538663d2-9a64-52b4-d4a1-0b4238c677d6">
    <cim:ACDCTerminal.connected>true</cim:ACDCTerminal.connected>
  </cim:Terminal>
  <cim:Terminal rdf:about="#_d50a45e7-f86d-e8f3-067b-d0947235a35f">
    <cim:ACDCTerminal.connected>true</cim:ACDCTerminal.connected>
  </cim:Terminal>
  <cim:Terminal rdf:about="#_b93d466d-f099-8004-5dfd-fcca57e399cf">
    <cim:ACDCTerminal.connected>true</cim:ACDCTerminal.connected>
  </cim:Terminal>
  <cim:Terminal rdf:about="#_1f7fd95f-fac4-965c-413c-c5ea303d6dd5">
    <cim:ACDCTerminal.connected>true</cim:ACDCTerminal.connected>
  </cim:Terminal>
  <cim:Terminal rdf:about="#_2f92bb1c-d464-743d-4814-89c62943684e">
    <cim:ACDCTerminal.connected>true</cim:ACDCTerminal.connected>
  </cim:Terminal>
  <cim:Terminal rdf:about="#_e5764b02-25be-e4d1-4065-305d5a7203bc">
    <cim:ACDCTerminal.connected>true</cim:ACDCTerminal.connected>
  </cim:Terminal>
  <cim:Terminal rdf:about="#_1b752dfe-c2f3-0aeb-9e74-602a7a7ae429">
    <cim:ACDCTerminal.connected>true</cim:ACDCTerminal.connected>
  </cim:Terminal>
  <cim:Terminal rdf:about="#_30672598-b90b-41a5-563f-0259b2f7dc27">
    <cim:ACDCTerminal.connected>true</cim:ACDCTerminal.connected>
  </cim:Terminal>
  <cim:Terminal rdf:about="#_b41bdda6-6a9d-1edc-d28e-f2da3ede356c">
    <cim:ACDCTerminal.connected>true</cim:ACDCTerminal.connected>
  </cim:Terminal>
  <cim:Terminal rdf:about="#_b88bb96f-b088-8a73-5573-97ad75916896">
    <cim:ACDCTerminal.connected>true</cim:ACDCTerminal.connected>
  </cim:Terminal>
  <cim:Terminal rdf:about="#_70301423-f6e1-0cf9-dde6-bef3e9cd123d">
    <cim:ACDCTerminal.connected>true</cim:ACDCTerminal.connected>
  </cim:Terminal>
  <cim:LinearShuntCompensator rdf:about="#_87f26876-4010-4a09-88a9-3b09054771b9">
    <cim:RegulatingCondEq.controlEnabled>false</cim:RegulatingCondEq.controlEnabled>
    <cim:ShuntCompensator.sections>1</cim:ShuntCompensator.sections>
  </cim:LinearShuntCompensator>
  <cim:LinearShuntCompensator rdf:about="#_ad653152-429b-4838-a2e5-b7daa634811a">
    <cim:RegulatingCondEq.controlEnabled>false</cim:RegulatingCondEq.controlEnabled>
    <cim:ShuntCompensator.sections>1</cim:ShuntCompensator.sections>
  </cim:LinearShuntCompensator>
  <cim:RatioTapChanger rdf:about="#_32ecea55-b373-83f3-b6ba-98dcbe9587db">
    <cim:TapChanger.controlEnabled>false</cim:TapChanger.controlEnabled>
    <cim:TapChanger.step>10</cim:TapChanger.step>
  </cim:RatioTapChanger>
  <cim:RatioTapChanger rdf:about="#_2e32ce6e-611b-792d-355a-36180d46fb0d">
    <cim:TapChanger.controlEnabled>false</cim:TapChanger.controlEnabled>
    <cim:TapChanger.step>8</cim:TapChanger.step>
  </cim:RatioTapChanger>
  <cim:RatioTapChanger rdf:about="#_fc72169e-6514-64c1-3b05-44dfcaa128e3">
    <cim:TapChanger.controlEnabled>false</cim:TapChanger.controlEnabled>
    <cim:TapChanger.step>11</cim:TapChanger.step>
  </cim:RatioTapChanger>
  <cim:ConformLoad rdf:about="#_cd99b7cf-eef9-4a60-881f-919c7ed5ca97">
    <cim:EnergyConsumer.p>0.17</cim:EnergyConsumer.p>
    <cim:EnergyConsumer.q>0.151</cim:EnergyConsumer.q>
  </cim:ConformLoad>
  <cim:ConformLoad rdf:about="#_94514c05-aa4d-45df-9946-a54f9fbf1a7a">
    <cim:EnergyConsumer.p>0.04</cim:EnergyConsumer.p>
    <cim:EnergyConsumer.q>0.0232</cim:EnergyConsumer.q>
  </cim:ConformLoad>
  <cim:ConformLoad rdf:about="#_87c319cb-8d7f-42e9-a4fc-7eb23b745cbe">
    <cim:EnergyConsumer.p>0.843</cim:EnergyConsumer.p>
    <cim:EnergyConsumer.q>0.462</cim:EnergyConsumer.q>
  </cim:ConformLoad>
  <cim:ConformLoad rdf:about="#_adfd3645-cc40-4abe-979d-23e4c89f0acf">
    <cim:EnergyConsumer.p>0.04</cim:EnergyConsumer.p>
    <cim:EnergyConsumer.q>0.0232</cim:EnergyConsumer.q>
  </cim:ConformLoad>
  <cim:ConformLoad rdf:about="#_288d0af4-eb73-40ac-a5e7-cd0233ac1a6f">
    <cim:EnergyConsumer.p>0.128</cim:EnergyConsumer.p>
    <cim:EnergyConsumer.q>0.086</cim:EnergyConsumer.q>
  </cim:ConformLoad>
  <cim:ConformLoad rdf:about="#_39f9f9b5-898b-4d72-8523-26040c5d14a2">
    <cim:EnergyConsumer.p>0.04</cim:EnergyConsumer.p>
    <cim:EnergyConsumer.q>0.0232</cim:EnergyConsumer.q>
  </cim:ConformLoad>
  <cim:ConformLoad rdf:about="#_f58771e9-e300-4f4c-985c-6c63a5859cea">
    <cim:EnergyConsumer.p>0.23</cim:EnergyConsumer.p>
    <cim:EnergyConsumer.q>0.132</cim:EnergyConsumer.q>
  </cim:ConformLoad>
  <cim:ConformLoad rdf:about="#_147253ed-b0d7-4ff8-acea-6a2d5a1c875a">
    <cim:EnergyConsumer.p>0.04</cim:EnergyConsumer.p>
    <cim:EnergyConsumer.q>0.0232</cim:EnergyConsumer.q>
  </cim:ConformLoad>
  <cim:ConformLoad rdf:about="#_c2799289-8758-4edb-8557-d85cedbb4776">
    <cim:EnergyConsumer.p>0.4</cim:EnergyConsumer.p>
    <cim:EnergyConsumer.q>0.29</cim:EnergyConsumer.q>
  </cim:ConformLoad>
  <cim:ConformLoad rdf:about="#_3b79d0ba-1ff4-4577-b6e8-560fc8c25f1a">
    <cim:EnergyConsumer.p>0.04</cim:EnergyConsumer.p>
    <cim:EnergyConsumer.q>0.0232</cim:EnergyConsumer.q>
  </cim:ConformLoad>
  <cim:ConformLoad rdf:about="#_8a9f9830-5d20-4ec5-be78-ca245d0fbe95">
    <cim:EnergyConsumer.p>0.17</cim:EnergyConsumer.p>
    <cim:EnergyConsumer.q>0.08</cim:EnergyConsumer.q>
  </cim:ConformLoad>
  <cim:ConformLoad rdf:about="#_29a31156-30c7-490f-a250-83f6f1615487">
    <cim:EnergyConsumer.p>0.17</cim:EnergyConsumer.p>
    <cim:EnergyConsumer.q>0.125</cim:EnergyConsumer.q>
  </cim:ConformLoad>
  <cim:NonConformLoad rdf:about="#_df4c1cee-1607-4309-9fb1-dcddbf57f5a6">
    <cim:EnergyConsumer.p>1.155</cim:EnergyConsumer.p>
    <cim:EnergyConsumer.q>0.66</cim:EnergyConsumer.q>
  </cim:NonConformLoad>
  <cim:ExternalNetworkInjection rdf:about="#_26fea2a8-ad4d-4404-bffc-c636de71d883">
    <cim:ExternalNetworkInjection.p>0</cim:ExternalNetworkInjection.p>
    <cim:ExternalNetworkInjection.q>0</cim:ExternalNetworkInjection.q>
    <cim:ExternalNetworkInjection.referencePriority>1</cim:ExternalNetworkInjection.referencePriority>
    <cim:RegulatingCondEq.controlEnabled>true</cim:RegulatingCondEq.controlEnabled>
  </cim:ExternalNetworkInjection>
  <cim:RegulatingControl rdf:about="#_0185c1c3-4222-1b84-722d-597d38d85784">
    <cim:RegulatingControl.discrete>false</cim:RegulatingControl.discrete>
    <cim:RegulatingControl.enabled>true</cim:RegulatingControl.enabled>
    <cim:RegulatingControl.targetValue>4.16</cim:RegulatingControl.targetValue>
    <cim:RegulatingControl.targetValueUnitMultiplier rdf:resource="http://iec.ch/TC57/2013/CIM-schema-cim16#UnitMultiplier.k" />
  </cim:RegulatingControl>
  <cim:Disconnector rdf:about="#_f13b8139-ffd1-4f4a-ac37-f5946b0ace08">
    <cim:Switch.open>false</cim:Switch.open>
  </cim:Disconnector>
</rdf:RDF>