<?xml version="1.0" encoding="UTF-8"?>
<!-- Created with PowerFactory 2025 SP2 (x64) (digcimdb.dll ServicePack 0) -->
<rdf:RDF xmlns:cim="http://iec.ch/TC57/2013/CIM-schema-cim16#" xmlns:entsoe="http://entsoe.eu/CIM/SchemaExtension/3/1#" xmlns:md="http://iec.ch/TC57/61970-552/ModelDescription/1#" xmlns:rdf="http://www.w3.org/1999/02/22-rdf-syntax-ns#">
  <md:FullModel rdf:about="urn:uuid:35bf4c93-c310-4a4b-a29a-6f49ada8b045">
    <md:Model.DependentOn rdf:resource="urn:uuid:28453ccb-30e0-44a5-823b-7d0e8169575e" />
    <md:Model.created>2025-07-10T14:29:37Z</md:Model.created>
    <md:Model.description />
    <md:Model.modelingAuthoritySet>unset</md:Model.modelingAuthoritySet>
    <md:Model.profile>http://entsoe.eu/CIM/GeographicalLocation/2/1</md:Model.profile>
    <md:Model.scenarioTime>2014-05-28T08:00:00Z</md:Model.scenarioTime>
    <md:Model.version />
  </md:FullModel>
</rdf:RDF>