<?xml version="1.0" encoding="UTF-8"?>
<!-- Created with PowerFactory 2025 SP2 (x64) (digcimdb.dll ServicePack 0) -->
<rdf:RDF xmlns:cim="http://iec.ch/TC57/2013/CIM-schema-cim16#" xmlns:entsoe="http://entsoe.eu/CIM/SchemaExtension/3/1#" xmlns:md="http://iec.ch/TC57/61970-552/ModelDescription/1#" xmlns:rdf="http://www.w3.org/1999/02/22-rdf-syntax-ns#">
  <md:FullModel rdf:about="urn:uuid:11bf7d5f-4679-453c-a82d-16086ce09de2">
    <md:Model.DependentOn rdf:resource="urn:uuid:76dcc59b-a6eb-4c50-8a62-e6e54ab9a3ce" />
    <md:Model.DependentOn rdf:resource="urn:uuid:876819a4-9975-442c-8d34-d97dc201a2b5" />
    <md:Model.created>2025-07-10T14:29:37Z</md:Model.created>
    <md:Model.description />
    <md:Model.modelingAuthoritySet>unset</md:Model.modelingAuthoritySet>
    <md:Model.profile>http://entsoe.eu/CIM/StateVariables/4/1</md:Model.profile>
    <md:Model.scenarioTime>2014-05-28T08:00:00Z</md:Model.scenarioTime>
    <md:Model.version />
  </md:FullModel>
  <cim:SvPowerFlow rdf:ID="_aa79d241-c08b-4fb0-8f6d-faa5ed0f92bd">
    <cim:SvPowerFlow.Terminal rdf:resource="#_290fc1e2-3269-721c-3090-232fb0146308" />
    <cim:SvPowerFlow.p>-454.423</cim:SvPowerFlow.p>
    <cim:SvPowerFlow.q>-55.9483</cim:SvPowerFlow.q>
  </cim:SvPowerFlow>
  <cim:SvPowerFlow rdf:ID="_96490ee9-0f26-4906-9b43-c684afc7d010">
    <cim:SvPowerFlow.Terminal rdf:resource="#_2d9f48a6-e064-0ad7-e6b9-780cf1148120" />
    <cim:SvPowerFlow.p>5.13702</cim:SvPowerFlow.p>
    <cim:SvPowerFlow.q>-36.1729</cim:SvPowerFlow.q>
  </cim:SvPowerFlow>
  <cim:SvPowerFlow rdf:ID="_906ffb39-88d5-410d-86de-fb4fe7d6b20d">
    <cim:SvPowerFlow.Terminal rdf:resource="#_1c3c0c9f-c653-1d3d-0789-743bedfdc606" />
    <cim:SvPowerFlow.p>-7.58498</cim:SvPowerFlow.p>
    <cim:SvPowerFlow.q>-45.6992</cim:SvPowerFlow.q>
  </cim:SvPowerFlow>
  <cim:SvPowerFlow rdf:ID="_103899d2-6ef4-4a72-a2b1-0bc27987c4bf">
    <cim:SvPowerFlow.Terminal rdf:resource="#_18a42a65-8178-f60e-103b-61a873506ce3" />
    <cim:SvPowerFlow.p>-19.9636</cim:SvPowerFlow.p>
    <cim:SvPowerFlow.q>-105.936</cim:SvPowerFlow.q>
  </cim:SvPowerFlow>
  <cim:SvPowerFlow rdf:ID="_05ea7b94-1727-4179-bad7-6de726aadd23">
    <cim:SvPowerFlow.Terminal rdf:resource="#_31b5ccab-e569-0e99-f43f-67c6dc2f45b7" />
    <cim:SvPowerFlow.p>364.764</cim:SvPowerFlow.p>
    <cim:SvPowerFlow.q>29.0079</cim:SvPowerFlow.q>
  </cim:SvPowerFlow>
  <cim:SvPowerFlow rdf:ID="_141a758c-743a-4017-b9f0-b37a256bc0d1">
    <cim:SvPowerFlow.Terminal rdf:resource="#_33a4eb13-52fb-ba7f-5759-8e4fd11716c9" />
    <cim:SvPowerFlow.p>-52.3337</cim:SvPowerFlow.p>
    <cim:SvPowerFlow.q>-12.72</cim:SvPowerFlow.q>
  </cim:SvPowerFlow>
  <cim:SvPowerFlow rdf:ID="_5ac21daf-09d6-44f2-ba01-ddbc63990f10">
    <cim:SvPowerFlow.Terminal rdf:resource="#_2d900d94-44a2-3cd5-5f52-f265b072e6d3" />
    <cim:SvPowerFlow.p>-250</cim:SvPowerFlow.p>
    <cim:SvPowerFlow.q>-146.158</cim:SvPowerFlow.q>
  </cim:SvPowerFlow>
  <cim:SvPowerFlow rdf:ID="_0dd0af08-8c73-4008-9d5d-865b5ecca4bd">
    <cim:SvPowerFlow.Terminal rdf:resource="#_1887721d-9b42-0991-5f70-8cca7566af0d" />
    <cim:SvPowerFlow.p>-20.1486</cim:SvPowerFlow.p>
    <cim:SvPowerFlow.q>-69.8781</cim:SvPowerFlow.q>
  </cim:SvPowerFlow>
  <cim:SvPowerFlow rdf:ID="_7e4e830a-c43a-4e1f-844c-8e8dd6159537">
    <cim:SvPowerFlow.Terminal rdf:resource="#_17b5db5a-a623-5b08-a4ab-604c1423e5e9" />
    <cim:SvPowerFlow.p>-538.344</cim:SvPowerFlow.p>
    <cim:SvPowerFlow.q>63.6011</cim:SvPowerFlow.q>
  </cim:SvPowerFlow>
  <cim:SvPowerFlow rdf:ID="_071d9cce-76aa-4233-ba08-c1f7ea311d59">
    <cim:SvPowerFlow.Terminal rdf:resource="#_3e83fe30-d9b2-2d75-f72e-363bc30d231f" />
    <cim:SvPowerFlow.p>329</cim:SvPowerFlow.p>
    <cim:SvPowerFlow.q>32.3</cim:SvPowerFlow.q>
  </cim:SvPowerFlow>
  <cim:SvPowerFlow rdf:ID="_d4525b54-23dd-4684-9310-3a88beeb71f5">
    <cim:SvPowerFlow.Terminal rdf:resource="#_07cb04eb-8e8d-1d24-8cc3-953edc52da0e" />
    <cim:SvPowerFlow.p>-650</cim:SvPowerFlow.p>
    <cim:SvPowerFlow.q>-205.144</cim:SvPowerFlow.q>
  </cim:SvPowerFlow>
  <cim:SvPowerFlow rdf:ID="_ce0f1d64-c8c9-4cc1-a3a0-c405d32420ed">
    <cim:SvPowerFlow.Terminal rdf:resource="#_648a0a61-108a-679f-9b41-4fabe6aec415" />
    <cim:SvPowerFlow.p>650</cim:SvPowerFlow.p>
    <cim:SvPowerFlow.q>205.144</cim:SvPowerFlow.q>
  </cim:SvPowerFlow>
  <cim:SvPowerFlow rdf:ID="_9e28e848-1223-4686-9174-e4b8e7e97a48">
    <cim:SvPowerFlow.Terminal rdf:resource="#_63c159ce-989c-af9e-5691-fc5acb42cf31" />
    <cim:SvPowerFlow.p>-92.5995</cim:SvPowerFlow.p>
    <cim:SvPowerFlow.q>-128.751</cim:SvPowerFlow.q>
  </cim:SvPowerFlow>
  <cim:SvPowerFlow rdf:ID="_267cae98-b8dc-40ad-a92c-299f59f9e672">
    <cim:SvPowerFlow.Terminal rdf:resource="#_34af1d60-e8c9-6d71-5590-ae3b94199f85" />
    <cim:SvPowerFlow.p>650</cim:SvPowerFlow.p>
    <cim:SvPowerFlow.q>212.412</cim:SvPowerFlow.q>
  </cim:SvPowerFlow>
  <cim:SvPowerFlow rdf:ID="_328462f7-a8ad-4c3c-99d3-7f15e85c8d6d">
    <cim:SvPowerFlow.Terminal rdf:resource="#_1801a80c-283b-d144-1cf7-23c1991ed3b9" />
    <cim:SvPowerFlow.p>632</cim:SvPowerFlow.p>
    <cim:SvPowerFlow.q>109.906</cim:SvPowerFlow.q>
  </cim:SvPowerFlow>
  <cim:SvPowerFlow rdf:ID="_bb2b7b3c-6dce-4382-9156-046dc4252a12">
    <cim:SvPowerFlow.Terminal rdf:resource="#_1ba43d70-1358-feec-640e-34d9833fdad0" />
    <cim:SvPowerFlow.p>-1000</cim:SvPowerFlow.p>
    <cim:SvPowerFlow.q>-88.2814</cim:SvPowerFlow.q>
  </cim:SvPowerFlow>
  <cim:SvPowerFlow rdf:ID="_6fc3f1c7-a7c6-4372-8fdb-e25f71e32c30">
    <cim:SvPowerFlow.Terminal rdf:resource="#_0d755c17-6ee7-39c5-b1ad-82cfb45c814c" />
    <cim:SvPowerFlow.p>7.61972</cim:SvPowerFlow.p>
    <cim:SvPowerFlow.q>46.6436</cim:SvPowerFlow.q>
  </cim:SvPowerFlow>
  <cim:SvPowerFlow rdf:ID="_fdc85945-879e-4e1c-a473-90cf567ca8a9">
    <cim:SvPowerFlow.Terminal rdf:resource="#_5e5be693-b018-d6b3-4e3b-0686c84a71f8" />
    <cim:SvPowerFlow.p>315.912</cim:SvPowerFlow.p>
    <cim:SvPowerFlow.q>144.626</cim:SvPowerFlow.q>
  </cim:SvPowerFlow>
  <cim:SvPowerFlow rdf:ID="_68039e77-2ac0-40bc-9f0d-a6e109dcd35d">
    <cim:SvPowerFlow.Terminal rdf:resource="#_6fb3633e-f206-0413-5d7c-8dd7f1963e72" />
    <cim:SvPowerFlow.p>71.0907</cim:SvPowerFlow.p>
    <cim:SvPowerFlow.q>-17.0387</cim:SvPowerFlow.q>
  </cim:SvPowerFlow>
  <cim:SvPowerFlow rdf:ID="_6023e1f1-2713-4f78-bebc-06554429296b">
    <cim:SvPowerFlow.Terminal rdf:resource="#_70977588-1dc9-d8b4-6858-e3aad93bbcbf" />
    <cim:SvPowerFlow.p>330.416</cim:SvPowerFlow.p>
    <cim:SvPowerFlow.q>-26.2871</cim:SvPowerFlow.q>
  </cim:SvPowerFlow>
  <cim:SvPowerFlow rdf:ID="_f948b363-7d84-45aa-b80a-48a9a80972e4">
    <cim:SvPowerFlow.Terminal rdf:resource="#_1c770a1e-7371-6467-1174-a1aa95da3a14" />
    <cim:SvPowerFlow.p>-136.986</cim:SvPowerFlow.p>
    <cim:SvPowerFlow.q>-8.36888</cim:SvPowerFlow.q>
  </cim:SvPowerFlow>
  <cim:SvPowerFlow rdf:ID="_8c996ea6-53a9-4fe3-a2fe-4583970b39e9">
    <cim:SvPowerFlow.Terminal rdf:resource="#_1eb1d13d-76bc-ee59-52d3-f58300a0506c" />
    <cim:SvPowerFlow.p>-419.519</cim:SvPowerFlow.p>
    <cim:SvPowerFlow.q>-86.0387</cim:SvPowerFlow.q>
  </cim:SvPowerFlow>
  <cim:SvPowerFlow rdf:ID="_4bb89819-4226-4306-a414-2401afda3f55">
    <cim:SvPowerFlow.Terminal rdf:resource="#_74fe680f-5199-d124-119e-0fb5b130b362" />
    <cim:SvPowerFlow.p>122.616</cim:SvPowerFlow.p>
    <cim:SvPowerFlow.q>-10.4771</cim:SvPowerFlow.q>
  </cim:SvPowerFlow>
  <cim:SvPowerFlow rdf:ID="_b7501cf9-8109-45a7-9232-78614acab164">
    <cim:SvPowerFlow.Terminal rdf:resource="#_06dadcb4-a8a8-946c-9ed1-b43dd6f6e44b" />
    <cim:SvPowerFlow.p>-124.338</cim:SvPowerFlow.p>
    <cim:SvPowerFlow.q>-28.3164</cim:SvPowerFlow.q>
  </cim:SvPowerFlow>
  <cim:SvPowerFlow rdf:ID="_39d4616d-a16d-4dd6-a8d5-2160e7b32b10">
    <cim:SvPowerFlow.Terminal rdf:resource="#_82904395-744a-332a-f920-3689b6542159" />
    <cim:SvPowerFlow.p>560</cim:SvPowerFlow.p>
    <cim:SvPowerFlow.q>101.175</cim:SvPowerFlow.q>
  </cim:SvPowerFlow>
  <cim:SvPowerFlow rdf:ID="_ccfbdd90-eb54-4051-b937-b91464b2d621">
    <cim:SvPowerFlow.Terminal rdf:resource="#_3bbbd5a8-4e83-1e14-0545-eb71aab6f57d" />
    <cim:SvPowerFlow.p>-362.555</cim:SvPowerFlow.p>
    <cim:SvPowerFlow.q>-100.263</cim:SvPowerFlow.q>
  </cim:SvPowerFlow>
  <cim:SvPowerFlow rdf:ID="_75841f9a-c423-4be9-9099-397f0407ad0d">
    <cim:SvPowerFlow.Terminal rdf:resource="#_53814963-1b78-8e6c-78dc-5c306e40c962" />
    <cim:SvPowerFlow.p>320</cim:SvPowerFlow.p>
    <cim:SvPowerFlow.q>153</cim:SvPowerFlow.q>
  </cim:SvPowerFlow>
  <cim:SvPowerFlow rdf:ID="_e2dd8449-b4fa-4bd1-a69b-1eb4f14eea89">
    <cim:SvPowerFlow.Terminal rdf:resource="#_5bb3ff98-bca2-62d7-e4b3-147835378115" />
    <cim:SvPowerFlow.p>365.245</cim:SvPowerFlow.p>
    <cim:SvPowerFlow.q>70.3599</cim:SvPowerFlow.q>
  </cim:SvPowerFlow>
  <cim:SvPowerFlow rdf:ID="_b837dcad-a99e-4edd-a8f9-a79ac7013109">
    <cim:SvPowerFlow.Terminal rdf:resource="#_1372a50c-e0d5-d79e-56f8-bf49d80c240c" />
    <cim:SvPowerFlow.p>-239.091</cim:SvPowerFlow.p>
    <cim:SvPowerFlow.q>82.6823</cim:SvPowerFlow.q>
  </cim:SvPowerFlow>
  <cim:SvPowerFlow rdf:ID="_83e0ad3a-ad02-4200-8d10-d75f42188b39">
    <cim:SvPowerFlow.Terminal rdf:resource="#_64888d65-4c23-c65e-682e-b546eb3cf81a" />
    <cim:SvPowerFlow.p>9.2</cim:SvPowerFlow.p>
    <cim:SvPowerFlow.q>4.6</cim:SvPowerFlow.q>
  </cim:SvPowerFlow>
  <cim:SvPowerFlow rdf:ID="_0be5e01d-914e-4582-8647-a23db00115d4">
    <cim:SvPowerFlow.Terminal rdf:resource="#_84bae21f-cbb0-cfc8-39f1-f7b561b93837" />
    <cim:SvPowerFlow.p>-347.613</cim:SvPowerFlow.p>
    <cim:SvPowerFlow.q>28.2155</cim:SvPowerFlow.q>
  </cim:SvPowerFlow>
  <cim:SvPowerFlow rdf:ID="_439913c4-02c3-4541-8a65-f5f979094bff">
    <cim:SvPowerFlow.Terminal rdf:resource="#_4ad87f37-4868-cc81-871d-b070edd09789" />
    <cim:SvPowerFlow.p>42.7965</cim:SvPowerFlow.p>
    <cim:SvPowerFlow.q>41.9668</cim:SvPowerFlow.q>
  </cim:SvPowerFlow>
  <cim:SvPowerFlow rdf:ID="_4ebd1f23-86c0-4fe6-b762-e4f68be228ca">
    <cim:SvPowerFlow.Terminal rdf:resource="#_51948708-21c0-32a3-57ab-0089bc66d01a" />
    <cim:SvPowerFlow.p>-560</cim:SvPowerFlow.p>
    <cim:SvPowerFlow.q>-101.175</cim:SvPowerFlow.q>
  </cim:SvPowerFlow>
  <cim:SvPowerFlow rdf:ID="_f8ca7e36-d31e-476e-b6fb-4bfdcd079575">
    <cim:SvPowerFlow.Terminal rdf:resource="#_6c599b39-4f70-44ea-d9b0-7623ba47dcbb" />
    <cim:SvPowerFlow.p>7.5</cim:SvPowerFlow.p>
    <cim:SvPowerFlow.q>88</cim:SvPowerFlow.q>
  </cim:SvPowerFlow>
  <cim:SvPowerFlow rdf:ID="_fba0a12a-cb66-4756-8f8e-c74adaf24755">
    <cim:SvPowerFlow.Terminal rdf:resource="#_70f58963-e60b-d474-e945-099dbd6d9997" />
    <cim:SvPowerFlow.p>276.815</cim:SvPowerFlow.p>
    <cim:SvPowerFlow.q>-3.92179</cim:SvPowerFlow.q>
  </cim:SvPowerFlow>
  <cim:SvPowerFlow rdf:ID="_d6fc9ae8-79a1-4ba3-bc4c-b293f40fdf18">
    <cim:SvPowerFlow.Terminal rdf:resource="#_72cf7622-8baa-409c-1fc6-b6610649fd13" />
    <cim:SvPowerFlow.p>-604.416</cim:SvPowerFlow.p>
    <cim:SvPowerFlow.q>-88.7129</cim:SvPowerFlow.q>
  </cim:SvPowerFlow>
  <cim:SvPowerFlow rdf:ID="_437b22d4-5e6b-48b2-8430-d6b677fdd3fc">
    <cim:SvPowerFlow.Terminal rdf:resource="#_70d7fed0-acd6-6457-1ab2-babf493ee327" />
    <cim:SvPowerFlow.p>-824.766</cim:SvPowerFlow.p>
    <cim:SvPowerFlow.q>79.2269</cim:SvPowerFlow.q>
  </cim:SvPowerFlow>
  <cim:SvPowerFlow rdf:ID="_28908df3-1eab-429a-97b9-29170a897e1f">
    <cim:SvPowerFlow.Terminal rdf:resource="#_508e7791-9fc6-fc7e-5d62-7c6c3669e591" />
    <cim:SvPowerFlow.p>-190.183</cim:SvPowerFlow.p>
    <cim:SvPowerFlow.q>-25.437</cim:SvPowerFlow.q>
  </cim:SvPowerFlow>
  <cim:SvPowerFlow rdf:ID="_065a26fc-a1ca-4238-8244-29f2429cd137">
    <cim:SvPowerFlow.Terminal rdf:resource="#_5f9f8ad0-3357-f625-cbc4-5fde57871cdc" />
    <cim:SvPowerFlow.p>-351.309</cim:SvPowerFlow.p>
    <cim:SvPowerFlow.q>0.635925</cim:SvPowerFlow.q>
  </cim:SvPowerFlow>
  <cim:SvPowerFlow rdf:ID="_2ea10f35-5625-498f-9b72-5acc55311ad8">
    <cim:SvPowerFlow.Terminal rdf:resource="#_7ab307c8-d853-c7ae-eaed-e12f15036f0c" />
    <cim:SvPowerFlow.p>-70.9422</cim:SvPowerFlow.p>
    <cim:SvPowerFlow.q>-38.5418</cim:SvPowerFlow.q>
  </cim:SvPowerFlow>
  <cim:SvPowerFlow rdf:ID="_413bc482-8921-43b1-9c52-0e71530c151d">
    <cim:SvPowerFlow.Terminal rdf:resource="#_840989c3-d0c3-4c16-60a5-f915305a5a51" />
    <cim:SvPowerFlow.p>247.5</cim:SvPowerFlow.p>
    <cim:SvPowerFlow.q>84.6</cim:SvPowerFlow.q>
  </cim:SvPowerFlow>
  <cim:SvPowerFlow rdf:ID="_5675844b-18c7-4869-8a6c-376f17525613">
    <cim:SvPowerFlow.Terminal rdf:resource="#_ab3847d0-f2ef-e183-0a91-f8c10e809c15" />
    <cim:SvPowerFlow.p>42.7085</cim:SvPowerFlow.p>
    <cim:SvPowerFlow.q>91.5641</cim:SvPowerFlow.q>
  </cim:SvPowerFlow>
  <cim:SvPowerFlow rdf:ID="_09460b7c-d1a8-460c-bb9a-9a8565f52cc9">
    <cim:SvPowerFlow.Terminal rdf:resource="#_2acedcad-e2ff-1bec-7b71-71f0d547a4c0" />
    <cim:SvPowerFlow.p>-502.674</cim:SvPowerFlow.p>
    <cim:SvPowerFlow.q>-48.0844</cim:SvPowerFlow.q>
  </cim:SvPowerFlow>
  <cim:SvPowerFlow rdf:ID="_4f1a6eb2-f2af-4650-9268-eacdba21c00d">
    <cim:SvPowerFlow.Terminal rdf:resource="#_75d44e92-e0e5-38cd-a6f5-d57416071df0" />
    <cim:SvPowerFlow.p>137.135</cim:SvPowerFlow.p>
    <cim:SvPowerFlow.q>-2.7907</cim:SvPowerFlow.q>
  </cim:SvPowerFlow>
  <cim:SvPowerFlow rdf:ID="_52583da5-ef1e-42aa-b5b5-5ce2d11dae2d">
    <cim:SvPowerFlow.Terminal rdf:resource="#_2ecc4c6d-c7d8-00fd-4bb2-29690a8f6b96" />
    <cim:SvPowerFlow.p>607.204</cim:SvPowerFlow.p>
    <cim:SvPowerFlow.q>109.711</cim:SvPowerFlow.q>
  </cim:SvPowerFlow>
  <cim:SvPowerFlow rdf:ID="_4c19af15-ceeb-46c4-ad51-7232931b28a3">
    <cim:SvPowerFlow.Terminal rdf:resource="#_39af1353-3bb1-a53c-c3c2-f9dd13cbe82e" />
    <cim:SvPowerFlow.p>92.8885</cim:SvPowerFlow.p>
    <cim:SvPowerFlow.q>110.583</cim:SvPowerFlow.q>
  </cim:SvPowerFlow>
  <cim:SvPowerFlow rdf:ID="_e457a992-a4c2-4584-bc61-a584907dbe7d">
    <cim:SvPowerFlow.Terminal rdf:resource="#_a86ca22f-c615-6b0e-62d8-5e57874bed4c" />
    <cim:SvPowerFlow.p>283.5</cim:SvPowerFlow.p>
    <cim:SvPowerFlow.q>26.9</cim:SvPowerFlow.q>
  </cim:SvPowerFlow>
  <cim:SvPowerFlow rdf:ID="_c4a47953-2b9c-447b-82e4-86fb4de5145e">
    <cim:SvPowerFlow.Terminal rdf:resource="#_bc926689-09a9-4c85-3ea7-a075eba04377" />
    <cim:SvPowerFlow.p>233.8</cim:SvPowerFlow.p>
    <cim:SvPowerFlow.q>84</cim:SvPowerFlow.q>
  </cim:SvPowerFlow>
  <cim:SvPowerFlow rdf:ID="_47581b42-0f02-4cd3-bd01-5bc3f3d9ac02">
    <cim:SvPowerFlow.Terminal rdf:resource="#_88d57e9a-7c09-1e19-69bb-03dc4742ea01" />
    <cim:SvPowerFlow.p>-210.362</cim:SvPowerFlow.p>
    <cim:SvPowerFlow.q>-20.3572</cim:SvPowerFlow.q>
  </cim:SvPowerFlow>
  <cim:SvPowerFlow rdf:ID="_ce4d8b99-7fd8-425f-8799-33585915ef66">
    <cim:SvPowerFlow.Terminal rdf:resource="#_6a0484c2-ca73-cd07-97cf-4eb61faf4099" />
    <cim:SvPowerFlow.p>124.338</cim:SvPowerFlow.p>
    <cim:SvPowerFlow.q>28.3164</cim:SvPowerFlow.q>
  </cim:SvPowerFlow>
  <cim:SvPowerFlow rdf:ID="_7359498a-9222-4cd7-8a00-38168434cf62">
    <cim:SvPowerFlow.Terminal rdf:resource="#_a703fccf-3ae8-a8c3-83af-56662ad24d8b" />
    <cim:SvPowerFlow.p>-558.568</cim:SvPowerFlow.p>
    <cim:SvPowerFlow.q>-23.2961</cim:SvPowerFlow.q>
  </cim:SvPowerFlow>
  <cim:SvPowerFlow rdf:ID="_a84dbca3-ea4e-472f-825d-69a6f06feb2c">
    <cim:SvPowerFlow.Terminal rdf:resource="#_92a36249-5354-e446-db08-7961ea04d89d" />
    <cim:SvPowerFlow.p>243.253</cim:SvPowerFlow.p>
    <cim:SvPowerFlow.q>-93.7625</cim:SvPowerFlow.q>
  </cim:SvPowerFlow>
  <cim:SvPowerFlow rdf:ID="_acbd4fde-7ad5-4bd5-b74a-fbf86b5b37ee">
    <cim:SvPowerFlow.Terminal rdf:resource="#_a61f4681-024a-3595-cdfb-ff9704689ed2" />
    <cim:SvPowerFlow.p>317.288</cim:SvPowerFlow.p>
    <cim:SvPowerFlow.q>58.739</cim:SvPowerFlow.q>
  </cim:SvPowerFlow>
  <cim:SvPowerFlow rdf:ID="_de9b76aa-24ba-4d24-9990-74a690004117">
    <cim:SvPowerFlow.Terminal rdf:resource="#_77bb2697-1c8a-b792-fd7a-06a36fc8df46" />
    <cim:SvPowerFlow.p>274</cim:SvPowerFlow.p>
    <cim:SvPowerFlow.q>115</cim:SvPowerFlow.q>
  </cim:SvPowerFlow>
  <cim:SvPowerFlow rdf:ID="_08433f45-32ad-4201-b379-c4fb25cc5928">
    <cim:SvPowerFlow.Terminal rdf:resource="#_c69ada47-0c73-51e8-db18-7490846384a1" />
    <cim:SvPowerFlow.p>230.034</cim:SvPowerFlow.p>
    <cim:SvPowerFlow.q>-43.6247</cim:SvPowerFlow.q>
  </cim:SvPowerFlow>
  <cim:SvPowerFlow rdf:ID="_23f46d30-270a-4eb5-8087-56121821ed4e">
    <cim:SvPowerFlow.Terminal rdf:resource="#_c1ce927f-5264-153e-909a-2dceb97ca7e5" />
    <cim:SvPowerFlow.p>628</cim:SvPowerFlow.p>
    <cim:SvPowerFlow.q>103</cim:SvPowerFlow.q>
  </cim:SvPowerFlow>
  <cim:SvPowerFlow rdf:ID="_6a0d606a-5549-408c-a5f9-5515aa901a31">
    <cim:SvPowerFlow.Terminal rdf:resource="#_a7108e97-6bc6-d522-9fbe-1165e54aa3cd" />
    <cim:SvPowerFlow.p>281</cim:SvPowerFlow.p>
    <cim:SvPowerFlow.q>75.5</cim:SvPowerFlow.q>
  </cim:SvPowerFlow>
  <cim:SvPowerFlow rdf:ID="_1a520a0f-b883-41ba-be60-30a2bdea5f64">
    <cim:SvPowerFlow.Terminal rdf:resource="#_94714fe5-588e-8429-e23f-d914633617e4" />
    <cim:SvPowerFlow.p>20.1486</cim:SvPowerFlow.p>
    <cim:SvPowerFlow.q>69.8781</cim:SvPowerFlow.q>
  </cim:SvPowerFlow>
  <cim:SvPowerFlow rdf:ID="_c679d875-e722-4c5d-a84a-cd945a7e0d71">
    <cim:SvPowerFlow.Terminal rdf:resource="#_e056fc07-b250-8493-debc-b847546b0c1d" />
    <cim:SvPowerFlow.p>-229.678</cim:SvPowerFlow.p>
    <cim:SvPowerFlow.q>33.8488</cim:SvPowerFlow.q>
  </cim:SvPowerFlow>
  <cim:SvPowerFlow rdf:ID="_f4345e0a-c908-4ca3-b1d9-1c6279cb8def">
    <cim:SvPowerFlow.Terminal rdf:resource="#_d1244b23-c3bc-2d13-8243-edc39006e242" />
    <cim:SvPowerFlow.p>-650</cim:SvPowerFlow.p>
    <cim:SvPowerFlow.q>-212.412</cim:SvPowerFlow.q>
  </cim:SvPowerFlow>
  <cim:SvPowerFlow rdf:ID="_edbbec87-1e5f-4513-833a-32db083461fa">
    <cim:SvPowerFlow.Terminal rdf:resource="#_7032db28-059e-e02c-8b1e-1ec52f0e2094" />
    <cim:SvPowerFlow.p>-505.492</cim:SvPowerFlow.p>
    <cim:SvPowerFlow.q>-115.608</cim:SvPowerFlow.q>
  </cim:SvPowerFlow>
  <cim:SvPowerFlow rdf:ID="_e10c11f0-0e44-4b04-b5e7-83f8b4791611">
    <cim:SvPowerFlow.Terminal rdf:resource="#_07cb66ee-1045-240d-e42d-964b00cd4377" />
    <cim:SvPowerFlow.p>-520.811</cim:SvPowerFlow.p>
    <cim:SvPowerFlow.q>-198.252</cim:SvPowerFlow.q>
  </cim:SvPowerFlow>
  <cim:SvPowerFlow rdf:ID="_c65ad6ff-3633-43d3-ada5-4ff942228901">
    <cim:SvPowerFlow.Terminal rdf:resource="#_4d917161-d12a-b25d-e088-a59e66271ec7" />
    <cim:SvPowerFlow.p>20.1529</cim:SvPowerFlow.p>
    <cim:SvPowerFlow.q>-57.1051</cim:SvPowerFlow.q>
  </cim:SvPowerFlow>
  <cim:SvPowerFlow rdf:ID="_6c9506a5-b607-4450-80d6-5e3c3413c327">
    <cim:SvPowerFlow.Terminal rdf:resource="#_a7575430-0953-579b-d670-bd4be73e15c8" />
    <cim:SvPowerFlow.p>-329.594</cim:SvPowerFlow.p>
    <cim:SvPowerFlow.q>13.0282</cim:SvPowerFlow.q>
  </cim:SvPowerFlow>
  <cim:SvPowerFlow rdf:ID="_1df2f8c8-44bc-4a8a-aaab-d168f78cda74">
    <cim:SvPowerFlow.Terminal rdf:resource="#_b50eac98-640e-deaa-b0e0-7c6a9c05c856" />
    <cim:SvPowerFlow.p>262.949</cim:SvPowerFlow.p>
    <cim:SvPowerFlow.q>68.6699</cim:SvPowerFlow.q>
  </cim:SvPowerFlow>
  <cim:SvPowerFlow rdf:ID="_c67ea604-2348-4ffc-b503-f883efeaf044">
    <cim:SvPowerFlow.Terminal rdf:resource="#_443bbcdd-60c3-2470-26d9-8893b2b1b010" />
    <cim:SvPowerFlow.p>540</cim:SvPowerFlow.p>
    <cim:SvPowerFlow.q>0.439926</cim:SvPowerFlow.q>
  </cim:SvPowerFlow>
  <cim:SvPowerFlow rdf:ID="_db9f2ae2-047f-4c57-8190-49e6e32fa7c1">
    <cim:SvPowerFlow.Terminal rdf:resource="#_db7e423b-d5b8-39b2-e327-5516ab340201" />
    <cim:SvPowerFlow.p>364.257</cim:SvPowerFlow.p>
    <cim:SvPowerFlow.q>92.2412</cim:SvPowerFlow.q>
  </cim:SvPowerFlow>
  <cim:SvPowerFlow rdf:ID="_05d96f11-3718-45e7-89f9-c6c741a9ef32">
    <cim:SvPowerFlow.Terminal rdf:resource="#_b444741c-1287-2651-9d26-63f92d6d50d5" />
    <cim:SvPowerFlow.p>500</cim:SvPowerFlow.p>
    <cim:SvPowerFlow.q>184</cim:SvPowerFlow.q>
  </cim:SvPowerFlow>
  <cim:SvPowerFlow rdf:ID="_10c5f0e9-b83b-4498-b3a4-7e501f71751a">
    <cim:SvPowerFlow.Terminal rdf:resource="#_e2b460c4-e786-2f0f-5b70-12b79529ccc3" />
    <cim:SvPowerFlow.p>454.837</cim:SvPowerFlow.p>
    <cim:SvPowerFlow.q>56.9386</cim:SvPowerFlow.q>
  </cim:SvPowerFlow>
  <cim:SvPowerFlow rdf:ID="_38a96ab0-3923-4fab-9833-463c55b9b706">
    <cim:SvPowerFlow.Terminal rdf:resource="#_ba92ea5a-4644-f837-3616-8b54279d3d69" />
    <cim:SvPowerFlow.p>0.0849824</cim:SvPowerFlow.p>
    <cim:SvPowerFlow.q>-42.3008</cim:SvPowerFlow.q>
  </cim:SvPowerFlow>
  <cim:SvPowerFlow rdf:ID="_b0f2cb99-a26e-43f3-b7ec-c97ae9bd1814">
    <cim:SvPowerFlow.Terminal rdf:resource="#_3675b706-bc57-1ad7-15fe-9834d9460a16" />
    <cim:SvPowerFlow.p>-364.708</cim:SvPowerFlow.p>
    <cim:SvPowerFlow.q>-72.0962</cim:SvPowerFlow.q>
  </cim:SvPowerFlow>
  <cim:SvPowerFlow rdf:ID="_45a066e4-9e58-4c73-bdd3-84ebeb54783c">
    <cim:SvPowerFlow.Terminal rdf:resource="#_ae3c6a54-54d9-6ed9-d36d-9d9664171fd4" />
    <cim:SvPowerFlow.p>308.6</cim:SvPowerFlow.p>
    <cim:SvPowerFlow.q>-92.2</cim:SvPowerFlow.q>
  </cim:SvPowerFlow>
  <cim:SvPowerFlow rdf:ID="_166ac569-4b30-44d6-89fc-6d4ab3820b6c">
    <cim:SvPowerFlow.Terminal rdf:resource="#_d3c8037e-70c6-657b-300c-00269d26ca3a" />
    <cim:SvPowerFlow.p>-284.435</cim:SvPowerFlow.p>
    <cim:SvPowerFlow.q>-42.7218</cim:SvPowerFlow.q>
  </cim:SvPowerFlow>
  <cim:SvPowerFlow rdf:ID="_cfd2bf81-5501-41ac-8e31-92ab08ad5b22">
    <cim:SvPowerFlow.Terminal rdf:resource="#_f4a92159-3088-678d-e07c-f2b7095d81e0" />
    <cim:SvPowerFlow.p>124.834</cim:SvPowerFlow.p>
    <cim:SvPowerFlow.q>-42.599</cim:SvPowerFlow.q>
  </cim:SvPowerFlow>
  <cim:SvPowerFlow rdf:ID="_70c425e6-ed26-4e7d-a5d8-0b866b435145">
    <cim:SvPowerFlow.Terminal rdf:resource="#_fb318201-e97e-f6ab-e5f1-46abfb1cfb60" />
    <cim:SvPowerFlow.p>-650</cim:SvPowerFlow.p>
    <cim:SvPowerFlow.q>-109.005</cim:SvPowerFlow.q>
  </cim:SvPowerFlow>
  <cim:SvPowerFlow rdf:ID="_211d4c41-8927-4745-9991-f7ef041cf727">
    <cim:SvPowerFlow.Terminal rdf:resource="#_c24bda82-51a0-b2e6-9896-2bd24c7c7904" />
    <cim:SvPowerFlow.p>506.487</cim:SvPowerFlow.p>
    <cim:SvPowerFlow.q>61.621</cim:SvPowerFlow.q>
  </cim:SvPowerFlow>
  <cim:SvPowerFlow rdf:ID="_aaa2a9a2-230f-4847-bc59-535ae5e1f648">
    <cim:SvPowerFlow.Terminal rdf:resource="#_368013c7-ba74-e861-15d0-fe23dd34324f" />
    <cim:SvPowerFlow.p>830</cim:SvPowerFlow.p>
    <cim:SvPowerFlow.q>22.8416</cim:SvPowerFlow.q>
  </cim:SvPowerFlow>
  <cim:SvPowerFlow rdf:ID="_06cc8199-222f-4d20-ab60-2c2a2dad3385">
    <cim:SvPowerFlow.Terminal rdf:resource="#_d80f41ee-5f0c-3b84-67a3-523e6a2516d5" />
    <cim:SvPowerFlow.p>-185.58</cim:SvPowerFlow.p>
    <cim:SvPowerFlow.q>-8.18656</cim:SvPowerFlow.q>
  </cim:SvPowerFlow>
  <cim:SvPowerFlow rdf:ID="_2db739f9-a993-4337-b93b-426e4ae11296">
    <cim:SvPowerFlow.Terminal rdf:resource="#_e9a97614-e0aa-c801-81e7-5c97266f88de" />
    <cim:SvPowerFlow.p>-276.145</cim:SvPowerFlow.p>
    <cim:SvPowerFlow.q>-6.23499</cim:SvPowerFlow.q>
  </cim:SvPowerFlow>
  <cim:SvPowerFlow rdf:ID="_b8093c1f-c72f-4887-941e-6b716c1e23ca">
    <cim:SvPowerFlow.Terminal rdf:resource="#_c0d745d5-f52c-d4be-63fa-c550c7a8473e" />
    <cim:SvPowerFlow.p>19.0229</cim:SvPowerFlow.p>
    <cim:SvPowerFlow.q>-43.5797</cim:SvPowerFlow.q>
  </cim:SvPowerFlow>
  <cim:SvPowerFlow rdf:ID="_6b273244-817a-4f2b-9a8c-167a674b4d7b">
    <cim:SvPowerFlow.Terminal rdf:resource="#_d596890b-9b29-51a1-90b3-ac84f7ad6b4e" />
    <cim:SvPowerFlow.p>224</cim:SvPowerFlow.p>
    <cim:SvPowerFlow.q>47.2</cim:SvPowerFlow.q>
  </cim:SvPowerFlow>
  <cim:SvPowerFlow rdf:ID="_84c4abb8-133f-4333-b190-1882c1043b20">
    <cim:SvPowerFlow.Terminal rdf:resource="#_ba67c6ae-a5e0-d1cb-e480-0d25a9d455ca" />
    <cim:SvPowerFlow.p>-316.456</cim:SvPowerFlow.p>
    <cim:SvPowerFlow.q>-61.8771</cim:SvPowerFlow.q>
  </cim:SvPowerFlow>
  <cim:SvPowerFlow rdf:ID="_4983eedc-617f-4ac6-8092-778d5d15da52">
    <cim:SvPowerFlow.Terminal rdf:resource="#_f852eb75-7eb1-18de-2c7b-c7b844d9a5a2" />
    <cim:SvPowerFlow.p>284.755</cim:SvPowerFlow.p>
    <cim:SvPowerFlow.q>38.6455</cim:SvPowerFlow.q>
  </cim:SvPowerFlow>
  <cim:SvPowerFlow rdf:ID="_c2c404eb-c8a8-4ac8-a1cb-8af21dd17f6e">
    <cim:SvPowerFlow.Terminal rdf:resource="#_4c230ef0-fd78-71d4-ee09-6b246ada2fa4" />
    <cim:SvPowerFlow.p>353.84</cim:SvPowerFlow.p>
    <cim:SvPowerFlow.q>0.514142</cim:SvPowerFlow.q>
  </cim:SvPowerFlow>
  <cim:SvPowerFlow rdf:ID="_7970659c-efb4-4fd0-b02a-f7b8cc84aa8f">
    <cim:SvPowerFlow.Terminal rdf:resource="#_b0d004e3-b310-fcc7-8d62-9418bd9fac8d" />
    <cim:SvPowerFlow.p>-650</cim:SvPowerFlow.p>
    <cim:SvPowerFlow.q>-151.678</cim:SvPowerFlow.q>
  </cim:SvPowerFlow>
  <cim:SvPowerFlow rdf:ID="_24cdb5c5-f762-4c1e-92b4-20ae6d114b5d">
    <cim:SvPowerFlow.Terminal rdf:resource="#_49dd4728-c4bb-9cf5-f700-9130e0cea611" />
    <cim:SvPowerFlow.p>192.097</cim:SvPowerFlow.p>
    <cim:SvPowerFlow.q>-67.2441</cim:SvPowerFlow.q>
  </cim:SvPowerFlow>
  <cim:SvPowerFlow rdf:ID="_d161ff3e-df20-417f-9311-dd9c8c4c2320">
    <cim:SvPowerFlow.Terminal rdf:resource="#_954c9535-0b51-1d6a-6556-0b32a38a9e12" />
    <cim:SvPowerFlow.p>-540</cim:SvPowerFlow.p>
    <cim:SvPowerFlow.q>-0.439926</cim:SvPowerFlow.q>
  </cim:SvPowerFlow>
  <cim:SvPowerFlow rdf:ID="_82d5d63a-3af9-4903-b3c4-22410c9f8033">
    <cim:SvPowerFlow.Terminal rdf:resource="#_909cf70e-a0e2-acad-6224-51ba6b67b1e9" />
    <cim:SvPowerFlow.p>141.613</cim:SvPowerFlow.p>
    <cim:SvPowerFlow.q>-55.8155</cim:SvPowerFlow.q>
  </cim:SvPowerFlow>
  <cim:SvPowerFlow rdf:ID="_87d363d9-5df1-4f14-92cd-ed0c78201bc6">
    <cim:SvPowerFlow.Terminal rdf:resource="#_f1ca802c-8561-9342-999f-880745aa4fcc" />
    <cim:SvPowerFlow.p>-122.508</cim:SvPowerFlow.p>
    <cim:SvPowerFlow.q>12.6076</cim:SvPowerFlow.q>
  </cim:SvPowerFlow>
  <cim:SvPowerFlow rdf:ID="_3a5a3544-74dc-41e5-82e0-667785c40125">
    <cim:SvPowerFlow.Terminal rdf:resource="#_fab97db2-cddb-11b9-04cf-804240920324" />
    <cim:SvPowerFlow.p>-629.103</cim:SvPowerFlow.p>
    <cim:SvPowerFlow.q>-51.1439</cim:SvPowerFlow.q>
  </cim:SvPowerFlow>
  <cim:SvPowerFlow rdf:ID="_50a8f637-c78c-4a3c-8edc-09b08912a902">
    <cim:SvPowerFlow.Terminal rdf:resource="#_0599dfa5-3fdf-5e89-9021-e4124103d5f5" />
    <cim:SvPowerFlow.p>-270.414</cim:SvPowerFlow.p>
    <cim:SvPowerFlow.q>-46.8799</cim:SvPowerFlow.q>
  </cim:SvPowerFlow>
  <cim:SvPowerFlow rdf:ID="_74396f17-94c1-4115-bb23-ba710be28710">
    <cim:SvPowerFlow.Terminal rdf:resource="#_b42781c2-de5e-f0e0-7345-825158ba8a82" />
    <cim:SvPowerFlow.p>-363.847</cim:SvPowerFlow.p>
    <cim:SvPowerFlow.q>-32.4395</cim:SvPowerFlow.q>
  </cim:SvPowerFlow>
  <cim:SvPowerFlow rdf:ID="_eb04c3b1-1ab6-4973-bfb4-365f75c4cf9e">
    <cim:SvPowerFlow.Terminal rdf:resource="#_aefa092b-7f3e-d9fc-55b2-1b76f22f5a77" />
    <cim:SvPowerFlow.p>-250</cim:SvPowerFlow.p>
    <cim:SvPowerFlow.q>-132.325</cim:SvPowerFlow.q>
  </cim:SvPowerFlow>
  <cim:SvPowerFlow rdf:ID="_87ff3fb6-05fd-468f-9d6d-5557fae9ba16">
    <cim:SvPowerFlow.Terminal rdf:resource="#_dd31cb4a-e4f0-61d7-4ede-64d73e7b9712" />
    <cim:SvPowerFlow.p>-42.7717</cim:SvPowerFlow.p>
    <cim:SvPowerFlow.q>-61.818</cim:SvPowerFlow.q>
  </cim:SvPowerFlow>
  <cim:SvPowerFlow rdf:ID="_7da0e7e1-a959-4688-ae9e-a84a715a1b38">
    <cim:SvPowerFlow.Terminal rdf:resource="#_85e18e4c-d655-bd32-7a73-7d15b270bf65" />
    <cim:SvPowerFlow.p>52.3621</cim:SvPowerFlow.p>
    <cim:SvPowerFlow.q>-9.64285</cim:SvPowerFlow.q>
  </cim:SvPowerFlow>
  <cim:SvPowerFlow rdf:ID="_51a7830a-af83-4047-9f36-a6211953d97f">
    <cim:SvPowerFlow.Terminal rdf:resource="#_562811e1-8aa7-3746-8e9b-4cf674b08d63" />
    <cim:SvPowerFlow.p>-5.13121</cim:SvPowerFlow.p>
    <cim:SvPowerFlow.q>-1.35623</cim:SvPowerFlow.q>
  </cim:SvPowerFlow>
  <cim:SvPowerFlow rdf:ID="_5f3db728-66db-45f2-bcab-1576d95b56df">
    <cim:SvPowerFlow.Terminal rdf:resource="#_9f02ccb9-c10a-7098-852f-02b0d45fd72a" />
    <cim:SvPowerFlow.p>511.611</cim:SvPowerFlow.p>
    <cim:SvPowerFlow.q>193.652</cim:SvPowerFlow.q>
  </cim:SvPowerFlow>
  <cim:SvPowerFlow rdf:ID="_618dee2e-5dca-49c0-977c-ba2a8b07edd1">
    <cim:SvPowerFlow.Terminal rdf:resource="#_87d110de-378c-fe57-499a-d3c032d15d99" />
    <cim:SvPowerFlow.p>-19.01</cim:SvPowerFlow.p>
    <cim:SvPowerFlow.q>9.25725</cim:SvPowerFlow.q>
  </cim:SvPowerFlow>
  <cim:SvPowerFlow rdf:ID="_45eacfd7-281e-4478-9912-979f16fa2e2a">
    <cim:SvPowerFlow.Terminal rdf:resource="#_c773377a-1e0e-0630-0bad-a798bd59a50b" />
    <cim:SvPowerFlow.p>322</cim:SvPowerFlow.p>
    <cim:SvPowerFlow.q>2.4</cim:SvPowerFlow.q>
  </cim:SvPowerFlow>
  <cim:SvPowerFlow rdf:ID="_8417687c-9db3-46a2-883f-0881c0cde6ee">
    <cim:SvPowerFlow.Terminal rdf:resource="#_efa23b40-b159-a036-a903-77ba918ccea7" />
    <cim:SvPowerFlow.p>185.719</cim:SvPowerFlow.p>
    <cim:SvPowerFlow.q>2.03868</cim:SvPowerFlow.q>
  </cim:SvPowerFlow>
  <cim:SvPowerFlow rdf:ID="_c9293a69-30ea-4447-a133-a9f183c8ce76">
    <cim:SvPowerFlow.Terminal rdf:resource="#_444e6e23-2abd-b104-3824-c29edc0833aa" />
    <cim:SvPowerFlow.p>139</cim:SvPowerFlow.p>
    <cim:SvPowerFlow.q>17</cim:SvPowerFlow.q>
  </cim:SvPowerFlow>
  <cim:SvPowerFlow rdf:ID="_bd22f5d6-75f7-4559-867d-db12421dfd78">
    <cim:SvPowerFlow.Terminal rdf:resource="#_98ae743a-2492-c40e-79ac-29d21b73386c" />
    <cim:SvPowerFlow.p>158</cim:SvPowerFlow.p>
    <cim:SvPowerFlow.q>30</cim:SvPowerFlow.q>
  </cim:SvPowerFlow>
  <cim:SvPowerFlow rdf:ID="_9d12d1e7-a07c-4a2b-a2a3-3cb9ed4337f7">
    <cim:SvPowerFlow.Terminal rdf:resource="#_bc582622-9f6c-9971-d1e2-fc16eb889831" />
    <cim:SvPowerFlow.p>-42.6781</cim:SvPowerFlow.p>
    <cim:SvPowerFlow.q>-98.2449</cim:SvPowerFlow.q>
  </cim:SvPowerFlow>
  <cim:SvPowerFlow rdf:ID="_b982b602-52d3-42ac-ba76-ac126327b41b">
    <cim:SvPowerFlow.Terminal rdf:resource="#_eb7562e2-9eda-4e4e-a399-c1a21ce23a28" />
    <cim:SvPowerFlow.p>-632</cim:SvPowerFlow.p>
    <cim:SvPowerFlow.q>-109.906</cim:SvPowerFlow.q>
  </cim:SvPowerFlow>
  <cim:SvPowerFlow rdf:ID="_f10b4bbe-e90c-4780-a069-e4588319dda4">
    <cim:SvPowerFlow.Terminal rdf:resource="#_7856ac43-ea99-b2a4-68c4-26c588402d99" />
    <cim:SvPowerFlow.p>250</cim:SvPowerFlow.p>
    <cim:SvPowerFlow.q>146.158</cim:SvPowerFlow.q>
  </cim:SvPowerFlow>
  <cim:SvPowerFlow rdf:ID="_bc48b240-66cc-4bf0-bc94-0fb00641dba9">
    <cim:SvPowerFlow.Terminal rdf:resource="#_d78ce246-f596-b664-b2ae-3c61ca9367b0" />
    <cim:SvPowerFlow.p>-511.611</cim:SvPowerFlow.p>
    <cim:SvPowerFlow.q>-116.072</cim:SvPowerFlow.q>
  </cim:SvPowerFlow>
  <cim:SvPowerFlow rdf:ID="_fa424d10-8703-40d1-9f67-45ea9ec5369f">
    <cim:SvPowerFlow.Terminal rdf:resource="#_b3dedecb-baec-1a02-66e6-c9e907100523" />
    <cim:SvPowerFlow.p>-261.99</cim:SvPowerFlow.p>
    <cim:SvPowerFlow.q>-84.7573</cim:SvPowerFlow.q>
  </cim:SvPowerFlow>
  <cim:SvPowerFlow rdf:ID="_62e6e793-6b18-4f4c-b02b-ca97f6699f6c">
    <cim:SvPowerFlow.Terminal rdf:resource="#_d3daf75e-be34-239d-0b6a-970fd8c7f523" />
    <cim:SvPowerFlow.p>271.008</cim:SvPowerFlow.p>
    <cim:SvPowerFlow.q>42.4079</cim:SvPowerFlow.q>
  </cim:SvPowerFlow>
  <cim:SvPowerFlow rdf:ID="_fb03d498-be0d-4f48-8b72-cf90a7cd55d6">
    <cim:SvPowerFlow.Terminal rdf:resource="#_02c1d0b2-7319-f099-88ce-7cf8cdc2242d" />
    <cim:SvPowerFlow.p>206</cim:SvPowerFlow.p>
    <cim:SvPowerFlow.q>27.6</cim:SvPowerFlow.q>
  </cim:SvPowerFlow>
  <cim:SvPowerFlow rdf:ID="_a225c619-69fd-48a8-901e-e1dace499e02">
    <cim:SvPowerFlow.Terminal rdf:resource="#_7bfc571b-794c-37a3-de04-7f2d724bcec2" />
    <cim:SvPowerFlow.p>-508</cim:SvPowerFlow.p>
    <cim:SvPowerFlow.q>-165.764</cim:SvPowerFlow.q>
  </cim:SvPowerFlow>
  <cim:SvPowerFlow rdf:ID="_a2ad8a03-230a-4923-bdca-18220abea1fa">
    <cim:SvPowerFlow.Terminal rdf:resource="#_9f081652-2521-4c0b-b982-9a3e7645cb26" />
    <cim:SvPowerFlow.p>-0.0560167</cim:SvPowerFlow.p>
    <cim:SvPowerFlow.q>43.0883</cim:SvPowerFlow.q>
  </cim:SvPowerFlow>
  <cim:SvPowerFlow rdf:ID="_caef3c30-ea03-47f2-b9b3-cf5c0e706262">
    <cim:SvPowerFlow.Terminal rdf:resource="#_3fda3828-1be8-5353-8469-1373d0020477" />
    <cim:SvPowerFlow.p>508</cim:SvPowerFlow.p>
    <cim:SvPowerFlow.q>165.764</cim:SvPowerFlow.q>
  </cim:SvPowerFlow>
  <cim:SvPowerFlow rdf:ID="_6256d91a-463b-4bc8-bfc1-8bfd60db3280">
    <cim:SvPowerFlow.Terminal rdf:resource="#_0cb20540-a408-777a-a7c5-8524a1420619" />
    <cim:SvPowerFlow.p>210.655</cim:SvPowerFlow.p>
    <cim:SvPowerFlow.q>9.73086</cim:SvPowerFlow.q>
  </cim:SvPowerFlow>
  <cim:SvPowerFlow rdf:ID="_21bec4fa-fbd8-408f-aebc-7cd6ff832c6a">
    <cim:SvPowerFlow.Terminal rdf:resource="#_e80353e2-1577-c68d-ce90-a2c020aa45cc" />
    <cim:SvPowerFlow.p>420.621</cim:SvPowerFlow.p>
    <cim:SvPowerFlow.q>91.5733</cim:SvPowerFlow.q>
  </cim:SvPowerFlow>
  <cim:SvPowerFlow rdf:ID="_c6d0403a-d9a2-4d57-9019-17bceee4eaf8">
    <cim:SvPowerFlow.Terminal rdf:resource="#_ef58fb7a-52ae-e2fd-4071-d7ef73f276c1" />
    <cim:SvPowerFlow.p>-140.824</cim:SvPowerFlow.p>
    <cim:SvPowerFlow.q>-21.6911</cim:SvPowerFlow.q>
  </cim:SvPowerFlow>
  <cim:SvPowerFlow rdf:ID="_e260cb07-544f-4050-ad30-e276b6533556">
    <cim:SvPowerFlow.Terminal rdf:resource="#_de3f0001-75f0-7816-87de-3e24aa3bf227" />
    <cim:SvPowerFlow.p>1104</cim:SvPowerFlow.p>
    <cim:SvPowerFlow.q>250</cim:SvPowerFlow.q>
  </cim:SvPowerFlow>
  <cim:SvPowerFlow rdf:ID="_7951e853-e0d0-4a21-accf-408f2d0a2ee7">
    <cim:SvPowerFlow.Terminal rdf:resource="#_87e0c908-0433-f48d-29ff-48dcd7f78a29" />
    <cim:SvPowerFlow.p>522</cim:SvPowerFlow.p>
    <cim:SvPowerFlow.q>176</cim:SvPowerFlow.q>
  </cim:SvPowerFlow>
  <cim:SvPowerFlow rdf:ID="_e64a6232-70f5-4cde-8fd7-2d2b1eda062d">
    <cim:SvPowerFlow.Terminal rdf:resource="#_a230d499-2377-55ec-ca29-429163cc63ec" />
    <cim:SvPowerFlow.p>-314.869</cim:SvPowerFlow.p>
    <cim:SvPowerFlow.q>-151.644</cim:SvPowerFlow.q>
  </cim:SvPowerFlow>
  <cim:SvPowerFlow rdf:ID="_9892b1e8-2d52-4c5e-95eb-89e90a5e71cf">
    <cim:SvPowerFlow.Terminal rdf:resource="#_a8f056fa-32fc-c783-7df3-9df2af82a359" />
    <cim:SvPowerFlow.p>349.169</cim:SvPowerFlow.p>
    <cim:SvPowerFlow.q>-38.8828</cim:SvPowerFlow.q>
  </cim:SvPowerFlow>
  <cim:SvPowerFlow rdf:ID="_c051319f-c104-40a7-894d-874338ac2893">
    <cim:SvPowerFlow.Terminal rdf:resource="#_ae641c6c-df1d-ffd8-ddb3-2b80cdf53189" />
    <cim:SvPowerFlow.p>-124.153</cim:SvPowerFlow.p>
    <cim:SvPowerFlow.q>-104.613</cim:SvPowerFlow.q>
  </cim:SvPowerFlow>
  <cim:SvPowerFlow rdf:ID="_d85fb31e-2b94-4cc4-aa56-700b609d7bce">
    <cim:SvPowerFlow.Terminal rdf:resource="#_c38f7665-3c3e-ccac-884b-a4554d99c29f" />
    <cim:SvPowerFlow.p>-830</cim:SvPowerFlow.p>
    <cim:SvPowerFlow.q>-22.8416</cim:SvPowerFlow.q>
  </cim:SvPowerFlow>
  <cim:TopologicalIsland rdf:ID="_e13b2b90-c17a-46c1-af60-d9a90aadae97">
    <cim:IdentifiedObject.name>Island_001</cim:IdentifiedObject.name>
    <cim:TopologicalIsland.AngleRefTopologicalNode rdf:resource="#_c3acb49e-93cf-f50a-a569-48a8a87689ba" />
    <cim:TopologicalIsland.TopologicalNodes rdf:resource="#_9331c3f8-2dc4-1113-38f8-926cd86d167e" />
    <cim:TopologicalIsland.TopologicalNodes rdf:resource="#_70e67048-7b99-74aa-c16b-969413790f53" />
    <cim:TopologicalIsland.TopologicalNodes rdf:resource="#_42ab9bcc-6641-3612-aa16-9ae7daa523f6" />
    <cim:TopologicalIsland.TopologicalNodes rdf:resource="#_bda36dfc-b757-91c8-4dd2-0f889ad30018" />
    <cim:TopologicalIsland.TopologicalNodes rdf:resource="#_239c60b0-6d8c-ead1-de5f-c511126de258" />
    <cim:TopologicalIsland.TopologicalNodes rdf:resource="#_7e76825a-9966-daac-9a87-0482eb90d034" />
    <cim:TopologicalIsland.TopologicalNodes rdf:resource="#_027d725e-96b5-a984-db99-bdf09f992e96" />
    <cim:TopologicalIsland.TopologicalNodes rdf:resource="#_9d0c411b-8da6-2ffe-dff5-ad5a43f1672c" />
    <cim:TopologicalIsland.TopologicalNodes rdf:resource="#_0a544566-c887-fbd1-0081-80ceed145dfb" />
    <cim:TopologicalIsland.TopologicalNodes rdf:resource="#_de297abc-57e2-1807-b327-df0cc6c080be" />
    <cim:TopologicalIsland.TopologicalNodes rdf:resource="#_57d8515f-d771-2e62-6764-aa7b0f8c94aa" />
    <cim:TopologicalIsland.TopologicalNodes rdf:resource="#_a530e13d-3770-b221-bc69-5b2d8118ffe9" />
    <cim:TopologicalIsland.TopologicalNodes rdf:resource="#_1de0fb39-0770-b0ee-e63e-2dc7190a9ed5" />
    <cim:TopologicalIsland.TopologicalNodes rdf:resource="#_f21c991e-f4e0-06b1-d3ed-cd9579c788ba" />
    <cim:TopologicalIsland.TopologicalNodes rdf:resource="#_bc48fcc6-3a79-3cdb-dcdc-cdd44edd4f62" />
    <cim:TopologicalIsland.TopologicalNodes rdf:resource="#_86a2c789-0efa-5b5f-5d78-239d551f217f" />
    <cim:TopologicalIsland.TopologicalNodes rdf:resource="#_c1b6504a-ec20-072b-77f3-0227a167312f" />
    <cim:TopologicalIsland.TopologicalNodes rdf:resource="#_7e93dcd2-1fc4-af01-fef9-75f7b2afab91" />
    <cim:TopologicalIsland.TopologicalNodes rdf:resource="#_2d282830-59d7-2b29-ea4d-4417ca575121" />
    <cim:TopologicalIsland.TopologicalNodes rdf:resource="#_ad50e626-c980-842c-e2ba-8fee347773db" />
    <cim:TopologicalIsland.TopologicalNodes rdf:resource="#_e9aaf5a1-78ba-aee8-a41f-215833861850" />
    <cim:TopologicalIsland.TopologicalNodes rdf:resource="#_a58272a8-606a-b210-e332-fede4b447071" />
    <cim:TopologicalIsland.TopologicalNodes rdf:resource="#_2ca15937-18f5-c673-b215-3831add2c22e" />
    <cim:TopologicalIsland.TopologicalNodes rdf:resource="#_82bf461c-071f-bca4-d628-42dc377c463c" />
    <cim:TopologicalIsland.TopologicalNodes rdf:resource="#_c3acb49e-93cf-f50a-a569-48a8a87689ba" />
    <cim:TopologicalIsland.TopologicalNodes rdf:resource="#_2229a7ec-11e8-29d9-e54f-8f801e5ec304" />
    <cim:TopologicalIsland.TopologicalNodes rdf:resource="#_7d65eb4f-c669-1726-ccb5-931bb18b967d" />
    <cim:TopologicalIsland.TopologicalNodes rdf:resource="#_e0f73f50-839d-e54b-49cf-8bdf0a259b8e" />
    <cim:TopologicalIsland.TopologicalNodes rdf:resource="#_e59ad6f1-d6f6-2e8b-41f6-a5e5a2a45cc1" />
    <cim:TopologicalIsland.TopologicalNodes rdf:resource="#_4e1903b6-9789-38f7-6949-e4f12e1412a6" />
    <cim:TopologicalIsland.TopologicalNodes rdf:resource="#_9684a5c5-b0c1-2397-e28d-52b0c34a3d32" />
    <cim:TopologicalIsland.TopologicalNodes rdf:resource="#_5103eec5-3b0e-db54-6fe2-f32313672b66" />
    <cim:TopologicalIsland.TopologicalNodes rdf:resource="#_df30950b-83d3-ac11-a36f-176deef79b85" />
    <cim:TopologicalIsland.TopologicalNodes rdf:resource="#_c22f706c-6f26-7e06-0bdf-373be12d0499" />
    <cim:TopologicalIsland.TopologicalNodes rdf:resource="#_a983424b-a249-6a55-bf53-465c2efcdaa5" />
    <cim:TopologicalIsland.TopologicalNodes rdf:resource="#_2b4a012b-7545-a4ab-5489-9b19cc770702" />
    <cim:TopologicalIsland.TopologicalNodes rdf:resource="#_8ac0f3a7-cf5f-0989-9052-5ee04cde0cb8" />
    <cim:TopologicalIsland.TopologicalNodes rdf:resource="#_ac82c41d-9f98-2e42-943c-5e9b11f11bd6" />
    <cim:TopologicalIsland.TopologicalNodes rdf:resource="#_970cd218-0a6b-6148-1d9a-c331dc45e356" />
  </cim:TopologicalIsland>
  <cim:SvVoltage rdf:ID="_6f6a8521-0b75-4afb-82c4-be6fdd24aa53">
    <cim:SvVoltage.TopologicalNode rdf:resource="#_ac82c41d-9f98-2e42-943c-5e9b11f11bd6" />
    <cim:SvVoltage.angle>-7.65641</cim:SvVoltage.angle>
    <cim:SvVoltage.v>349.048</cim:SvVoltage.v>
  </cim:SvVoltage>
  <cim:SvVoltage rdf:ID="_5cb49f14-6338-4d64-b0d6-e78957722776">
    <cim:SvVoltage.TopologicalNode rdf:resource="#_970cd218-0a6b-6148-1d9a-c331dc45e356" />
    <cim:SvVoltage.angle>-4.36339</cim:SvVoltage.angle>
    <cim:SvVoltage.v>364.861</cim:SvVoltage.v>
  </cim:SvVoltage>
  <cim:SvVoltage rdf:ID="_8afec625-4f58-4466-896e-f99021263737">
    <cim:SvVoltage.TopologicalNode rdf:resource="#_bda36dfc-b757-91c8-4dd2-0f889ad30018" />
    <cim:SvVoltage.angle>-2.01489</cim:SvVoltage.angle>
    <cim:SvVoltage.v>362.292</cim:SvVoltage.v>
  </cim:SvVoltage>
  <cim:SvVoltage rdf:ID="_f9893185-757c-4d25-a4c7-104477c9fa3b">
    <cim:SvVoltage.TopologicalNode rdf:resource="#_7e76825a-9966-daac-9a87-0482eb90d034" />
    <cim:SvVoltage.angle>-8.61186</cim:SvVoltage.angle>
    <cim:SvVoltage.v>346.832</cim:SvVoltage.v>
  </cim:SvVoltage>
  <cim:SvVoltage rdf:ID="_5e342b3c-1200-42a5-b77a-e7d173db6104">
    <cim:SvVoltage.TopologicalNode rdf:resource="#_e0f73f50-839d-e54b-49cf-8bdf0a259b8e" />
    <cim:SvVoltage.angle>-10.053</cim:SvVoltage.angle>
    <cim:SvVoltage.v>355.35</cim:SvVoltage.v>
  </cim:SvVoltage>
  <cim:SvVoltage rdf:ID="_8e67701e-d523-4209-8f46-079254c889aa">
    <cim:SvVoltage.TopologicalNode rdf:resource="#_239c60b0-6d8c-ead1-de5f-c511126de258" />
    <cim:SvVoltage.angle>-5.52672</cim:SvVoltage.angle>
    <cim:SvVoltage.v>362.966</cim:SvVoltage.v>
  </cim:SvVoltage>
  <cim:SvVoltage rdf:ID="_11739555-94d7-4113-a55d-f93dc2163d20">
    <cim:SvVoltage.TopologicalNode rdf:resource="#_c3acb49e-93cf-f50a-a569-48a8a87689ba" />
    <cim:SvVoltage.angle>0</cim:SvVoltage.angle>
    <cim:SvVoltage.v>16.203</cim:SvVoltage.v>
  </cim:SvVoltage>
  <cim:SvVoltage rdf:ID="_41eaa07b-4600-4dcd-b58d-74ba91cb50d3">
    <cim:SvVoltage.TopologicalNode rdf:resource="#_bc48fcc6-3a79-3cdb-dcdc-cdd44edd4f62" />
    <cim:SvVoltage.angle>7.80773</cim:SvVoltage.angle>
    <cim:SvVoltage.v>16.9373</cim:SvVoltage.v>
  </cim:SvVoltage>
  <cim:SvVoltage rdf:ID="_34c99436-c6ad-41da-90be-20991a0f7e26">
    <cim:SvVoltage.TopologicalNode rdf:resource="#_de297abc-57e2-1807-b327-df0cc6c080be" />
    <cim:SvVoltage.angle>-10.1238</cim:SvVoltage.angle>
    <cim:SvVoltage.v>343.965</cim:SvVoltage.v>
  </cim:SvVoltage>
  <cim:SvVoltage rdf:ID="_92256a86-3018-4c53-a1be-3a8d07df7fd0">
    <cim:SvVoltage.TopologicalNode rdf:resource="#_9d0c411b-8da6-2ffe-dff5-ad5a43f1672c" />
    <cim:SvVoltage.angle>2.56896</cim:SvVoltage.angle>
    <cim:SvVoltage.v>16.2211</cim:SvVoltage.v>
  </cim:SvVoltage>
  <cim:SvVoltage rdf:ID="_bfb65545-76fd-44eb-ad46-1961bf9b09b1">
    <cim:SvVoltage.TopologicalNode rdf:resource="#_70e67048-7b99-74aa-c16b-969413790f53" />
    <cim:SvVoltage.angle>-10.6154</cim:SvVoltage.angle>
    <cim:SvVoltage.v>343.627</cim:SvVoltage.v>
  </cim:SvVoltage>
  <cim:SvVoltage rdf:ID="_9d6b92b4-f2f8-44c7-9c75-d02b2f54aa30">
    <cim:SvVoltage.TopologicalNode rdf:resource="#_42ab9bcc-6641-3612-aa16-9ae7daa523f6" />
    <cim:SvVoltage.angle>8.32292</cim:SvVoltage.angle>
    <cim:SvVoltage.v>17.5478</cim:SvVoltage.v>
  </cim:SvVoltage>
  <cim:SvVoltage rdf:ID="_92d89d49-184a-4a38-90fe-add4b3163d8e">
    <cim:SvVoltage.TopologicalNode rdf:resource="#_c22f706c-6f26-7e06-0bdf-373be12d0499" />
    <cim:SvVoltage.angle>-6.18751</cim:SvVoltage.angle>
    <cim:SvVoltage.v>355.962</cim:SvVoltage.v>
  </cim:SvVoltage>
  <cim:SvVoltage rdf:ID="_9dac3234-e17a-4b21-aa94-d914466370e2">
    <cim:SvVoltage.TopologicalNode rdf:resource="#_ad50e626-c980-842c-e2ba-8fee347773db" />
    <cim:SvVoltage.angle>-7.30129</cim:SvVoltage.angle>
    <cim:SvVoltage.v>356.577</cim:SvVoltage.v>
  </cim:SvVoltage>
  <cim:SvVoltage rdf:ID="_5e92e95d-a7ca-4440-9070-36933b9681bc">
    <cim:SvVoltage.TopologicalNode rdf:resource="#_82bf461c-071f-bca4-d628-42dc377c463c" />
    <cim:SvVoltage.angle>-8.43868</cim:SvVoltage.angle>
    <cim:SvVoltage.v>361.338</cim:SvVoltage.v>
  </cim:SvVoltage>
  <cim:SvVoltage rdf:ID="_c4d7d4c6-2cea-40c1-af41-311d89a5f18b">
    <cim:SvVoltage.TopologicalNode rdf:resource="#_7d65eb4f-c669-1726-ccb5-931bb18b967d" />
    <cim:SvVoltage.angle>2.42111</cim:SvVoltage.angle>
    <cim:SvVoltage.v>16.9587</cim:SvVoltage.v>
  </cim:SvVoltage>
  <cim:SvVoltage rdf:ID="_daad7956-09c9-4744-81a5-1f5b375afcda">
    <cim:SvVoltage.TopologicalNode rdf:resource="#_2b4a012b-7545-a4ab-5489-9b19cc770702" />
    <cim:SvVoltage.angle>-10.322</cim:SvVoltage.angle>
    <cim:SvVoltage.v>354.738</cim:SvVoltage.v>
  </cim:SvVoltage>
  <cim:SvVoltage rdf:ID="_39976703-a1a7-4ad8-9ad4-84f4c24e8ba0">
    <cim:SvVoltage.TopologicalNode rdf:resource="#_027d725e-96b5-a984-db99-bdf09f992e96" />
    <cim:SvVoltage.angle>-8.59855</cim:SvVoltage.angle>
    <cim:SvVoltage.v>355.41</cim:SvVoltage.v>
  </cim:SvVoltage>
  <cim:SvVoltage rdf:ID="_10f7e79b-d2db-4ea1-bd92-cb436d547a1a">
    <cim:SvVoltage.TopologicalNode rdf:resource="#_a983424b-a249-6a55-bf53-465c2efcdaa5" />
    <cim:SvVoltage.angle>-5.75376</cim:SvVoltage.angle>
    <cim:SvVoltage.v>361.814</cim:SvVoltage.v>
  </cim:SvVoltage>
  <cim:SvVoltage rdf:ID="_9908eacf-51d4-462b-873e-d3d08f478a32">
    <cim:SvVoltage.TopologicalNode rdf:resource="#_2ca15937-18f5-c673-b215-3831add2c22e" />
    <cim:SvVoltage.angle>-8.22386</cim:SvVoltage.angle>
    <cim:SvVoltage.v>355.671</cim:SvVoltage.v>
  </cim:SvVoltage>
  <cim:SvVoltage rdf:ID="_14182ce3-67ca-4361-9d14-9f7ef464a2b1">
    <cim:SvVoltage.TopologicalNode rdf:resource="#_8ac0f3a7-cf5f-0989-9052-5ee04cde0cb8" />
    <cim:SvVoltage.angle>-1.02277</cim:SvVoltage.angle>
    <cim:SvVoltage.v>362.202</cim:SvVoltage.v>
  </cim:SvVoltage>
  <cim:SvVoltage rdf:ID="_07d57639-89ac-4bd1-a3b2-44406cc1d70e">
    <cim:SvVoltage.TopologicalNode rdf:resource="#_a530e13d-3770-b221-bc69-5b2d8118ffe9" />
    <cim:SvVoltage.angle>-6.09772</cim:SvVoltage.angle>
    <cim:SvVoltage.v>349.936</cim:SvVoltage.v>
  </cim:SvVoltage>
  <cim:SvVoltage rdf:ID="_ecfa8ade-ab4f-4446-bdb3-3f5a6606541f">
    <cim:SvVoltage.TopologicalNode rdf:resource="#_7e93dcd2-1fc4-af01-fef9-75f7b2afab91" />
    <cim:SvVoltage.angle>0.470028</cim:SvVoltage.angle>
    <cim:SvVoltage.v>360.452</cim:SvVoltage.v>
  </cim:SvVoltage>
  <cim:SvVoltage rdf:ID="_40747f39-4b54-4009-b0a7-1a96dfea594c">
    <cim:SvVoltage.TopologicalNode rdf:resource="#_9684a5c5-b0c1-2397-e28d-52b0c34a3d32" />
    <cim:SvVoltage.angle>-6.06791</cim:SvVoltage.angle>
    <cim:SvVoltage.v>357.872</cim:SvVoltage.v>
  </cim:SvVoltage>
  <cim:SvVoltage rdf:ID="_27341e23-ea18-480b-864c-b4ebc4f5a3d6">
    <cim:SvVoltage.TopologicalNode rdf:resource="#_2229a7ec-11e8-29d9-e54f-8f801e5ec304" />
    <cim:SvVoltage.angle>-3.33399</cim:SvVoltage.angle>
    <cim:SvVoltage.v>17.2838</cim:SvVoltage.v>
  </cim:SvVoltage>
  <cim:SvVoltage rdf:ID="_93bb9a66-9e53-4dda-95a4-2bde72a85abf">
    <cim:SvVoltage.TopologicalNode rdf:resource="#_df30950b-83d3-ac11-a36f-176deef79b85" />
    <cim:SvVoltage.angle>5.63005</cim:SvVoltage.angle>
    <cim:SvVoltage.v>17.3134</cim:SvVoltage.v>
  </cim:SvVoltage>
  <cim:SvVoltage rdf:ID="_a6f0bead-6210-43e4-a777-9ccab6bc5180">
    <cim:SvVoltage.TopologicalNode rdf:resource="#_2d282830-59d7-2b29-ea4d-4417ca575121" />
    <cim:SvVoltage.angle>0.744355</cim:SvVoltage.angle>
    <cim:SvVoltage.v>362.23</cim:SvVoltage.v>
  </cim:SvVoltage>
  <cim:SvVoltage rdf:ID="_c73ec671-5cfd-45ca-a71c-8f72c17ca6a2">
    <cim:SvVoltage.TopologicalNode rdf:resource="#_86a2c789-0efa-5b5f-5d78-239d551f217f" />
    <cim:SvVoltage.angle>-6.28426</cim:SvVoltage.angle>
    <cim:SvVoltage.v>349.379</cim:SvVoltage.v>
  </cim:SvVoltage>
  <cim:SvVoltage rdf:ID="_301a5843-1a85-40b5-ad01-d6cad25b6d35">
    <cim:SvVoltage.TopologicalNode rdf:resource="#_4e1903b6-9789-38f7-6949-e4f12e1412a6" />
    <cim:SvVoltage.angle>3.17499</cim:SvVoltage.angle>
    <cim:SvVoltage.v>16.7029</cim:SvVoltage.v>
  </cim:SvVoltage>
  <cim:SvVoltage rdf:ID="_f006d1b0-412f-4127-b879-ad69193e7e6e">
    <cim:SvVoltage.TopologicalNode rdf:resource="#_c1b6504a-ec20-072b-77f3-0227a167312f" />
    <cim:SvVoltage.angle>4.19469</cim:SvVoltage.angle>
    <cim:SvVoltage.v>16.4538</cim:SvVoltage.v>
  </cim:SvVoltage>
  <cim:SvVoltage rdf:ID="_501ef2e0-04b8-4a60-96c0-fc5cb3e6e0c3">
    <cim:SvVoltage.TopologicalNode rdf:resource="#_57d8515f-d771-2e62-6764-aa7b0f8c94aa" />
    <cim:SvVoltage.angle>-3.78053</cim:SvVoltage.angle>
    <cim:SvVoltage.v>355.957</cim:SvVoltage.v>
  </cim:SvVoltage>
  <cim:SvVoltage rdf:ID="_ee0ed292-9402-4749-8afa-9fb5c2ac758f">
    <cim:SvVoltage.TopologicalNode rdf:resource="#_f21c991e-f4e0-06b1-d3ed-cd9579c788ba" />
    <cim:SvVoltage.angle>-2.01468</cim:SvVoltage.angle>
    <cim:SvVoltage.v>227.971</cim:SvVoltage.v>
  </cim:SvVoltage>
  <cim:SvVoltage rdf:ID="_db6bccc5-2e75-4df9-9788-4b452df69a3f">
    <cim:SvVoltage.TopologicalNode rdf:resource="#_0a544566-c887-fbd1-0081-80ceed145dfb" />
    <cim:SvVoltage.angle>0.668306</cim:SvVoltage.angle>
    <cim:SvVoltage.v>362.179</cim:SvVoltage.v>
  </cim:SvVoltage>
  <cim:SvVoltage rdf:ID="_649e3269-e98f-4cdf-b538-10abd25f9f7a">
    <cim:SvVoltage.TopologicalNode rdf:resource="#_1de0fb39-0770-b0ee-e63e-2dc7190a9ed5" />
    <cim:SvVoltage.angle>-7.73609</cim:SvVoltage.angle>
    <cim:SvVoltage.v>350.307</cim:SvVoltage.v>
  </cim:SvVoltage>
  <cim:SvVoltage rdf:ID="_633b34aa-549b-4f02-8345-55375aa9ab0e">
    <cim:SvVoltage.TopologicalNode rdf:resource="#_a58272a8-606a-b210-e332-fede4b447071" />
    <cim:SvVoltage.angle>-9.60667</cim:SvVoltage.angle>
    <cim:SvVoltage.v>346.333</cim:SvVoltage.v>
  </cim:SvVoltage>
  <cim:SvVoltage rdf:ID="_a18d1ef5-aa20-44b6-83e3-08d256a9209f">
    <cim:SvVoltage.TopologicalNode rdf:resource="#_5103eec5-3b0e-db54-6fe2-f32313672b66" />
    <cim:SvVoltage.angle>-6.24364</cim:SvVoltage.angle>
    <cim:SvVoltage.v>138.021</cim:SvVoltage.v>
  </cim:SvVoltage>
  <cim:SvVoltage rdf:ID="_de73e612-c8e9-4b81-a94d-20b61c95b41f">
    <cim:SvVoltage.TopologicalNode rdf:resource="#_9331c3f8-2dc4-1113-38f8-926cd86d167e" />
    <cim:SvVoltage.angle>-7.49542</cim:SvVoltage.angle>
    <cim:SvVoltage.v>358.021</cim:SvVoltage.v>
  </cim:SvVoltage>
  <cim:SvVoltage rdf:ID="_f5dff49d-f561-45ba-b673-3436fa1d8110">
    <cim:SvVoltage.TopologicalNode rdf:resource="#_e9aaf5a1-78ba-aee8-a41f-215833861850" />
    <cim:SvVoltage.angle>-7.94968</cim:SvVoltage.angle>
    <cim:SvVoltage.v>347.647</cim:SvVoltage.v>
  </cim:SvVoltage>
  <cim:SvVoltage rdf:ID="_5efff9fd-9e07-43c4-bcd7-308307e6d83c">
    <cim:SvVoltage.TopologicalNode rdf:resource="#_e59ad6f1-d6f6-2e8b-41f6-a5e5a2a45cc1" />
    <cim:SvVoltage.angle>-5.42713</cim:SvVoltage.angle>
    <cim:SvVoltage.v>350.917</cim:SvVoltage.v>
  </cim:SvVoltage>
  <cim:SvTapStep rdf:ID="_f4c0861f-d15e-40e0-a836-01bb5a731d4a">
    <cim:SvTapStep.TapChanger rdf:resource="#_1a73d5bf-7317-161a-64cb-6fde7d1b0eb7" />
    <cim:SvTapStep.position>1</cim:SvTapStep.position>
  </cim:SvTapStep>
  <cim:SvTapStep rdf:ID="_10e62d89-878f-4b6f-9182-9791d2a8fd7d">
    <cim:SvTapStep.TapChanger rdf:resource="#_52ec6a7c-11bf-6d88-835d-1d04eb476070" />
    <cim:SvTapStep.position>2</cim:SvTapStep.position>
  </cim:SvTapStep>
  <cim:SvTapStep rdf:ID="_a1670df2-b9ed-474d-9207-13f3fdff649e">
    <cim:SvTapStep.TapChanger rdf:resource="#_a34888ee-4e80-d17f-d970-e384980da28f" />
    <cim:SvTapStep.position>2</cim:SvTapStep.position>
  </cim:SvTapStep>
  <cim:SvTapStep rdf:ID="_01769df6-a971-41a3-a78f-21b9efe0578a">
    <cim:SvTapStep.TapChanger rdf:resource="#_1b5f77fe-7d63-3b8b-be4f-2ab47a1b1416" />
    <cim:SvTapStep.position>1</cim:SvTapStep.position>
  </cim:SvTapStep>
  <cim:SvTapStep rdf:ID="_566ba038-45d0-4880-b08b-ba1aa4e83f08">
    <cim:SvTapStep.TapChanger rdf:resource="#_85887996-a402-54db-991d-c18e358505c4" />
    <cim:SvTapStep.position>1</cim:SvTapStep.position>
  </cim:SvTapStep>
  <cim:SvTapStep rdf:ID="_03b850b5-919f-4278-8a85-26014efc3dca">
    <cim:SvTapStep.TapChanger rdf:resource="#_f431158f-3c54-24b6-54c4-3ee12be1e4fe" />
    <cim:SvTapStep.position>2</cim:SvTapStep.position>
  </cim:SvTapStep>
  <cim:SvTapStep rdf:ID="_46519dbc-e478-4157-aa19-dac703350456">
    <cim:SvTapStep.TapChanger rdf:resource="#_f8efbaca-1c32-45d7-aa96-9e2c2f2f4e19" />
    <cim:SvTapStep.position>1</cim:SvTapStep.position>
  </cim:SvTapStep>
  <cim:SvTapStep rdf:ID="_cbae5c88-845b-4295-8959-28bd0e8dba3f">
    <cim:SvTapStep.TapChanger rdf:resource="#_31b17ce9-9638-eafd-0788-d6f6f64ce90e" />
    <cim:SvTapStep.position>1</cim:SvTapStep.position>
  </cim:SvTapStep>
  <cim:SvTapStep rdf:ID="_421e7c80-4b6f-484f-8390-64198cf06b2b">
    <cim:SvTapStep.TapChanger rdf:resource="#_74886b8e-1f41-654a-6ee7-26b265de7c41" />
    <cim:SvTapStep.position>1</cim:SvTapStep.position>
  </cim:SvTapStep>
  <cim:SvTapStep rdf:ID="_1d5af91d-5ffb-4b92-bfc3-4d93f9b63828">
    <cim:SvTapStep.TapChanger rdf:resource="#_e51816ee-c6fc-62ed-13a7-382ee785bce9" />
    <cim:SvTapStep.position>2</cim:SvTapStep.position>
  </cim:SvTapStep>
  <cim:SvTapStep rdf:ID="_27afe95b-de3c-4e17-a3e1-2a136cc65afa">
    <cim:SvTapStep.TapChanger rdf:resource="#_3602f8bb-94fd-8eab-6c4e-13b46bd9ad49" />
    <cim:SvTapStep.position>1</cim:SvTapStep.position>
  </cim:SvTapStep>
</rdf:RDF>