<?xml version="1.0" encoding="UTF-8"?>
<!-- Created with PowerFactory 2025 SP2 (x64) (digcimdb.dll ServicePack 0) -->
<rdf:RDF xmlns:cim="http://iec.ch/TC57/2013/CIM-schema-cim16#" xmlns:entsoe="http://entsoe.eu/CIM/SchemaExtension/3/1#" xmlns:md="http://iec.ch/TC57/61970-552/ModelDescription/1#" xmlns:rdf="http://www.w3.org/1999/02/22-rdf-syntax-ns#">
  <md:FullModel rdf:about="urn:uuid:876819a4-9975-442c-8d34-d97dc201a2b5">
    <md:Model.DependentOn rdf:resource="urn:uuid:28453ccb-30e0-44a5-823b-7d0e8169575e" />
    <md:Model.created>2025-07-10T14:29:37Z</md:Model.created>
    <md:Model.description />
    <md:Model.modelingAuthoritySet>unset</md:Model.modelingAuthoritySet>
    <md:Model.profile>http://entsoe.eu/CIM/Topology/4/1</md:Model.profile>
    <md:Model.scenarioTime>2014-05-28T08:00:00Z</md:Model.scenarioTime>
    <md:Model.version />
  </md:FullModel>
  <cim:Terminal rdf:about="#_02c1d0b2-7319-f099-88ce-7cf8cdc2242d">
    <cim:Terminal.TopologicalNode rdf:resource="#_bda36dfc-b757-91c8-4dd2-0f889ad30018" />
  </cim:Terminal>
  <cim:Terminal rdf:about="#_444e6e23-2abd-b104-3824-c29edc0833aa">
    <cim:Terminal.TopologicalNode rdf:resource="#_239c60b0-6d8c-ead1-de5f-c511126de258" />
  </cim:Terminal>
  <cim:Terminal rdf:about="#_7e4f79e3-b4ff-2010-3eb3-efa0ba8c5b54">
    <cim:Terminal.TopologicalNode rdf:resource="#_8ac0f3a7-cf5f-0989-9052-5ee04cde0cb8" />
  </cim:Terminal>
  <cim:Terminal rdf:about="#_dbee34af-53a9-b759-5ff7-bcb2baed5fef">
    <cim:Terminal.TopologicalNode rdf:resource="#_970cd218-0a6b-6148-1d9a-c331dc45e356" />
  </cim:Terminal>
  <cim:Terminal rdf:about="#_72ee102e-b374-7478-1357-f2adfc256c5a">
    <cim:Terminal.TopologicalNode rdf:resource="#_0a544566-c887-fbd1-0081-80ceed145dfb" />
  </cim:Terminal>
  <cim:Terminal rdf:about="#_c54b9b28-924c-5e97-c7f0-a07466de1b7a">
    <cim:Terminal.TopologicalNode rdf:resource="#_9331c3f8-2dc4-1113-38f8-926cd86d167e" />
  </cim:Terminal>
  <cim:Terminal rdf:about="#_fd4a88df-2fd5-aaf0-8bd1-0f95e582555c">
    <cim:Terminal.TopologicalNode rdf:resource="#_c1b6504a-ec20-072b-77f3-0227a167312f" />
  </cim:Terminal>
  <cim:Terminal rdf:about="#_ffce7fa7-54d2-8e9d-b6f9-06883cf0c0ac">
    <cim:Terminal.TopologicalNode rdf:resource="#_86a2c789-0efa-5b5f-5d78-239d551f217f" />
  </cim:Terminal>
  <cim:Terminal rdf:about="#_53814963-1b78-8e6c-78dc-5c306e40c962">
    <cim:Terminal.TopologicalNode rdf:resource="#_1de0fb39-0770-b0ee-e63e-2dc7190a9ed5" />
  </cim:Terminal>
  <cim:Terminal rdf:about="#_0f1d41a5-93ed-577d-5aab-abccb501c0f5">
    <cim:Terminal.TopologicalNode rdf:resource="#_2229a7ec-11e8-29d9-e54f-8f801e5ec304" />
  </cim:Terminal>
  <cim:Terminal rdf:about="#_98ae743a-2492-c40e-79ac-29d21b73386c">
    <cim:Terminal.TopologicalNode rdf:resource="#_2ca15937-18f5-c673-b215-3831add2c22e" />
  </cim:Terminal>
  <cim:Terminal rdf:about="#_de3f0001-75f0-7816-87de-3e24aa3bf227">
    <cim:Terminal.TopologicalNode rdf:resource="#_e0f73f50-839d-e54b-49cf-8bdf0a259b8e" />
  </cim:Terminal>
  <cim:Terminal rdf:about="#_4c6d802a-ff91-8192-34b8-09ed1932e736">
    <cim:Terminal.TopologicalNode rdf:resource="#_82bf461c-071f-bca4-d628-42dc377c463c" />
  </cim:Terminal>
  <cim:Terminal rdf:about="#_4857ea7f-fd7c-4536-24e4-4a868589a457">
    <cim:Terminal.TopologicalNode rdf:resource="#_57d8515f-d771-2e62-6764-aa7b0f8c94aa" />
  </cim:Terminal>
  <cim:Terminal rdf:about="#_840989c3-d0c3-4c16-60a5-f915305a5a51">
    <cim:Terminal.TopologicalNode rdf:resource="#_7e93dcd2-1fc4-af01-fef9-75f7b2afab91" />
  </cim:Terminal>
  <cim:Terminal rdf:about="#_3e83fe30-d9b2-2d75-f72e-363bc30d231f">
    <cim:Terminal.TopologicalNode rdf:resource="#_c22f706c-6f26-7e06-0bdf-373be12d0499" />
  </cim:Terminal>
  <cim:Terminal rdf:about="#_ea90d54a-f39a-f804-cd4e-9f4b2c227848">
    <cim:Terminal.TopologicalNode rdf:resource="#_ac82c41d-9f98-2e42-943c-5e9b11f11bd6" />
  </cim:Terminal>
  <cim:Terminal rdf:about="#_575f3417-82fc-9af9-7ef5-278428a9fd9f">
    <cim:Terminal.TopologicalNode rdf:resource="#_e0f73f50-839d-e54b-49cf-8bdf0a259b8e" />
  </cim:Terminal>
  <cim:Terminal rdf:about="#_6df97a22-7747-87f8-5e84-55e840af930c">
    <cim:Terminal.TopologicalNode rdf:resource="#_9684a5c5-b0c1-2397-e28d-52b0c34a3d32" />
  </cim:Terminal>
  <cim:Terminal rdf:about="#_1801a80c-283b-d144-1cf7-23c1991ed3b9">
    <cim:Terminal.TopologicalNode rdf:resource="#_c1b6504a-ec20-072b-77f3-0227a167312f" />
  </cim:Terminal>
  <cim:Terminal rdf:about="#_41115481-689f-872b-58e6-7ee268105bf6">
    <cim:Terminal.TopologicalNode rdf:resource="#_ad50e626-c980-842c-e2ba-8fee347773db" />
  </cim:Terminal>
  <cim:Terminal rdf:about="#_1c770a1e-7371-6467-1174-a1aa95da3a14">
    <cim:Terminal.TopologicalNode rdf:resource="#_a58272a8-606a-b210-e332-fede4b447071" />
  </cim:Terminal>
  <cim:Terminal rdf:about="#_ae3c6a54-54d9-6ed9-d36d-9d9664171fd4">
    <cim:Terminal.TopologicalNode rdf:resource="#_9684a5c5-b0c1-2397-e28d-52b0c34a3d32" />
  </cim:Terminal>
  <cim:Terminal rdf:about="#_be23ddd7-2c27-2901-0807-f8bcbbd90ea0">
    <cim:Terminal.TopologicalNode rdf:resource="#_a58272a8-606a-b210-e332-fede4b447071" />
  </cim:Terminal>
  <cim:Terminal rdf:about="#_857242e5-d148-f041-be8a-6a709d6ed344">
    <cim:Terminal.TopologicalNode rdf:resource="#_bc48fcc6-3a79-3cdb-dcdc-cdd44edd4f62" />
  </cim:Terminal>
  <cim:Terminal rdf:about="#_0d91718d-54a5-2628-a9fa-90d3e3a68aae">
    <cim:Terminal.TopologicalNode rdf:resource="#_2b4a012b-7545-a4ab-5489-9b19cc770702" />
  </cim:Terminal>
  <cim:Terminal rdf:about="#_0599dfa5-3fdf-5e89-9021-e4124103d5f5">
    <cim:Terminal.TopologicalNode rdf:resource="#_a58272a8-606a-b210-e332-fede4b447071" />
  </cim:Terminal>
  <cim:Terminal rdf:about="#_443bbcdd-60c3-2470-26d9-8893b2b1b010">
    <cim:Terminal.TopologicalNode rdf:resource="#_7d65eb4f-c669-1726-ccb5-931bb18b967d" />
  </cim:Terminal>
  <cim:Terminal rdf:about="#_b8edb46c-8bd6-a5ad-86b2-f48f9b6080cd">
    <cim:Terminal.TopologicalNode rdf:resource="#_1de0fb39-0770-b0ee-e63e-2dc7190a9ed5" />
  </cim:Terminal>
  <cim:Terminal rdf:about="#_0d755c17-6ee7-39c5-b1ad-82cfb45c814c">
    <cim:Terminal.TopologicalNode rdf:resource="#_a530e13d-3770-b221-bc69-5b2d8118ffe9" />
  </cim:Terminal>
  <cim:Terminal rdf:about="#_44896a11-77a0-c25c-b8eb-636abe652680">
    <cim:Terminal.TopologicalNode rdf:resource="#_7e93dcd2-1fc4-af01-fef9-75f7b2afab91" />
  </cim:Terminal>
  <cim:Terminal rdf:about="#_508e7791-9fc6-fc7e-5d62-7c6c3669e591">
    <cim:Terminal.TopologicalNode rdf:resource="#_239c60b0-6d8c-ead1-de5f-c511126de258" />
  </cim:Terminal>
  <cim:Terminal rdf:about="#_1887721d-9b42-0991-5f70-8cca7566af0d">
    <cim:Terminal.TopologicalNode rdf:resource="#_2b4a012b-7545-a4ab-5489-9b19cc770702" />
  </cim:Terminal>
  <cim:Terminal rdf:about="#_c3561a67-74d5-ae0b-5bbf-5aca75561c55">
    <cim:Terminal.TopologicalNode rdf:resource="#_70e67048-7b99-74aa-c16b-969413790f53" />
  </cim:Terminal>
  <cim:Terminal rdf:about="#_31b5ccab-e569-0e99-f43f-67c6dc2f45b7">
    <cim:Terminal.TopologicalNode rdf:resource="#_86a2c789-0efa-5b5f-5d78-239d551f217f" />
  </cim:Terminal>
  <cim:Terminal rdf:about="#_5bb3ff98-bca2-62d7-e4b3-147835378115">
    <cim:Terminal.TopologicalNode rdf:resource="#_e59ad6f1-d6f6-2e8b-41f6-a5e5a2a45cc1" />
  </cim:Terminal>
  <cim:Terminal rdf:about="#_07cb66ee-1045-240d-e42d-964b00cd4377">
    <cim:Terminal.TopologicalNode rdf:resource="#_c3acb49e-93cf-f50a-a569-48a8a87689ba" />
  </cim:Terminal>
  <cim:Terminal rdf:about="#_18a42a65-8178-f60e-103b-61a873506ce3">
    <cim:Terminal.TopologicalNode rdf:resource="#_70e67048-7b99-74aa-c16b-969413790f53" />
  </cim:Terminal>
  <cim:Terminal rdf:about="#_c2c25949-29f1-ad82-453d-602890193969">
    <cim:Terminal.TopologicalNode rdf:resource="#_c3acb49e-93cf-f50a-a569-48a8a87689ba" />
  </cim:Terminal>
  <cim:Terminal rdf:about="#_4c230ef0-fd78-71d4-ee09-6b246ada2fa4">
    <cim:Terminal.TopologicalNode rdf:resource="#_7e93dcd2-1fc4-af01-fef9-75f7b2afab91" />
  </cim:Terminal>
  <cim:Terminal rdf:about="#_d596890b-9b29-51a1-90b3-ac84f7ad6b4e">
    <cim:Terminal.TopologicalNode rdf:resource="#_970cd218-0a6b-6148-1d9a-c331dc45e356" />
  </cim:Terminal>
  <cim:Terminal rdf:about="#_19f871e3-f501-2511-1199-d83989ebf80d">
    <cim:Terminal.TopologicalNode rdf:resource="#_7d65eb4f-c669-1726-ccb5-931bb18b967d" />
  </cim:Terminal>
  <cim:Terminal rdf:about="#_b1f84993-8aac-57ce-c807-a64408cfa264">
    <cim:Terminal.TopologicalNode rdf:resource="#_027d725e-96b5-a984-db99-bdf09f992e96" />
  </cim:Terminal>
  <cim:Terminal rdf:about="#_51948708-21c0-32a3-57ab-0089bc66d01a">
    <cim:Terminal.TopologicalNode rdf:resource="#_42ab9bcc-6641-3612-aa16-9ae7daa523f6" />
  </cim:Terminal>
  <cim:Terminal rdf:about="#_5e5be693-b018-d6b3-4e3b-0686c84a71f8">
    <cim:Terminal.TopologicalNode rdf:resource="#_c22f706c-6f26-7e06-0bdf-373be12d0499" />
  </cim:Terminal>
  <cim:Terminal rdf:about="#_2d900d94-44a2-3cd5-5f52-f265b072e6d3">
    <cim:Terminal.TopologicalNode rdf:resource="#_2229a7ec-11e8-29d9-e54f-8f801e5ec304" />
  </cim:Terminal>
  <cim:Terminal rdf:about="#_bc926689-09a9-4c85-3ea7-a075eba04377">
    <cim:Terminal.TopologicalNode rdf:resource="#_de297abc-57e2-1807-b327-df0cc6c080be" />
  </cim:Terminal>
  <cim:Terminal rdf:about="#_3fda3828-1be8-5353-8469-1373d0020477">
    <cim:Terminal.TopologicalNode rdf:resource="#_4e1903b6-9789-38f7-6949-e4f12e1412a6" />
  </cim:Terminal>
  <cim:Terminal rdf:about="#_22893a8a-3a35-2d01-42cc-16c9c38072c7">
    <cim:Terminal.TopologicalNode rdf:resource="#_f21c991e-f4e0-06b1-d3ed-cd9579c788ba" />
  </cim:Terminal>
  <cim:Terminal rdf:about="#_4833a939-3f26-7541-e7b0-f4b0f6068e99">
    <cim:Terminal.TopologicalNode rdf:resource="#_42ab9bcc-6641-3612-aa16-9ae7daa523f6" />
  </cim:Terminal>
  <cim:Terminal rdf:about="#_2ecc4c6d-c7d8-00fd-4bb2-29690a8f6b96">
    <cim:Terminal.TopologicalNode rdf:resource="#_0a544566-c887-fbd1-0081-80ceed145dfb" />
  </cim:Terminal>
  <cim:Terminal rdf:about="#_39af1353-3bb1-a53c-c3c2-f9dd13cbe82e">
    <cim:Terminal.TopologicalNode rdf:resource="#_027d725e-96b5-a984-db99-bdf09f992e96" />
  </cim:Terminal>
  <cim:Terminal rdf:about="#_a7108e97-6bc6-d522-9fbe-1165e54aa3cd">
    <cim:Terminal.TopologicalNode rdf:resource="#_9331c3f8-2dc4-1113-38f8-926cd86d167e" />
  </cim:Terminal>
  <cim:Terminal rdf:about="#_f5ee4113-4bd3-03a9-6518-f7755614372f">
    <cim:Terminal.TopologicalNode rdf:resource="#_e59ad6f1-d6f6-2e8b-41f6-a5e5a2a45cc1" />
  </cim:Terminal>
  <cim:Terminal rdf:about="#_909cf70e-a0e2-acad-6224-51ba6b67b1e9">
    <cim:Terminal.TopologicalNode rdf:resource="#_bda36dfc-b757-91c8-4dd2-0f889ad30018" />
  </cim:Terminal>
  <cim:Terminal rdf:about="#_72cf7622-8baa-409c-1fc6-b6610649fd13">
    <cim:Terminal.TopologicalNode rdf:resource="#_57d8515f-d771-2e62-6764-aa7b0f8c94aa" />
  </cim:Terminal>
  <cim:Terminal rdf:about="#_ffc23621-a5fc-0ebe-1fc9-12aa4da4b0af">
    <cim:Terminal.TopologicalNode rdf:resource="#_df30950b-83d3-ac11-a36f-176deef79b85" />
  </cim:Terminal>
  <cim:Terminal rdf:about="#_21d3320a-b059-3ae6-17d7-de73e2fa60fa">
    <cim:Terminal.TopologicalNode rdf:resource="#_bda36dfc-b757-91c8-4dd2-0f889ad30018" />
  </cim:Terminal>
  <cim:Terminal rdf:about="#_6fb3633e-f206-0413-5d7c-8dd7f1963e72">
    <cim:Terminal.TopologicalNode rdf:resource="#_970cd218-0a6b-6148-1d9a-c331dc45e356" />
  </cim:Terminal>
  <cim:Terminal rdf:about="#_c773377a-1e0e-0630-0bad-a798bd59a50b">
    <cim:Terminal.TopologicalNode rdf:resource="#_027d725e-96b5-a984-db99-bdf09f992e96" />
  </cim:Terminal>
  <cim:Terminal rdf:about="#_4d129f09-10c7-3ff1-c247-fb88830f2db1">
    <cim:Terminal.TopologicalNode rdf:resource="#_5103eec5-3b0e-db54-6fe2-f32313672b66" />
  </cim:Terminal>
  <cim:Terminal rdf:about="#_7bfc571b-794c-37a3-de04-7f2d724bcec2">
    <cim:Terminal.TopologicalNode rdf:resource="#_4e1903b6-9789-38f7-6949-e4f12e1412a6" />
  </cim:Terminal>
  <cim:Terminal rdf:about="#_1eb1d13d-76bc-ee59-52d3-f58300a0506c">
    <cim:Terminal.TopologicalNode rdf:resource="#_de297abc-57e2-1807-b327-df0cc6c080be" />
  </cim:Terminal>
  <cim:Terminal rdf:about="#_2acedcad-e2ff-1bec-7b71-71f0d547a4c0">
    <cim:Terminal.TopologicalNode rdf:resource="#_c22f706c-6f26-7e06-0bdf-373be12d0499" />
  </cim:Terminal>
  <cim:Terminal rdf:about="#_290fc1e2-3269-721c-3090-232fb0146308">
    <cim:Terminal.TopologicalNode rdf:resource="#_7e76825a-9966-daac-9a87-0482eb90d034" />
  </cim:Terminal>
  <cim:Terminal rdf:about="#_84bae21f-cbb0-cfc8-39f1-f7b561b93837">
    <cim:Terminal.TopologicalNode rdf:resource="#_bda36dfc-b757-91c8-4dd2-0f889ad30018" />
  </cim:Terminal>
  <cim:Terminal rdf:about="#_34af1d60-e8c9-6d71-5590-ae3b94199f85">
    <cim:Terminal.TopologicalNode rdf:resource="#_df30950b-83d3-ac11-a36f-176deef79b85" />
  </cim:Terminal>
  <cim:Terminal rdf:about="#_1c3c0c9f-c653-1d3d-0789-743bedfdc606">
    <cim:Terminal.TopologicalNode rdf:resource="#_5103eec5-3b0e-db54-6fe2-f32313672b66" />
  </cim:Terminal>
  <cim:Terminal rdf:about="#_a61f4681-024a-3595-cdfb-ff9704689ed2">
    <cim:Terminal.TopologicalNode rdf:resource="#_7e76825a-9966-daac-9a87-0482eb90d034" />
  </cim:Terminal>
  <cim:Terminal rdf:about="#_aee1f8ac-bdb8-21f6-0428-36df088e7007">
    <cim:Terminal.TopologicalNode rdf:resource="#_a530e13d-3770-b221-bc69-5b2d8118ffe9" />
  </cim:Terminal>
  <cim:Terminal rdf:about="#_4ad87f37-4868-cc81-871d-b070edd09789">
    <cim:Terminal.TopologicalNode rdf:resource="#_0a544566-c887-fbd1-0081-80ceed145dfb" />
  </cim:Terminal>
  <cim:Terminal rdf:about="#_a230d499-2377-55ec-ca29-429163cc63ec">
    <cim:Terminal.TopologicalNode rdf:resource="#_1de0fb39-0770-b0ee-e63e-2dc7190a9ed5" />
  </cim:Terminal>
  <cim:Terminal rdf:about="#_9f02ccb9-c10a-7098-852f-02b0d45fd72a">
    <cim:Terminal.TopologicalNode rdf:resource="#_c3acb49e-93cf-f50a-a569-48a8a87689ba" />
  </cim:Terminal>
  <cim:Terminal rdf:about="#_562811e1-8aa7-3746-8e9b-4cf674b08d63">
    <cim:Terminal.TopologicalNode rdf:resource="#_1de0fb39-0770-b0ee-e63e-2dc7190a9ed5" />
  </cim:Terminal>
  <cim:Terminal rdf:about="#_a703fccf-3ae8-a8c3-83af-56662ad24d8b">
    <cim:Terminal.TopologicalNode rdf:resource="#_7e93dcd2-1fc4-af01-fef9-75f7b2afab91" />
  </cim:Terminal>
  <cim:Terminal rdf:about="#_63c159ce-989c-af9e-5691-fc5acb42cf31">
    <cim:Terminal.TopologicalNode rdf:resource="#_a58272a8-606a-b210-e332-fede4b447071" />
  </cim:Terminal>
  <cim:Terminal rdf:about="#_368013c7-ba74-e861-15d0-fe23dd34324f">
    <cim:Terminal.TopologicalNode rdf:resource="#_bc48fcc6-3a79-3cdb-dcdc-cdd44edd4f62" />
  </cim:Terminal>
  <cim:Terminal rdf:about="#_92a36249-5354-e446-db08-7961ea04d89d">
    <cim:Terminal.TopologicalNode rdf:resource="#_970cd218-0a6b-6148-1d9a-c331dc45e356" />
  </cim:Terminal>
  <cim:Terminal rdf:about="#_85e18e4c-d655-bd32-7a73-7d15b270bf65">
    <cim:Terminal.TopologicalNode rdf:resource="#_2ca15937-18f5-c673-b215-3831add2c22e" />
  </cim:Terminal>
  <cim:Terminal rdf:about="#_ab3847d0-f2ef-e183-0a91-f8c10e809c15">
    <cim:Terminal.TopologicalNode rdf:resource="#_9684a5c5-b0c1-2397-e28d-52b0c34a3d32" />
  </cim:Terminal>
  <cim:Terminal rdf:about="#_cc2df73e-e2a5-8f84-064f-4668f4e0eb7d">
    <cim:Terminal.TopologicalNode rdf:resource="#_2ca15937-18f5-c673-b215-3831add2c22e" />
  </cim:Terminal>
  <cim:Terminal rdf:about="#_3675b706-bc57-1ad7-15fe-9834d9460a16">
    <cim:Terminal.TopologicalNode rdf:resource="#_86a2c789-0efa-5b5f-5d78-239d551f217f" />
  </cim:Terminal>
  <cim:Terminal rdf:about="#_7ab307c8-d853-c7ae-eaed-e12f15036f0c">
    <cim:Terminal.TopologicalNode rdf:resource="#_239c60b0-6d8c-ead1-de5f-c511126de258" />
  </cim:Terminal>
  <cim:Terminal rdf:about="#_7032db28-059e-e02c-8b1e-1ec52f0e2094">
    <cim:Terminal.TopologicalNode rdf:resource="#_f21c991e-f4e0-06b1-d3ed-cd9579c788ba" />
  </cim:Terminal>
  <cim:Terminal rdf:about="#_33a4eb13-52fb-ba7f-5759-8e4fd11716c9">
    <cim:Terminal.TopologicalNode rdf:resource="#_027d725e-96b5-a984-db99-bdf09f992e96" />
  </cim:Terminal>
  <cim:Terminal rdf:about="#_60da9d3a-698b-c81e-aefd-eb530f806cca">
    <cim:Terminal.TopologicalNode rdf:resource="#_c22f706c-6f26-7e06-0bdf-373be12d0499" />
  </cim:Terminal>
  <cim:Terminal rdf:about="#_82904395-744a-332a-f920-3689b6542159">
    <cim:Terminal.TopologicalNode rdf:resource="#_42ab9bcc-6641-3612-aa16-9ae7daa523f6" />
  </cim:Terminal>
  <cim:Terminal rdf:about="#_64888d65-4c23-c65e-682e-b546eb3cf81a">
    <cim:Terminal.TopologicalNode rdf:resource="#_c3acb49e-93cf-f50a-a569-48a8a87689ba" />
  </cim:Terminal>
  <cim:Terminal rdf:about="#_954c9535-0b51-1d6a-6556-0b32a38a9e12">
    <cim:Terminal.TopologicalNode rdf:resource="#_7d65eb4f-c669-1726-ccb5-931bb18b967d" />
  </cim:Terminal>
  <cim:Terminal rdf:about="#_ae641c6c-df1d-ffd8-ddb3-2b80cdf53189">
    <cim:Terminal.TopologicalNode rdf:resource="#_e0f73f50-839d-e54b-49cf-8bdf0a259b8e" />
  </cim:Terminal>
  <cim:Terminal rdf:about="#_5f9f8ad0-3357-f625-cbc4-5fde57871cdc">
    <cim:Terminal.TopologicalNode rdf:resource="#_9684a5c5-b0c1-2397-e28d-52b0c34a3d32" />
  </cim:Terminal>
  <cim:Terminal rdf:about="#_17b5db5a-a623-5b08-a4ab-604c1423e5e9">
    <cim:Terminal.TopologicalNode rdf:resource="#_970cd218-0a6b-6148-1d9a-c331dc45e356" />
  </cim:Terminal>
  <cim:Terminal rdf:about="#_70977588-1dc9-d8b4-6858-e3aad93bbcbf">
    <cim:Terminal.TopologicalNode rdf:resource="#_57d8515f-d771-2e62-6764-aa7b0f8c94aa" />
  </cim:Terminal>
  <cim:Terminal rdf:about="#_648a0a61-108a-679f-9b41-4fabe6aec415">
    <cim:Terminal.TopologicalNode rdf:resource="#_9d0c411b-8da6-2ffe-dff5-ad5a43f1672c" />
  </cim:Terminal>
  <cim:Terminal rdf:about="#_c24bda82-51a0-b2e6-9896-2bd24c7c7904">
    <cim:Terminal.TopologicalNode rdf:resource="#_8ac0f3a7-cf5f-0989-9052-5ee04cde0cb8" />
  </cim:Terminal>
  <cim:Terminal rdf:about="#_2d9f48a6-e064-0ad7-e6b9-780cf1148120">
    <cim:Terminal.TopologicalNode rdf:resource="#_ac82c41d-9f98-2e42-943c-5e9b11f11bd6" />
  </cim:Terminal>
  <cim:Terminal rdf:about="#_a8f056fa-32fc-c783-7df3-9df2af82a359">
    <cim:Terminal.TopologicalNode rdf:resource="#_2d282830-59d7-2b29-ea4d-4417ca575121" />
  </cim:Terminal>
  <cim:Terminal rdf:about="#_94714fe5-588e-8429-e23f-d914633617e4">
    <cim:Terminal.TopologicalNode rdf:resource="#_2b4a012b-7545-a4ab-5489-9b19cc770702" />
  </cim:Terminal>
  <cim:Terminal rdf:about="#_ba67c6ae-a5e0-d1cb-e480-0d25a9d455ca">
    <cim:Terminal.TopologicalNode rdf:resource="#_70e67048-7b99-74aa-c16b-969413790f53" />
  </cim:Terminal>
  <cim:Terminal rdf:about="#_e9a97614-e0aa-c801-81e7-5c97266f88de">
    <cim:Terminal.TopologicalNode rdf:resource="#_ac82c41d-9f98-2e42-943c-5e9b11f11bd6" />
  </cim:Terminal>
  <cim:Terminal rdf:about="#_49dd4728-c4bb-9cf5-f700-9130e0cea611">
    <cim:Terminal.TopologicalNode rdf:resource="#_2d282830-59d7-2b29-ea4d-4417ca575121" />
  </cim:Terminal>
  <cim:Terminal rdf:about="#_b3dedecb-baec-1a02-66e6-c9e907100523">
    <cim:Terminal.TopologicalNode rdf:resource="#_9331c3f8-2dc4-1113-38f8-926cd86d167e" />
  </cim:Terminal>
  <cim:Terminal rdf:about="#_bc582622-9f6c-9971-d1e2-fc16eb889831">
    <cim:Terminal.TopologicalNode rdf:resource="#_c22f706c-6f26-7e06-0bdf-373be12d0499" />
  </cim:Terminal>
  <cim:Terminal rdf:about="#_efa23b40-b159-a036-a903-77ba918ccea7">
    <cim:Terminal.TopologicalNode rdf:resource="#_de297abc-57e2-1807-b327-df0cc6c080be" />
  </cim:Terminal>
  <cim:Terminal rdf:about="#_d3daf75e-be34-239d-0b6a-970fd8c7f523">
    <cim:Terminal.TopologicalNode rdf:resource="#_ac82c41d-9f98-2e42-943c-5e9b11f11bd6" />
  </cim:Terminal>
  <cim:Terminal rdf:about="#_ba92ea5a-4644-f837-3616-8b54279d3d69">
    <cim:Terminal.TopologicalNode rdf:resource="#_5103eec5-3b0e-db54-6fe2-f32313672b66" />
  </cim:Terminal>
  <cim:Terminal rdf:about="#_c38f7665-3c3e-ccac-884b-a4554d99c29f">
    <cim:Terminal.TopologicalNode rdf:resource="#_bc48fcc6-3a79-3cdb-dcdc-cdd44edd4f62" />
  </cim:Terminal>
  <cim:Terminal rdf:about="#_1d26d3be-168a-ec4f-2ce4-408d87cb9599">
    <cim:Terminal.TopologicalNode rdf:resource="#_e9aaf5a1-78ba-aee8-a41f-215833861850" />
  </cim:Terminal>
  <cim:Terminal rdf:about="#_6a0484c2-ca73-cd07-97cf-4eb61faf4099">
    <cim:Terminal.TopologicalNode rdf:resource="#_82bf461c-071f-bca4-d628-42dc377c463c" />
  </cim:Terminal>
  <cim:Terminal rdf:about="#_f4a92159-3088-678d-e07c-f2b7095d81e0">
    <cim:Terminal.TopologicalNode rdf:resource="#_a983424b-a249-6a55-bf53-465c2efcdaa5" />
  </cim:Terminal>
  <cim:Terminal rdf:about="#_c0d745d5-f52c-d4be-63fa-c550c7a8473e">
    <cim:Terminal.TopologicalNode rdf:resource="#_ad50e626-c980-842c-e2ba-8fee347773db" />
  </cim:Terminal>
  <cim:Terminal rdf:about="#_fb318201-e97e-f6ab-e5f1-46abfb1cfb60">
    <cim:Terminal.TopologicalNode rdf:resource="#_e59ad6f1-d6f6-2e8b-41f6-a5e5a2a45cc1" />
  </cim:Terminal>
  <cim:Terminal rdf:about="#_0cb20540-a408-777a-a7c5-8524a1420619">
    <cim:Terminal.TopologicalNode rdf:resource="#_ad50e626-c980-842c-e2ba-8fee347773db" />
  </cim:Terminal>
  <cim:Terminal rdf:about="#_dd31cb4a-e4f0-61d7-4ede-64d73e7b9712">
    <cim:Terminal.TopologicalNode rdf:resource="#_7e93dcd2-1fc4-af01-fef9-75f7b2afab91" />
  </cim:Terminal>
  <cim:Terminal rdf:about="#_c69ada47-0c73-51e8-db18-7490846384a1">
    <cim:Terminal.TopologicalNode rdf:resource="#_c22f706c-6f26-7e06-0bdf-373be12d0499" />
  </cim:Terminal>
  <cim:Terminal rdf:about="#_b0d004e3-b310-fcc7-8d62-9418bd9fac8d">
    <cim:Terminal.TopologicalNode rdf:resource="#_0a544566-c887-fbd1-0081-80ceed145dfb" />
  </cim:Terminal>
  <cim:Terminal rdf:about="#_70f58963-e60b-d474-e945-099dbd6d9997">
    <cim:Terminal.TopologicalNode rdf:resource="#_a530e13d-3770-b221-bc69-5b2d8118ffe9" />
  </cim:Terminal>
  <cim:Terminal rdf:about="#_a7575430-0953-579b-d670-bd4be73e15c8">
    <cim:Terminal.TopologicalNode rdf:resource="#_c22f706c-6f26-7e06-0bdf-373be12d0499" />
  </cim:Terminal>
  <cim:Terminal rdf:about="#_aefa092b-7f3e-d9fc-55b2-1b76f22f5a77">
    <cim:Terminal.TopologicalNode rdf:resource="#_a983424b-a249-6a55-bf53-465c2efcdaa5" />
  </cim:Terminal>
  <cim:Terminal rdf:about="#_3bbbd5a8-4e83-1e14-0545-eb71aab6f57d">
    <cim:Terminal.TopologicalNode rdf:resource="#_027d725e-96b5-a984-db99-bdf09f992e96" />
  </cim:Terminal>
  <cim:Terminal rdf:about="#_eb7562e2-9eda-4e4e-a399-c1a21ce23a28">
    <cim:Terminal.TopologicalNode rdf:resource="#_c1b6504a-ec20-072b-77f3-0227a167312f" />
  </cim:Terminal>
  <cim:Terminal rdf:about="#_f1ca802c-8561-9342-999f-880745aa4fcc">
    <cim:Terminal.TopologicalNode rdf:resource="#_f21c991e-f4e0-06b1-d3ed-cd9579c788ba" />
  </cim:Terminal>
  <cim:Terminal rdf:about="#_e80353e2-1577-c68d-ce90-a2c020aa45cc">
    <cim:Terminal.TopologicalNode rdf:resource="#_e9aaf5a1-78ba-aee8-a41f-215833861850" />
  </cim:Terminal>
  <cim:Terminal rdf:about="#_75d44e92-e0e5-38cd-a6f5-d57416071df0">
    <cim:Terminal.TopologicalNode rdf:resource="#_7e76825a-9966-daac-9a87-0482eb90d034" />
  </cim:Terminal>
  <cim:Terminal rdf:about="#_d43e1c1d-837b-498c-8f0e-5b855b8f2a50">
    <cim:Terminal.TopologicalNode rdf:resource="#_de297abc-57e2-1807-b327-df0cc6c080be" />
  </cim:Terminal>
  <cim:Terminal rdf:about="#_7856ac43-ea99-b2a4-68c4-26c588402d99">
    <cim:Terminal.TopologicalNode rdf:resource="#_2229a7ec-11e8-29d9-e54f-8f801e5ec304" />
  </cim:Terminal>
  <cim:Terminal rdf:about="#_06dadcb4-a8a8-946c-9ed1-b43dd6f6e44b">
    <cim:Terminal.TopologicalNode rdf:resource="#_82bf461c-071f-bca4-d628-42dc377c463c" />
  </cim:Terminal>
  <cim:Terminal rdf:about="#_d3c8037e-70c6-657b-300c-00269d26ca3a">
    <cim:Terminal.TopologicalNode rdf:resource="#_a530e13d-3770-b221-bc69-5b2d8118ffe9" />
  </cim:Terminal>
  <cim:Terminal rdf:about="#_54f9ce95-5b10-1757-fe69-d3ebe7ccd2ff">
    <cim:Terminal.TopologicalNode rdf:resource="#_239c60b0-6d8c-ead1-de5f-c511126de258" />
  </cim:Terminal>
  <cim:Terminal rdf:about="#_c1ce927f-5264-153e-909a-2dceb97ca7e5">
    <cim:Terminal.TopologicalNode rdf:resource="#_f21c991e-f4e0-06b1-d3ed-cd9579c788ba" />
  </cim:Terminal>
  <cim:Terminal rdf:about="#_f852eb75-7eb1-18de-2c7b-c7b844d9a5a2">
    <cim:Terminal.TopologicalNode rdf:resource="#_e59ad6f1-d6f6-2e8b-41f6-a5e5a2a45cc1" />
  </cim:Terminal>
  <cim:Terminal rdf:about="#_4d917161-d12a-b25d-e088-a59e66271ec7">
    <cim:Terminal.TopologicalNode rdf:resource="#_e0f73f50-839d-e54b-49cf-8bdf0a259b8e" />
  </cim:Terminal>
  <cim:Terminal rdf:about="#_db7e423b-d5b8-39b2-e327-5516ab340201">
    <cim:Terminal.TopologicalNode rdf:resource="#_a983424b-a249-6a55-bf53-465c2efcdaa5" />
  </cim:Terminal>
  <cim:Terminal rdf:about="#_e2b460c4-e786-2f0f-5b70-12b79529ccc3">
    <cim:Terminal.TopologicalNode rdf:resource="#_e9aaf5a1-78ba-aee8-a41f-215833861850" />
  </cim:Terminal>
  <cim:Terminal rdf:about="#_d1244b23-c3bc-2d13-8243-edc39006e242">
    <cim:Terminal.TopologicalNode rdf:resource="#_df30950b-83d3-ac11-a36f-176deef79b85" />
  </cim:Terminal>
  <cim:Terminal rdf:about="#_d78ce246-f596-b664-b2ae-3c61ca9367b0">
    <cim:Terminal.TopologicalNode rdf:resource="#_e9aaf5a1-78ba-aee8-a41f-215833861850" />
  </cim:Terminal>
  <cim:Terminal rdf:about="#_ef58fb7a-52ae-e2fd-4071-d7ef73f276c1">
    <cim:Terminal.TopologicalNode rdf:resource="#_239c60b0-6d8c-ead1-de5f-c511126de258" />
  </cim:Terminal>
  <cim:Terminal rdf:about="#_87d110de-378c-fe57-499a-d3c032d15d99">
    <cim:Terminal.TopologicalNode rdf:resource="#_9331c3f8-2dc4-1113-38f8-926cd86d167e" />
  </cim:Terminal>
  <cim:Terminal rdf:about="#_fab97db2-cddb-11b9-04cf-804240920324">
    <cim:Terminal.TopologicalNode rdf:resource="#_8ac0f3a7-cf5f-0989-9052-5ee04cde0cb8" />
  </cim:Terminal>
  <cim:Terminal rdf:about="#_e056fc07-b250-8493-debc-b847546b0c1d">
    <cim:Terminal.TopologicalNode rdf:resource="#_ad50e626-c980-842c-e2ba-8fee347773db" />
  </cim:Terminal>
  <cim:Terminal rdf:about="#_70d7fed0-acd6-6457-1ab2-babf493ee327">
    <cim:Terminal.TopologicalNode rdf:resource="#_2d282830-59d7-2b29-ea4d-4417ca575121" />
  </cim:Terminal>
  <cim:Terminal rdf:about="#_6f16ad28-0184-c687-eece-bb5d35cef952">
    <cim:Terminal.TopologicalNode rdf:resource="#_2d282830-59d7-2b29-ea4d-4417ca575121" />
  </cim:Terminal>
  <cim:Terminal rdf:about="#_b50eac98-640e-deaa-b0e0-7c6a9c05c856">
    <cim:Terminal.TopologicalNode rdf:resource="#_239c60b0-6d8c-ead1-de5f-c511126de258" />
  </cim:Terminal>
  <cim:Terminal rdf:about="#_87e0c908-0433-f48d-29ff-48dcd7f78a29">
    <cim:Terminal.TopologicalNode rdf:resource="#_70e67048-7b99-74aa-c16b-969413790f53" />
  </cim:Terminal>
  <cim:Terminal rdf:about="#_59ba2e14-dc8c-066d-1a7f-be96be84f8fe">
    <cim:Terminal.TopologicalNode rdf:resource="#_7e76825a-9966-daac-9a87-0482eb90d034" />
  </cim:Terminal>
  <cim:Terminal rdf:about="#_74fe680f-5199-d124-119e-0fb5b130b362">
    <cim:Terminal.TopologicalNode rdf:resource="#_8ac0f3a7-cf5f-0989-9052-5ee04cde0cb8" />
  </cim:Terminal>
  <cim:Terminal rdf:about="#_07cb04eb-8e8d-1d24-8cc3-953edc52da0e">
    <cim:Terminal.TopologicalNode rdf:resource="#_9d0c411b-8da6-2ffe-dff5-ad5a43f1672c" />
  </cim:Terminal>
  <cim:Terminal rdf:about="#_1ba43d70-1358-feec-640e-34d9833fdad0">
    <cim:Terminal.TopologicalNode rdf:resource="#_e0f73f50-839d-e54b-49cf-8bdf0a259b8e" />
  </cim:Terminal>
  <cim:Terminal rdf:about="#_9f081652-2521-4c0b-b982-9a3e7645cb26">
    <cim:Terminal.TopologicalNode rdf:resource="#_86a2c789-0efa-5b5f-5d78-239d551f217f" />
  </cim:Terminal>
  <cim:Terminal rdf:about="#_1372a50c-e0d5-d79e-56f8-bf49d80c240c">
    <cim:Terminal.TopologicalNode rdf:resource="#_a983424b-a249-6a55-bf53-465c2efcdaa5" />
  </cim:Terminal>
  <cim:Terminal rdf:about="#_bac00a9c-c26d-6f6a-7e29-c17270ce0ad3">
    <cim:Terminal.TopologicalNode rdf:resource="#_9d0c411b-8da6-2ffe-dff5-ad5a43f1672c" />
  </cim:Terminal>
  <cim:Terminal rdf:about="#_b444741c-1287-2651-9d26-63f92d6d50d5">
    <cim:Terminal.TopologicalNode rdf:resource="#_a58272a8-606a-b210-e332-fede4b447071" />
  </cim:Terminal>
  <cim:Terminal rdf:about="#_a86ca22f-c615-6b0e-62d8-5e57874bed4c">
    <cim:Terminal.TopologicalNode rdf:resource="#_2d282830-59d7-2b29-ea4d-4417ca575121" />
  </cim:Terminal>
  <cim:Terminal rdf:about="#_b42781c2-de5e-f0e0-7345-825158ba8a82">
    <cim:Terminal.TopologicalNode rdf:resource="#_e9aaf5a1-78ba-aee8-a41f-215833861850" />
  </cim:Terminal>
  <cim:Terminal rdf:about="#_88d57e9a-7c09-1e19-69bb-03dc4742ea01">
    <cim:Terminal.TopologicalNode rdf:resource="#_2ca15937-18f5-c673-b215-3831add2c22e" />
  </cim:Terminal>
  <cim:Terminal rdf:about="#_cf9ea320-c3bb-24cb-3726-2de5a8193b78">
    <cim:Terminal.TopologicalNode rdf:resource="#_a983424b-a249-6a55-bf53-465c2efcdaa5" />
  </cim:Terminal>
  <cim:Terminal rdf:about="#_77bb2697-1c8a-b792-fd7a-06a36fc8df46">
    <cim:Terminal.TopologicalNode rdf:resource="#_57d8515f-d771-2e62-6764-aa7b0f8c94aa" />
  </cim:Terminal>
  <cim:Terminal rdf:about="#_d80f41ee-5f0c-3b84-67a3-523e6a2516d5">
    <cim:Terminal.TopologicalNode rdf:resource="#_70e67048-7b99-74aa-c16b-969413790f53" />
  </cim:Terminal>
  <cim:Terminal rdf:about="#_1cb5fe8d-6878-4548-1df0-7af718036d81">
    <cim:Terminal.TopologicalNode rdf:resource="#_4e1903b6-9789-38f7-6949-e4f12e1412a6" />
  </cim:Terminal>
  <cim:Terminal rdf:about="#_6c599b39-4f70-44ea-d9b0-7623ba47dcbb">
    <cim:Terminal.TopologicalNode rdf:resource="#_5103eec5-3b0e-db54-6fe2-f32313672b66" />
  </cim:Terminal>
  <cim:ConnectivityNode rdf:about="#_1a8180e2-7a91-434a-a16e-13611d57df5e">
    <cim:ConnectivityNode.TopologicalNode rdf:resource="#_239c60b0-6d8c-ead1-de5f-c511126de258" />
  </cim:ConnectivityNode>
  <cim:ConnectivityNode rdf:about="#_11ee7d85-42d7-4a84-a1f4-dd735198c8ae">
    <cim:ConnectivityNode.TopologicalNode rdf:resource="#_42ab9bcc-6641-3612-aa16-9ae7daa523f6" />
  </cim:ConnectivityNode>
  <cim:ConnectivityNode rdf:about="#_56ccce74-e7d3-4261-a3ea-e13677590203">
    <cim:ConnectivityNode.TopologicalNode rdf:resource="#_f21c991e-f4e0-06b1-d3ed-cd9579c788ba" />
  </cim:ConnectivityNode>
  <cim:ConnectivityNode rdf:about="#_505d2171-1097-4e2c-9815-e90665f0d76e">
    <cim:ConnectivityNode.TopologicalNode rdf:resource="#_a530e13d-3770-b221-bc69-5b2d8118ffe9" />
  </cim:ConnectivityNode>
  <cim:ConnectivityNode rdf:about="#_1ce4f896-e1c0-4a79-944d-20385703503c">
    <cim:ConnectivityNode.TopologicalNode rdf:resource="#_7e76825a-9966-daac-9a87-0482eb90d034" />
  </cim:ConnectivityNode>
  <cim:ConnectivityNode rdf:about="#_0fcfde7f-2a97-430c-a28c-b98ad1268738">
    <cim:ConnectivityNode.TopologicalNode rdf:resource="#_70e67048-7b99-74aa-c16b-969413790f53" />
  </cim:ConnectivityNode>
  <cim:ConnectivityNode rdf:about="#_19f2b0b0-5bd0-4be3-965a-2e8749abff29">
    <cim:ConnectivityNode.TopologicalNode rdf:resource="#_bda36dfc-b757-91c8-4dd2-0f889ad30018" />
  </cim:ConnectivityNode>
  <cim:ConnectivityNode rdf:about="#_8a6a0bc3-ed2c-4632-973e-cb1925e014ab">
    <cim:ConnectivityNode.TopologicalNode rdf:resource="#_ad50e626-c980-842c-e2ba-8fee347773db" />
  </cim:ConnectivityNode>
  <cim:ConnectivityNode rdf:about="#_2b1a25f7-cb27-4a35-8cb5-b17810863dbe">
    <cim:ConnectivityNode.TopologicalNode rdf:resource="#_027d725e-96b5-a984-db99-bdf09f992e96" />
  </cim:ConnectivityNode>
  <cim:ConnectivityNode rdf:about="#_31449a2f-227e-4394-8573-129312ab5eef">
    <cim:ConnectivityNode.TopologicalNode rdf:resource="#_0a544566-c887-fbd1-0081-80ceed145dfb" />
  </cim:ConnectivityNode>
  <cim:ConnectivityNode rdf:about="#_3e86e372-6b1c-492f-8837-1b308c8c5ba1">
    <cim:ConnectivityNode.TopologicalNode rdf:resource="#_57d8515f-d771-2e62-6764-aa7b0f8c94aa" />
  </cim:ConnectivityNode>
  <cim:ConnectivityNode rdf:about="#_3461e71d-9270-4ee8-ac4a-0de4db08ec64">
    <cim:ConnectivityNode.TopologicalNode rdf:resource="#_de297abc-57e2-1807-b327-df0cc6c080be" />
  </cim:ConnectivityNode>
  <cim:ConnectivityNode rdf:about="#_5e4b6d7b-f058-433a-802a-899c7dace8e5">
    <cim:ConnectivityNode.TopologicalNode rdf:resource="#_c1b6504a-ec20-072b-77f3-0227a167312f" />
  </cim:ConnectivityNode>
  <cim:ConnectivityNode rdf:about="#_a889c7f6-b709-4559-809d-ce50ca5588a3">
    <cim:ConnectivityNode.TopologicalNode rdf:resource="#_2ca15937-18f5-c673-b215-3831add2c22e" />
  </cim:ConnectivityNode>
  <cim:ConnectivityNode rdf:about="#_531d3122-b186-4067-a0d4-e6fcd99512c1">
    <cim:ConnectivityNode.TopologicalNode rdf:resource="#_1de0fb39-0770-b0ee-e63e-2dc7190a9ed5" />
  </cim:ConnectivityNode>
  <cim:ConnectivityNode rdf:about="#_0bdc53bd-94df-4f40-ac6f-3f218369fd8b">
    <cim:ConnectivityNode.TopologicalNode rdf:resource="#_9331c3f8-2dc4-1113-38f8-926cd86d167e" />
  </cim:ConnectivityNode>
  <cim:ConnectivityNode rdf:about="#_575382f8-e3f5-4456-9f11-f84fa4d04bad">
    <cim:ConnectivityNode.TopologicalNode rdf:resource="#_bc48fcc6-3a79-3cdb-dcdc-cdd44edd4f62" />
  </cim:ConnectivityNode>
  <cim:ConnectivityNode rdf:about="#_b52cb59e-4caa-4e89-88f0-13fed30b9db8">
    <cim:ConnectivityNode.TopologicalNode rdf:resource="#_2229a7ec-11e8-29d9-e54f-8f801e5ec304" />
  </cim:ConnectivityNode>
  <cim:ConnectivityNode rdf:about="#_2c107556-af51-419b-ae70-90545abcb98a">
    <cim:ConnectivityNode.TopologicalNode rdf:resource="#_9d0c411b-8da6-2ffe-dff5-ad5a43f1672c" />
  </cim:ConnectivityNode>
  <cim:ConnectivityNode rdf:about="#_a0742ecd-0312-4e63-b80c-9f7a18976725">
    <cim:ConnectivityNode.TopologicalNode rdf:resource="#_a58272a8-606a-b210-e332-fede4b447071" />
  </cim:ConnectivityNode>
  <cim:ConnectivityNode rdf:about="#_cc949081-226d-4f43-9beb-686722ce445e">
    <cim:ConnectivityNode.TopologicalNode rdf:resource="#_e59ad6f1-d6f6-2e8b-41f6-a5e5a2a45cc1" />
  </cim:ConnectivityNode>
  <cim:ConnectivityNode rdf:about="#_eec3f886-48bd-4ac0-a3b4-e2abe881df4c">
    <cim:ConnectivityNode.TopologicalNode rdf:resource="#_c22f706c-6f26-7e06-0bdf-373be12d0499" />
  </cim:ConnectivityNode>
  <cim:ConnectivityNode rdf:about="#_687e0062-9590-48b3-9413-a5e0e21aae8d">
    <cim:ConnectivityNode.TopologicalNode rdf:resource="#_7e93dcd2-1fc4-af01-fef9-75f7b2afab91" />
  </cim:ConnectivityNode>
  <cim:ConnectivityNode rdf:about="#_fbc40f61-2af9-4d5c-83c3-5ed10d9ea59a">
    <cim:ConnectivityNode.TopologicalNode rdf:resource="#_970cd218-0a6b-6148-1d9a-c331dc45e356" />
  </cim:ConnectivityNode>
  <cim:ConnectivityNode rdf:about="#_767ea807-dbbc-419d-be4f-ee60475ea9b8">
    <cim:ConnectivityNode.TopologicalNode rdf:resource="#_2d282830-59d7-2b29-ea4d-4417ca575121" />
  </cim:ConnectivityNode>
  <cim:ConnectivityNode rdf:about="#_cbf5c7db-a8dd-4fad-8bd9-968a366ca76b">
    <cim:ConnectivityNode.TopologicalNode rdf:resource="#_e0f73f50-839d-e54b-49cf-8bdf0a259b8e" />
  </cim:ConnectivityNode>
  <cim:ConnectivityNode rdf:about="#_e354d7f6-c636-4774-a92a-9844e71f6ea1">
    <cim:ConnectivityNode.TopologicalNode rdf:resource="#_5103eec5-3b0e-db54-6fe2-f32313672b66" />
  </cim:ConnectivityNode>
  <cim:ConnectivityNode rdf:about="#_5b9c3037-e149-4c2c-bd8e-c4aa9b2a8305">
    <cim:ConnectivityNode.TopologicalNode rdf:resource="#_86a2c789-0efa-5b5f-5d78-239d551f217f" />
  </cim:ConnectivityNode>
  <cim:ConnectivityNode rdf:about="#_f4bbb509-1deb-42f0-bd95-c7f914b1fb7c">
    <cim:ConnectivityNode.TopologicalNode rdf:resource="#_2b4a012b-7545-a4ab-5489-9b19cc770702" />
  </cim:ConnectivityNode>
  <cim:ConnectivityNode rdf:about="#_af5dd013-33fd-47fa-a0bd-e80191f1e157">
    <cim:ConnectivityNode.TopologicalNode rdf:resource="#_82bf461c-071f-bca4-d628-42dc377c463c" />
  </cim:ConnectivityNode>
  <cim:ConnectivityNode rdf:about="#_f87ce32b-2a53-4950-baba-3c9cf65eb4f5">
    <cim:ConnectivityNode.TopologicalNode rdf:resource="#_ac82c41d-9f98-2e42-943c-5e9b11f11bd6" />
  </cim:ConnectivityNode>
  <cim:ConnectivityNode rdf:about="#_eb71bf6c-a8fb-4d02-b1fb-e828e5250fd9">
    <cim:ConnectivityNode.TopologicalNode rdf:resource="#_df30950b-83d3-ac11-a36f-176deef79b85" />
  </cim:ConnectivityNode>
  <cim:ConnectivityNode rdf:about="#_f7dce34e-2c6e-41aa-b8a6-db8f36fe022c">
    <cim:ConnectivityNode.TopologicalNode rdf:resource="#_8ac0f3a7-cf5f-0989-9052-5ee04cde0cb8" />
  </cim:ConnectivityNode>
  <cim:ConnectivityNode rdf:about="#_9eb40223-0af4-43d1-8125-7aacf5162ccf">
    <cim:ConnectivityNode.TopologicalNode rdf:resource="#_e9aaf5a1-78ba-aee8-a41f-215833861850" />
  </cim:ConnectivityNode>
  <cim:ConnectivityNode rdf:about="#_d7386b47-8548-4b30-8548-215eca1642c1">
    <cim:ConnectivityNode.TopologicalNode rdf:resource="#_9684a5c5-b0c1-2397-e28d-52b0c34a3d32" />
  </cim:ConnectivityNode>
  <cim:ConnectivityNode rdf:about="#_b5c99e8c-dc26-4bac-9f69-332625ddcfcd">
    <cim:ConnectivityNode.TopologicalNode rdf:resource="#_7d65eb4f-c669-1726-ccb5-931bb18b967d" />
  </cim:ConnectivityNode>
  <cim:ConnectivityNode rdf:about="#_b35b4e13-7f08-47b5-ae51-17aefdf253b2">
    <cim:ConnectivityNode.TopologicalNode rdf:resource="#_c3acb49e-93cf-f50a-a569-48a8a87689ba" />
  </cim:ConnectivityNode>
  <cim:ConnectivityNode rdf:about="#_f0e4e8b1-a56c-4b8b-b982-9bc9778610cf">
    <cim:ConnectivityNode.TopologicalNode rdf:resource="#_a983424b-a249-6a55-bf53-465c2efcdaa5" />
  </cim:ConnectivityNode>
  <cim:ConnectivityNode rdf:about="#_d22848df-98c2-415e-9f27-a8219c7b8644">
    <cim:ConnectivityNode.TopologicalNode rdf:resource="#_4e1903b6-9789-38f7-6949-e4f12e1412a6" />
  </cim:ConnectivityNode>
  <cim:TopologicalNode rdf:ID="_bc48fcc6-3a79-3cdb-dcdc-cdd44edd4f62">
    <cim:IdentifiedObject.name>Bus 38</cim:IdentifiedObject.name>
    <cim:TopologicalNode.BaseVoltage rdf:resource="#_ba427012-15d0-09fd-44cf-28de157f825f" />
    <cim:TopologicalNode.ConnectivityNodeContainer rdf:resource="#_bc27b01b-2e4e-bf29-3620-8eb414bc6351" />
  </cim:TopologicalNode>
  <cim:TopologicalNode rdf:ID="_9d0c411b-8da6-2ffe-dff5-ad5a43f1672c">
    <cim:IdentifiedObject.name>Bus 32</cim:IdentifiedObject.name>
    <cim:TopologicalNode.BaseVoltage rdf:resource="#_ba427012-15d0-09fd-44cf-28de157f825f" />
    <cim:TopologicalNode.ConnectivityNodeContainer rdf:resource="#_cf3202f5-88e5-09c6-1546-8e7381c180a6" />
  </cim:TopologicalNode>
  <cim:TopologicalNode rdf:ID="_df30950b-83d3-ac11-a36f-176deef79b85">
    <cim:IdentifiedObject.name>Bus 35</cim:IdentifiedObject.name>
    <cim:TopologicalNode.BaseVoltage rdf:resource="#_ba427012-15d0-09fd-44cf-28de157f825f" />
    <cim:TopologicalNode.ConnectivityNodeContainer rdf:resource="#_8b9908d7-2b54-23fc-ca58-bdc69f8e854f" />
  </cim:TopologicalNode>
  <cim:TopologicalNode rdf:ID="_7d65eb4f-c669-1726-ccb5-931bb18b967d">
    <cim:IdentifiedObject.name>Bus 37</cim:IdentifiedObject.name>
    <cim:TopologicalNode.BaseVoltage rdf:resource="#_ba427012-15d0-09fd-44cf-28de157f825f" />
    <cim:TopologicalNode.ConnectivityNodeContainer rdf:resource="#_2d2d5a00-4d9c-b14d-9efe-3ba629361904" />
  </cim:TopologicalNode>
  <cim:TopologicalNode rdf:ID="_42ab9bcc-6641-3612-aa16-9ae7daa523f6">
    <cim:IdentifiedObject.name>Bus 36</cim:IdentifiedObject.name>
    <cim:TopologicalNode.BaseVoltage rdf:resource="#_ba427012-15d0-09fd-44cf-28de157f825f" />
    <cim:TopologicalNode.ConnectivityNodeContainer rdf:resource="#_e458f244-5ad8-5c22-5975-14e098ec2a92" />
  </cim:TopologicalNode>
  <cim:TopologicalNode rdf:ID="_c3acb49e-93cf-f50a-a569-48a8a87689ba">
    <cim:IdentifiedObject.name>Bus 31</cim:IdentifiedObject.name>
    <cim:TopologicalNode.BaseVoltage rdf:resource="#_ba427012-15d0-09fd-44cf-28de157f825f" />
    <cim:TopologicalNode.ConnectivityNodeContainer rdf:resource="#_28b5f2ea-8de9-911c-7da3-59d6524d2181" />
  </cim:TopologicalNode>
  <cim:TopologicalNode rdf:ID="_5103eec5-3b0e-db54-6fe2-f32313672b66">
    <cim:IdentifiedObject.name>Bus 12</cim:IdentifiedObject.name>
    <cim:TopologicalNode.BaseVoltage rdf:resource="#_98cb52c9-0c29-e52d-2191-d720b79d15dd" />
    <cim:TopologicalNode.ConnectivityNodeContainer rdf:resource="#_fbe53f2d-2bbb-755c-c658-decababf8ef7" />
  </cim:TopologicalNode>
  <cim:TopologicalNode rdf:ID="_c1b6504a-ec20-072b-77f3-0227a167312f">
    <cim:IdentifiedObject.name>Bus 33</cim:IdentifiedObject.name>
    <cim:TopologicalNode.BaseVoltage rdf:resource="#_ba427012-15d0-09fd-44cf-28de157f825f" />
    <cim:TopologicalNode.ConnectivityNodeContainer rdf:resource="#_24e6e66b-afa6-d6cb-2edf-b08e6f907128" />
  </cim:TopologicalNode>
  <cim:TopologicalNode rdf:ID="_e9aaf5a1-78ba-aee8-a41f-215833861850">
    <cim:IdentifiedObject.name>Bus 06</cim:IdentifiedObject.name>
    <cim:TopologicalNode.BaseVoltage rdf:resource="#_82757a3e-0fcf-bb17-dd8e-5ce251de12a1" />
    <cim:TopologicalNode.ConnectivityNodeContainer rdf:resource="#_9076a0ff-7628-a5fc-6530-a368d3a5e804" />
  </cim:TopologicalNode>
  <cim:TopologicalNode rdf:ID="_7e76825a-9966-daac-9a87-0482eb90d034">
    <cim:IdentifiedObject.name>Bus 05</cim:IdentifiedObject.name>
    <cim:TopologicalNode.BaseVoltage rdf:resource="#_82757a3e-0fcf-bb17-dd8e-5ce251de12a1" />
    <cim:TopologicalNode.ConnectivityNodeContainer rdf:resource="#_a3865bfa-b904-0254-2036-fea723ed5df9" />
  </cim:TopologicalNode>
  <cim:TopologicalNode rdf:ID="_e0f73f50-839d-e54b-49cf-8bdf0a259b8e">
    <cim:IdentifiedObject.name>Bus 39</cim:IdentifiedObject.name>
    <cim:TopologicalNode.BaseVoltage rdf:resource="#_82757a3e-0fcf-bb17-dd8e-5ce251de12a1" />
    <cim:TopologicalNode.ConnectivityNodeContainer rdf:resource="#_9599f8dd-3429-d19e-dc1c-2e81847af744" />
  </cim:TopologicalNode>
  <cim:TopologicalNode rdf:ID="_70e67048-7b99-74aa-c16b-969413790f53">
    <cim:IdentifiedObject.name>Bus 08</cim:IdentifiedObject.name>
    <cim:TopologicalNode.BaseVoltage rdf:resource="#_82757a3e-0fcf-bb17-dd8e-5ce251de12a1" />
    <cim:TopologicalNode.ConnectivityNodeContainer rdf:resource="#_f2e871f5-f889-57cb-6cdf-195778cdd842" />
  </cim:TopologicalNode>
  <cim:TopologicalNode rdf:ID="_9684a5c5-b0c1-2397-e28d-52b0c34a3d32">
    <cim:IdentifiedObject.name>Bus 24</cim:IdentifiedObject.name>
    <cim:TopologicalNode.BaseVoltage rdf:resource="#_82757a3e-0fcf-bb17-dd8e-5ce251de12a1" />
    <cim:TopologicalNode.ConnectivityNodeContainer rdf:resource="#_b67a36a5-d456-1b5b-c7a5-8a61c6cc62eb" />
  </cim:TopologicalNode>
  <cim:TopologicalNode rdf:ID="_bda36dfc-b757-91c8-4dd2-0f889ad30018">
    <cim:IdentifiedObject.name>Bus 28</cim:IdentifiedObject.name>
    <cim:TopologicalNode.BaseVoltage rdf:resource="#_82757a3e-0fcf-bb17-dd8e-5ce251de12a1" />
    <cim:TopologicalNode.ConnectivityNodeContainer rdf:resource="#_ab9a90e3-5549-ad01-4744-1bd718bd87c7" />
  </cim:TopologicalNode>
  <cim:TopologicalNode rdf:ID="_7e93dcd2-1fc4-af01-fef9-75f7b2afab91">
    <cim:IdentifiedObject.name>Bus 23</cim:IdentifiedObject.name>
    <cim:TopologicalNode.BaseVoltage rdf:resource="#_82757a3e-0fcf-bb17-dd8e-5ce251de12a1" />
    <cim:TopologicalNode.ConnectivityNodeContainer rdf:resource="#_1cee0ffb-67ac-f729-c957-38ef95ec9815" />
  </cim:TopologicalNode>
  <cim:TopologicalNode rdf:ID="_0a544566-c887-fbd1-0081-80ceed145dfb">
    <cim:IdentifiedObject.name>Bus 22</cim:IdentifiedObject.name>
    <cim:TopologicalNode.BaseVoltage rdf:resource="#_82757a3e-0fcf-bb17-dd8e-5ce251de12a1" />
    <cim:TopologicalNode.ConnectivityNodeContainer rdf:resource="#_fee0c0a5-a667-e310-b124-f6a6b690cc96" />
  </cim:TopologicalNode>
  <cim:TopologicalNode rdf:ID="_2229a7ec-11e8-29d9-e54f-8f801e5ec304">
    <cim:IdentifiedObject.name>Bus 30</cim:IdentifiedObject.name>
    <cim:TopologicalNode.BaseVoltage rdf:resource="#_ba427012-15d0-09fd-44cf-28de157f825f" />
    <cim:TopologicalNode.ConnectivityNodeContainer rdf:resource="#_2f0c0bc3-c3fb-478a-1f7e-1a32a213deb0" />
  </cim:TopologicalNode>
  <cim:TopologicalNode rdf:ID="_027d725e-96b5-a984-db99-bdf09f992e96">
    <cim:IdentifiedObject.name>Bus 03</cim:IdentifiedObject.name>
    <cim:TopologicalNode.BaseVoltage rdf:resource="#_82757a3e-0fcf-bb17-dd8e-5ce251de12a1" />
    <cim:TopologicalNode.ConnectivityNodeContainer rdf:resource="#_a84f631f-c897-b275-7733-6e8dcf8c4fea" />
  </cim:TopologicalNode>
  <cim:TopologicalNode rdf:ID="_a983424b-a249-6a55-bf53-465c2efcdaa5">
    <cim:IdentifiedObject.name>Bus 02</cim:IdentifiedObject.name>
    <cim:TopologicalNode.BaseVoltage rdf:resource="#_82757a3e-0fcf-bb17-dd8e-5ce251de12a1" />
    <cim:TopologicalNode.ConnectivityNodeContainer rdf:resource="#_27af728e-9274-758a-772f-1e50d9c5d736" />
  </cim:TopologicalNode>
  <cim:TopologicalNode rdf:ID="_2ca15937-18f5-c673-b215-3831add2c22e">
    <cim:IdentifiedObject.name>Bus 18</cim:IdentifiedObject.name>
    <cim:TopologicalNode.BaseVoltage rdf:resource="#_82757a3e-0fcf-bb17-dd8e-5ce251de12a1" />
    <cim:TopologicalNode.ConnectivityNodeContainer rdf:resource="#_4e57ad80-0ca3-3535-8f8a-3d130f0469c0" />
  </cim:TopologicalNode>
  <cim:TopologicalNode rdf:ID="_2d282830-59d7-2b29-ea4d-4417ca575121">
    <cim:IdentifiedObject.name>Bus 29</cim:IdentifiedObject.name>
    <cim:TopologicalNode.BaseVoltage rdf:resource="#_82757a3e-0fcf-bb17-dd8e-5ce251de12a1" />
    <cim:TopologicalNode.ConnectivityNodeContainer rdf:resource="#_a396adbe-2db9-9a83-a760-5ec5670a71b0" />
  </cim:TopologicalNode>
  <cim:TopologicalNode rdf:ID="_239c60b0-6d8c-ead1-de5f-c511126de258">
    <cim:IdentifiedObject.name>Bus 26</cim:IdentifiedObject.name>
    <cim:TopologicalNode.BaseVoltage rdf:resource="#_82757a3e-0fcf-bb17-dd8e-5ce251de12a1" />
    <cim:TopologicalNode.ConnectivityNodeContainer rdf:resource="#_269f3275-5295-02dd-b068-1c2e185f4c0e" />
  </cim:TopologicalNode>
  <cim:TopologicalNode rdf:ID="_c22f706c-6f26-7e06-0bdf-373be12d0499">
    <cim:IdentifiedObject.name>Bus 16</cim:IdentifiedObject.name>
    <cim:TopologicalNode.BaseVoltage rdf:resource="#_82757a3e-0fcf-bb17-dd8e-5ce251de12a1" />
    <cim:TopologicalNode.ConnectivityNodeContainer rdf:resource="#_ca15662d-5552-405b-e50a-6a6d8c29f28a" />
  </cim:TopologicalNode>
  <cim:TopologicalNode rdf:ID="_1de0fb39-0770-b0ee-e63e-2dc7190a9ed5">
    <cim:IdentifiedObject.name>Bus 15</cim:IdentifiedObject.name>
    <cim:TopologicalNode.BaseVoltage rdf:resource="#_82757a3e-0fcf-bb17-dd8e-5ce251de12a1" />
    <cim:TopologicalNode.ConnectivityNodeContainer rdf:resource="#_8d4f06f4-901a-a499-7814-be4bf5093f30" />
  </cim:TopologicalNode>
  <cim:TopologicalNode rdf:ID="_de297abc-57e2-1807-b327-df0cc6c080be">
    <cim:IdentifiedObject.name>Bus 07</cim:IdentifiedObject.name>
    <cim:TopologicalNode.BaseVoltage rdf:resource="#_82757a3e-0fcf-bb17-dd8e-5ce251de12a1" />
    <cim:TopologicalNode.ConnectivityNodeContainer rdf:resource="#_1e266a14-a866-a51d-bbe0-de356f4e3a0c" />
  </cim:TopologicalNode>
  <cim:TopologicalNode rdf:ID="_ac82c41d-9f98-2e42-943c-5e9b11f11bd6">
    <cim:IdentifiedObject.name>Bus 14</cim:IdentifiedObject.name>
    <cim:TopologicalNode.BaseVoltage rdf:resource="#_82757a3e-0fcf-bb17-dd8e-5ce251de12a1" />
    <cim:TopologicalNode.ConnectivityNodeContainer rdf:resource="#_f6973587-a5fc-b3f3-ccfa-78564869f99e" />
  </cim:TopologicalNode>
  <cim:TopologicalNode rdf:ID="_e59ad6f1-d6f6-2e8b-41f6-a5e5a2a45cc1">
    <cim:IdentifiedObject.name>Bus 10</cim:IdentifiedObject.name>
    <cim:TopologicalNode.BaseVoltage rdf:resource="#_82757a3e-0fcf-bb17-dd8e-5ce251de12a1" />
    <cim:TopologicalNode.ConnectivityNodeContainer rdf:resource="#_9233c56e-9546-eec1-0ae4-c6fbea7dbd7c" />
  </cim:TopologicalNode>
  <cim:TopologicalNode rdf:ID="_57d8515f-d771-2e62-6764-aa7b0f8c94aa">
    <cim:IdentifiedObject.name>Bus 21</cim:IdentifiedObject.name>
    <cim:TopologicalNode.BaseVoltage rdf:resource="#_82757a3e-0fcf-bb17-dd8e-5ce251de12a1" />
    <cim:TopologicalNode.ConnectivityNodeContainer rdf:resource="#_fabcaf68-3162-6210-be46-ce732ce98673" />
  </cim:TopologicalNode>
  <cim:TopologicalNode rdf:ID="_a58272a8-606a-b210-e332-fede4b447071">
    <cim:IdentifiedObject.name>Bus 04</cim:IdentifiedObject.name>
    <cim:TopologicalNode.BaseVoltage rdf:resource="#_82757a3e-0fcf-bb17-dd8e-5ce251de12a1" />
    <cim:TopologicalNode.ConnectivityNodeContainer rdf:resource="#_f0560a96-c946-1079-84f6-c561bbafa085" />
  </cim:TopologicalNode>
  <cim:TopologicalNode rdf:ID="_82bf461c-071f-bca4-d628-42dc377c463c">
    <cim:IdentifiedObject.name>Bus 01</cim:IdentifiedObject.name>
    <cim:TopologicalNode.BaseVoltage rdf:resource="#_82757a3e-0fcf-bb17-dd8e-5ce251de12a1" />
    <cim:TopologicalNode.ConnectivityNodeContainer rdf:resource="#_831c518d-615f-2076-6f6e-77eb48681ab3" />
  </cim:TopologicalNode>
  <cim:TopologicalNode rdf:ID="_86a2c789-0efa-5b5f-5d78-239d551f217f">
    <cim:IdentifiedObject.name>Bus 11</cim:IdentifiedObject.name>
    <cim:TopologicalNode.BaseVoltage rdf:resource="#_82757a3e-0fcf-bb17-dd8e-5ce251de12a1" />
    <cim:TopologicalNode.ConnectivityNodeContainer rdf:resource="#_fc2db47b-3937-4bef-a171-ed725cc43423" />
  </cim:TopologicalNode>
  <cim:TopologicalNode rdf:ID="_a530e13d-3770-b221-bc69-5b2d8118ffe9">
    <cim:IdentifiedObject.name>Bus 13</cim:IdentifiedObject.name>
    <cim:TopologicalNode.BaseVoltage rdf:resource="#_82757a3e-0fcf-bb17-dd8e-5ce251de12a1" />
    <cim:TopologicalNode.ConnectivityNodeContainer rdf:resource="#_126a012d-591d-82f1-485b-0b9296947527" />
  </cim:TopologicalNode>
  <cim:TopologicalNode rdf:ID="_970cd218-0a6b-6148-1d9a-c331dc45e356">
    <cim:IdentifiedObject.name>Bus 25</cim:IdentifiedObject.name>
    <cim:TopologicalNode.BaseVoltage rdf:resource="#_82757a3e-0fcf-bb17-dd8e-5ce251de12a1" />
    <cim:TopologicalNode.ConnectivityNodeContainer rdf:resource="#_fe78375d-2095-dfaa-35f8-9f3146cc003e" />
  </cim:TopologicalNode>
  <cim:TopologicalNode rdf:ID="_f21c991e-f4e0-06b1-d3ed-cd9579c788ba">
    <cim:IdentifiedObject.name>Bus 20</cim:IdentifiedObject.name>
    <cim:TopologicalNode.BaseVoltage rdf:resource="#_743abd5e-c89e-b078-57a4-5e9422396165" />
    <cim:TopologicalNode.ConnectivityNodeContainer rdf:resource="#_0e6aaa55-daf2-6a32-49e6-0b135b435323" />
  </cim:TopologicalNode>
  <cim:TopologicalNode rdf:ID="_8ac0f3a7-cf5f-0989-9052-5ee04cde0cb8">
    <cim:IdentifiedObject.name>Bus 19</cim:IdentifiedObject.name>
    <cim:TopologicalNode.BaseVoltage rdf:resource="#_82757a3e-0fcf-bb17-dd8e-5ce251de12a1" />
    <cim:TopologicalNode.ConnectivityNodeContainer rdf:resource="#_38cc459a-d73c-9ed8-74c7-5116f56b001e" />
  </cim:TopologicalNode>
  <cim:TopologicalNode rdf:ID="_2b4a012b-7545-a4ab-5489-9b19cc770702">
    <cim:IdentifiedObject.name>Bus 09</cim:IdentifiedObject.name>
    <cim:TopologicalNode.BaseVoltage rdf:resource="#_82757a3e-0fcf-bb17-dd8e-5ce251de12a1" />
    <cim:TopologicalNode.ConnectivityNodeContainer rdf:resource="#_aaa1ccdb-589a-761b-3a8c-fcd0ebbc8c64" />
  </cim:TopologicalNode>
  <cim:TopologicalNode rdf:ID="_9331c3f8-2dc4-1113-38f8-926cd86d167e">
    <cim:IdentifiedObject.name>Bus 27</cim:IdentifiedObject.name>
    <cim:TopologicalNode.BaseVoltage rdf:resource="#_82757a3e-0fcf-bb17-dd8e-5ce251de12a1" />
    <cim:TopologicalNode.ConnectivityNodeContainer rdf:resource="#_f637418d-a890-f6bb-f13d-9397f2b32cd0" />
  </cim:TopologicalNode>
  <cim:TopologicalNode rdf:ID="_ad50e626-c980-842c-e2ba-8fee347773db">
    <cim:IdentifiedObject.name>Bus 17</cim:IdentifiedObject.name>
    <cim:TopologicalNode.BaseVoltage rdf:resource="#_82757a3e-0fcf-bb17-dd8e-5ce251de12a1" />
    <cim:TopologicalNode.ConnectivityNodeContainer rdf:resource="#_a265201c-d01f-9151-6cf6-c531c305585b" />
  </cim:TopologicalNode>
  <cim:TopologicalNode rdf:ID="_4e1903b6-9789-38f7-6949-e4f12e1412a6">
    <cim:IdentifiedObject.name>Bus 34</cim:IdentifiedObject.name>
    <cim:TopologicalNode.BaseVoltage rdf:resource="#_ba427012-15d0-09fd-44cf-28de157f825f" />
    <cim:TopologicalNode.ConnectivityNodeContainer rdf:resource="#_40b1edd0-27fd-943c-e3f3-59d9c857bd24" />
  </cim:TopologicalNode>
</rdf:RDF>