<?xml version="1.0" encoding="UTF-8"?>
<!-- Created with PowerFactory 2025 SP2 (x64) (digcimdb.dll ServicePack 0) -->
<rdf:RDF xmlns:cim="http://iec.ch/TC57/2013/CIM-schema-cim16#" xmlns:entsoe="http://entsoe.eu/CIM/SchemaExtension/3/1#" xmlns:md="http://iec.ch/TC57/61970-552/ModelDescription/1#" xmlns:rdf="http://www.w3.org/1999/02/22-rdf-syntax-ns#">
  <md:FullModel rdf:about="urn:uuid:73fb5bde-6b54-4fb2-bf32-cd15a3c0a0cb">
    <md:Model.DependentOn rdf:resource="urn:uuid:28453ccb-30e0-44a5-823b-7d0e8169575e" />
    <md:Model.created>2025-07-10T14:29:37Z</md:Model.created>
    <md:Model.description />
    <md:Model.modelingAuthoritySet>unset</md:Model.modelingAuthoritySet>
    <md:Model.profile>http://entsoe.eu/CIM/Dynamics/3/1</md:Model.profile>
    <md:Model.scenarioTime>2014-05-28T08:00:00Z</md:Model.scenarioTime>
    <md:Model.version />
  </md:FullModel>
  <cim:LoadStatic rdf:ID="_db648afc-cea0-e8e6-4995-0b71a034a615">
    <cim:LoadStatic.LoadAggregate rdf:resource="#_a03763f7-63b3-0048-ca57-4b18c1f7d3cd" />
    <cim:LoadStatic.kp1>0</cim:LoadStatic.kp1>
    <cim:LoadStatic.kp2>1</cim:LoadStatic.kp2>
    <cim:LoadStatic.kp3>0</cim:LoadStatic.kp3>
    <cim:LoadStatic.kpf>0</cim:LoadStatic.kpf>
    <cim:LoadStatic.kq1>1</cim:LoadStatic.kq1>
    <cim:LoadStatic.kq2>0</cim:LoadStatic.kq2>
    <cim:LoadStatic.kq3>0</cim:LoadStatic.kq3>
    <cim:LoadStatic.kqf>0</cim:LoadStatic.kqf>
    <cim:LoadStatic.staticLoadModelType rdf:resource="http://iec.ch/TC57/2013/CIM-schema-cim16#StaticLoadModelKind.zIP1" />
  </cim:LoadStatic>
  <cim:EnergyConsumer rdf:about="#_05b956a6-3682-4819-924f-a642bddd723e">
    <cim:EnergyConsumer.LoadDynamics rdf:resource="#_a03763f7-63b3-0048-ca57-4b18c1f7d3cd" />
  </cim:EnergyConsumer>
  <cim:EnergyConsumer rdf:about="#_dc6aef52-7621-479f-9cd2-e89b220e22b2">
    <cim:EnergyConsumer.LoadDynamics rdf:resource="#_a03763f7-63b3-0048-ca57-4b18c1f7d3cd" />
  </cim:EnergyConsumer>
  <cim:EnergyConsumer rdf:about="#_81f4cd6b-a49e-48da-ac9e-06b8448b3849">
    <cim:EnergyConsumer.LoadDynamics rdf:resource="#_a03763f7-63b3-0048-ca57-4b18c1f7d3cd" />
  </cim:EnergyConsumer>
  <cim:EnergyConsumer rdf:about="#_84108670-fa2b-4b3a-a721-828294cbb285">
    <cim:EnergyConsumer.LoadDynamics rdf:resource="#_a03763f7-63b3-0048-ca57-4b18c1f7d3cd" />
  </cim:EnergyConsumer>
  <cim:EnergyConsumer rdf:about="#_b5241e39-c399-4e8e-b898-c7bff4ae2279">
    <cim:EnergyConsumer.LoadDynamics rdf:resource="#_a03763f7-63b3-0048-ca57-4b18c1f7d3cd" />
  </cim:EnergyConsumer>
  <cim:EnergyConsumer rdf:about="#_3471ba5c-1299-489e-bb55-03b47a2781f0">
    <cim:EnergyConsumer.LoadDynamics rdf:resource="#_a03763f7-63b3-0048-ca57-4b18c1f7d3cd" />
  </cim:EnergyConsumer>
  <cim:EnergyConsumer rdf:about="#_431d5b40-e79f-4181-a05c-763673e20b08">
    <cim:EnergyConsumer.LoadDynamics rdf:resource="#_a03763f7-63b3-0048-ca57-4b18c1f7d3cd" />
  </cim:EnergyConsumer>
  <cim:EnergyConsumer rdf:about="#_604d1986-0a93-4907-a953-02ccaf095410">
    <cim:EnergyConsumer.LoadDynamics rdf:resource="#_a03763f7-63b3-0048-ca57-4b18c1f7d3cd" />
  </cim:EnergyConsumer>
  <cim:EnergyConsumer rdf:about="#_6b2c5192-fada-4fe9-980b-da414fb54be7">
    <cim:EnergyConsumer.LoadDynamics rdf:resource="#_a03763f7-63b3-0048-ca57-4b18c1f7d3cd" />
  </cim:EnergyConsumer>
  <cim:EnergyConsumer rdf:about="#_f1d9e896-f4cd-4c20-979c-ba23f68c724e">
    <cim:EnergyConsumer.LoadDynamics rdf:resource="#_a03763f7-63b3-0048-ca57-4b18c1f7d3cd" />
  </cim:EnergyConsumer>
  <cim:EnergyConsumer rdf:about="#_aef2bcc9-d5b4-4ec7-b644-a9647f6605ab">
    <cim:EnergyConsumer.LoadDynamics rdf:resource="#_a03763f7-63b3-0048-ca57-4b18c1f7d3cd" />
  </cim:EnergyConsumer>
  <cim:EnergyConsumer rdf:about="#_0bbf29b8-9e58-4d40-a76a-15ec23ebdd52">
    <cim:EnergyConsumer.LoadDynamics rdf:resource="#_a03763f7-63b3-0048-ca57-4b18c1f7d3cd" />
  </cim:EnergyConsumer>
  <cim:EnergyConsumer rdf:about="#_bea23d21-843d-4b64-a23d-d196146ec1eb">
    <cim:EnergyConsumer.LoadDynamics rdf:resource="#_a03763f7-63b3-0048-ca57-4b18c1f7d3cd" />
  </cim:EnergyConsumer>
  <cim:EnergyConsumer rdf:about="#_e14098e8-7689-41be-b06b-d40ace2f41a1">
    <cim:EnergyConsumer.LoadDynamics rdf:resource="#_a03763f7-63b3-0048-ca57-4b18c1f7d3cd" />
  </cim:EnergyConsumer>
  <cim:EnergyConsumer rdf:about="#_916470b0-3a8b-457c-b88c-66e051bc4dd2">
    <cim:EnergyConsumer.LoadDynamics rdf:resource="#_a03763f7-63b3-0048-ca57-4b18c1f7d3cd" />
  </cim:EnergyConsumer>
  <cim:EnergyConsumer rdf:about="#_7158a6cb-2af5-4309-89f1-6e689bb0888f">
    <cim:EnergyConsumer.LoadDynamics rdf:resource="#_a03763f7-63b3-0048-ca57-4b18c1f7d3cd" />
  </cim:EnergyConsumer>
  <cim:EnergyConsumer rdf:about="#_ce6d6ffc-0020-44ef-bdc0-c32db452450d">
    <cim:EnergyConsumer.LoadDynamics rdf:resource="#_a03763f7-63b3-0048-ca57-4b18c1f7d3cd" />
  </cim:EnergyConsumer>
  <cim:EnergyConsumer rdf:about="#_766b911c-4428-406f-990f-afa9f6b544cb">
    <cim:EnergyConsumer.LoadDynamics rdf:resource="#_a03763f7-63b3-0048-ca57-4b18c1f7d3cd" />
  </cim:EnergyConsumer>
  <cim:EnergyConsumer rdf:about="#_e99acff1-10bc-4c23-9e8b-777965e14d89">
    <cim:EnergyConsumer.LoadDynamics rdf:resource="#_a03763f7-63b3-0048-ca57-4b18c1f7d3cd" />
  </cim:EnergyConsumer>
  <cim:LoadAggregate rdf:ID="_a03763f7-63b3-0048-ca57-4b18c1f7d3cd">
  </cim:LoadAggregate>
  <cim:SynchronousMachineTimeConstantReactance rdf:ID="_ec06aa26-ae35-a8fd-7c85-8623eb401b7b">
    <cim:DynamicsFunctionBlock.enabled>true</cim:DynamicsFunctionBlock.enabled>
    <cim:IdentifiedObject.name>Power Plant 04</cim:IdentifiedObject.name>
    <cim:RotatingMachineDynamics.damping>0</cim:RotatingMachineDynamics.damping>
    <cim:RotatingMachineDynamics.inertia>3.575</cim:RotatingMachineDynamics.inertia>
    <cim:RotatingMachineDynamics.saturationFactor>0</cim:RotatingMachineDynamics.saturationFactor>
    <cim:RotatingMachineDynamics.saturationFactor120>0</cim:RotatingMachineDynamics.saturationFactor120>
    <cim:RotatingMachineDynamics.statorLeakageReactance>0.236</cim:RotatingMachineDynamics.statorLeakageReactance>
    <cim:RotatingMachineDynamics.statorResistance>0</cim:RotatingMachineDynamics.statorResistance>
    <cim:SynchronousMachineDetailed.efdBaseRatio>1</cim:SynchronousMachineDetailed.efdBaseRatio>
    <cim:SynchronousMachineDetailed.ifdBaseType rdf:resource="http://iec.ch/TC57/2013/CIM-schema-cim16#IfdBaseKind.ifag" />
    <cim:SynchronousMachineDynamics.SynchronousMachine rdf:resource="#_db044c7c-67f9-48f1-bf1f-f79f4e20d78c" />
    <cim:SynchronousMachineTimeConstantReactance.ks>0</cim:SynchronousMachineTimeConstantReactance.ks>
    <cim:SynchronousMachineTimeConstantReactance.modelType rdf:resource="http://iec.ch/TC57/2013/CIM-schema-cim16#SynchronousMachineModelKind.subtransient" />
    <cim:SynchronousMachineTimeConstantReactance.rotorType rdf:resource="http://iec.ch/TC57/2013/CIM-schema-cim16#RotorKind.roundRotor" />
    <cim:SynchronousMachineTimeConstantReactance.tc>0</cim:SynchronousMachineTimeConstantReactance.tc>
    <cim:SynchronousMachineTimeConstantReactance.tpdo>5.69</cim:SynchronousMachineTimeConstantReactance.tpdo>
    <cim:SynchronousMachineTimeConstantReactance.tppdo>0.05</cim:SynchronousMachineTimeConstantReactance.tppdo>
    <cim:SynchronousMachineTimeConstantReactance.tppqo>0.035</cim:SynchronousMachineTimeConstantReactance.tppqo>
    <cim:SynchronousMachineTimeConstantReactance.tpqo>1.5</cim:SynchronousMachineTimeConstantReactance.tpqo>
    <cim:SynchronousMachineTimeConstantReactance.xDirectSubtrans>0.28</cim:SynchronousMachineTimeConstantReactance.xDirectSubtrans>
    <cim:SynchronousMachineTimeConstantReactance.xDirectSync>2.096</cim:SynchronousMachineTimeConstantReactance.xDirectSync>
    <cim:SynchronousMachineTimeConstantReactance.xDirectTrans>0.3488</cim:SynchronousMachineTimeConstantReactance.xDirectTrans>
    <cim:SynchronousMachineTimeConstantReactance.xQuadSubtrans>0.28</cim:SynchronousMachineTimeConstantReactance.xQuadSubtrans>
    <cim:SynchronousMachineTimeConstantReactance.xQuadSync>2.064</cim:SynchronousMachineTimeConstantReactance.xQuadSync>
    <cim:SynchronousMachineTimeConstantReactance.xQuadTrans>1.328</cim:SynchronousMachineTimeConstantReactance.xQuadTrans>
  </cim:SynchronousMachineTimeConstantReactance>
  <cim:SynchronousMachineTimeConstantReactance rdf:ID="_8dba6b16-ea7b-db92-2534-701853917263">
    <cim:DynamicsFunctionBlock.enabled>true</cim:DynamicsFunctionBlock.enabled>
    <cim:IdentifiedObject.name>Power Plant 10</cim:IdentifiedObject.name>
    <cim:RotatingMachineDynamics.damping>0</cim:RotatingMachineDynamics.damping>
    <cim:RotatingMachineDynamics.inertia>4.2</cim:RotatingMachineDynamics.inertia>
    <cim:RotatingMachineDynamics.saturationFactor>0</cim:RotatingMachineDynamics.saturationFactor>
    <cim:RotatingMachineDynamics.saturationFactor120>0</cim:RotatingMachineDynamics.saturationFactor120>
    <cim:RotatingMachineDynamics.statorLeakageReactance>0.125</cim:RotatingMachineDynamics.statorLeakageReactance>
    <cim:RotatingMachineDynamics.statorResistance>0</cim:RotatingMachineDynamics.statorResistance>
    <cim:SynchronousMachineDetailed.efdBaseRatio>1</cim:SynchronousMachineDetailed.efdBaseRatio>
    <cim:SynchronousMachineDetailed.ifdBaseType rdf:resource="http://iec.ch/TC57/2013/CIM-schema-cim16#IfdBaseKind.ifag" />
    <cim:SynchronousMachineDynamics.SynchronousMachine rdf:resource="#_8d18aed6-e9d0-46db-84c8-3ebe6ace2d2f" />
    <cim:SynchronousMachineTimeConstantReactance.ks>0</cim:SynchronousMachineTimeConstantReactance.ks>
    <cim:SynchronousMachineTimeConstantReactance.modelType rdf:resource="http://iec.ch/TC57/2013/CIM-schema-cim16#SynchronousMachineModelKind.subtransient" />
    <cim:SynchronousMachineTimeConstantReactance.rotorType rdf:resource="http://iec.ch/TC57/2013/CIM-schema-cim16#RotorKind.salientPole" />
    <cim:SynchronousMachineTimeConstantReactance.tc>0</cim:SynchronousMachineTimeConstantReactance.tc>
    <cim:SynchronousMachineTimeConstantReactance.tpdo>10.2</cim:SynchronousMachineTimeConstantReactance.tpdo>
    <cim:SynchronousMachineTimeConstantReactance.tppdo>0.05</cim:SynchronousMachineTimeConstantReactance.tppdo>
    <cim:SynchronousMachineTimeConstantReactance.tppqo>0.035</cim:SynchronousMachineTimeConstantReactance.tppqo>
    <cim:SynchronousMachineTimeConstantReactance.tpqo>0</cim:SynchronousMachineTimeConstantReactance.tpqo>
    <cim:SynchronousMachineTimeConstantReactance.xDirectSubtrans>0.25</cim:SynchronousMachineTimeConstantReactance.xDirectSubtrans>
    <cim:SynchronousMachineTimeConstantReactance.xDirectSync>1</cim:SynchronousMachineTimeConstantReactance.xDirectSync>
    <cim:SynchronousMachineTimeConstantReactance.xDirectTrans>0.31</cim:SynchronousMachineTimeConstantReactance.xDirectTrans>
    <cim:SynchronousMachineTimeConstantReactance.xQuadSubtrans>0.25</cim:SynchronousMachineTimeConstantReactance.xQuadSubtrans>
    <cim:SynchronousMachineTimeConstantReactance.xQuadSync>0.69</cim:SynchronousMachineTimeConstantReactance.xQuadSync>
    <cim:SynchronousMachineTimeConstantReactance.xQuadTrans>0.5</cim:SynchronousMachineTimeConstantReactance.xQuadTrans>
  </cim:SynchronousMachineTimeConstantReactance>
  <cim:SynchronousMachineTimeConstantReactance rdf:ID="_dbbb50c8-e1de-1032-c39f-5567f9731e04">
    <cim:DynamicsFunctionBlock.enabled>true</cim:DynamicsFunctionBlock.enabled>
    <cim:IdentifiedObject.name>Power Plant 09</cim:IdentifiedObject.name>
    <cim:RotatingMachineDynamics.damping>0</cim:RotatingMachineDynamics.damping>
    <cim:RotatingMachineDynamics.inertia>3.45</cim:RotatingMachineDynamics.inertia>
    <cim:RotatingMachineDynamics.saturationFactor>0</cim:RotatingMachineDynamics.saturationFactor>
    <cim:RotatingMachineDynamics.saturationFactor120>0</cim:RotatingMachineDynamics.saturationFactor120>
    <cim:RotatingMachineDynamics.statorLeakageReactance>0.298</cim:RotatingMachineDynamics.statorLeakageReactance>
    <cim:RotatingMachineDynamics.statorResistance>0</cim:RotatingMachineDynamics.statorResistance>
    <cim:SynchronousMachineDetailed.efdBaseRatio>1</cim:SynchronousMachineDetailed.efdBaseRatio>
    <cim:SynchronousMachineDetailed.ifdBaseType rdf:resource="http://iec.ch/TC57/2013/CIM-schema-cim16#IfdBaseKind.ifag" />
    <cim:SynchronousMachineDynamics.SynchronousMachine rdf:resource="#_6341d4ce-0724-41ff-9b81-22607be25eaa" />
    <cim:SynchronousMachineTimeConstantReactance.ks>0</cim:SynchronousMachineTimeConstantReactance.ks>
    <cim:SynchronousMachineTimeConstantReactance.modelType rdf:resource="http://iec.ch/TC57/2013/CIM-schema-cim16#SynchronousMachineModelKind.subtransient" />
    <cim:SynchronousMachineTimeConstantReactance.rotorType rdf:resource="http://iec.ch/TC57/2013/CIM-schema-cim16#RotorKind.roundRotor" />
    <cim:SynchronousMachineTimeConstantReactance.tc>0</cim:SynchronousMachineTimeConstantReactance.tc>
    <cim:SynchronousMachineTimeConstantReactance.tpdo>4.79</cim:SynchronousMachineTimeConstantReactance.tpdo>
    <cim:SynchronousMachineTimeConstantReactance.tppdo>0.05</cim:SynchronousMachineTimeConstantReactance.tppdo>
    <cim:SynchronousMachineTimeConstantReactance.tppqo>0.035</cim:SynchronousMachineTimeConstantReactance.tppqo>
    <cim:SynchronousMachineTimeConstantReactance.tpqo>1.96</cim:SynchronousMachineTimeConstantReactance.tpqo>
    <cim:SynchronousMachineTimeConstantReactance.xDirectSubtrans>0.45</cim:SynchronousMachineTimeConstantReactance.xDirectSubtrans>
    <cim:SynchronousMachineTimeConstantReactance.xDirectSync>2.106</cim:SynchronousMachineTimeConstantReactance.xDirectSync>
    <cim:SynchronousMachineTimeConstantReactance.xDirectTrans>0.57</cim:SynchronousMachineTimeConstantReactance.xDirectTrans>
    <cim:SynchronousMachineTimeConstantReactance.xQuadSubtrans>0.45</cim:SynchronousMachineTimeConstantReactance.xQuadSubtrans>
    <cim:SynchronousMachineTimeConstantReactance.xQuadSync>2.05</cim:SynchronousMachineTimeConstantReactance.xQuadSync>
    <cim:SynchronousMachineTimeConstantReactance.xQuadTrans>0.587</cim:SynchronousMachineTimeConstantReactance.xQuadTrans>
  </cim:SynchronousMachineTimeConstantReactance>
  <cim:SynchronousMachineTimeConstantReactance rdf:ID="_e47bbe05-f68b-5a50-2e61-d7d4ac25222b">
    <cim:DynamicsFunctionBlock.enabled>true</cim:DynamicsFunctionBlock.enabled>
    <cim:IdentifiedObject.name>Power Plant 07</cim:IdentifiedObject.name>
    <cim:RotatingMachineDynamics.damping>0</cim:RotatingMachineDynamics.damping>
    <cim:RotatingMachineDynamics.inertia>3.771</cim:RotatingMachineDynamics.inertia>
    <cim:RotatingMachineDynamics.saturationFactor>0</cim:RotatingMachineDynamics.saturationFactor>
    <cim:RotatingMachineDynamics.saturationFactor120>0</cim:RotatingMachineDynamics.saturationFactor120>
    <cim:RotatingMachineDynamics.statorLeakageReactance>0.2254</cim:RotatingMachineDynamics.statorLeakageReactance>
    <cim:RotatingMachineDynamics.statorResistance>0</cim:RotatingMachineDynamics.statorResistance>
    <cim:SynchronousMachineDetailed.efdBaseRatio>1</cim:SynchronousMachineDetailed.efdBaseRatio>
    <cim:SynchronousMachineDetailed.ifdBaseType rdf:resource="http://iec.ch/TC57/2013/CIM-schema-cim16#IfdBaseKind.ifag" />
    <cim:SynchronousMachineDynamics.SynchronousMachine rdf:resource="#_33febe72-bd5d-40ac-ba61-15cf1f94391e" />
    <cim:SynchronousMachineTimeConstantReactance.ks>0</cim:SynchronousMachineTimeConstantReactance.ks>
    <cim:SynchronousMachineTimeConstantReactance.modelType rdf:resource="http://iec.ch/TC57/2013/CIM-schema-cim16#SynchronousMachineModelKind.subtransient" />
    <cim:SynchronousMachineTimeConstantReactance.rotorType rdf:resource="http://iec.ch/TC57/2013/CIM-schema-cim16#RotorKind.roundRotor" />
    <cim:SynchronousMachineTimeConstantReactance.tc>0</cim:SynchronousMachineTimeConstantReactance.tc>
    <cim:SynchronousMachineTimeConstantReactance.tpdo>5.66</cim:SynchronousMachineTimeConstantReactance.tpdo>
    <cim:SynchronousMachineTimeConstantReactance.tppdo>0.05</cim:SynchronousMachineTimeConstantReactance.tppdo>
    <cim:SynchronousMachineTimeConstantReactance.tppqo>0.035</cim:SynchronousMachineTimeConstantReactance.tppqo>
    <cim:SynchronousMachineTimeConstantReactance.tpqo>1.5</cim:SynchronousMachineTimeConstantReactance.tpqo>
    <cim:SynchronousMachineTimeConstantReactance.xDirectSubtrans>0.308</cim:SynchronousMachineTimeConstantReactance.xDirectSubtrans>
    <cim:SynchronousMachineTimeConstantReactance.xDirectSync>2.065</cim:SynchronousMachineTimeConstantReactance.xDirectSync>
    <cim:SynchronousMachineTimeConstantReactance.xDirectTrans>0.343</cim:SynchronousMachineTimeConstantReactance.xDirectTrans>
    <cim:SynchronousMachineTimeConstantReactance.xQuadSubtrans>0.308</cim:SynchronousMachineTimeConstantReactance.xQuadSubtrans>
    <cim:SynchronousMachineTimeConstantReactance.xQuadSync>2.044</cim:SynchronousMachineTimeConstantReactance.xQuadSync>
    <cim:SynchronousMachineTimeConstantReactance.xQuadTrans>1.302</cim:SynchronousMachineTimeConstantReactance.xQuadTrans>
  </cim:SynchronousMachineTimeConstantReactance>
  <cim:SynchronousMachineTimeConstantReactance rdf:ID="_a18b107b-d881-0439-b406-ef37bfabd408">
    <cim:DynamicsFunctionBlock.enabled>true</cim:DynamicsFunctionBlock.enabled>
    <cim:IdentifiedObject.name>Power Plant 03</cim:IdentifiedObject.name>
    <cim:RotatingMachineDynamics.damping>0</cim:RotatingMachineDynamics.damping>
    <cim:RotatingMachineDynamics.inertia>4.475</cim:RotatingMachineDynamics.inertia>
    <cim:RotatingMachineDynamics.saturationFactor>0</cim:RotatingMachineDynamics.saturationFactor>
    <cim:RotatingMachineDynamics.saturationFactor120>0</cim:RotatingMachineDynamics.saturationFactor120>
    <cim:RotatingMachineDynamics.statorLeakageReactance>0.2432</cim:RotatingMachineDynamics.statorLeakageReactance>
    <cim:RotatingMachineDynamics.statorResistance>0</cim:RotatingMachineDynamics.statorResistance>
    <cim:SynchronousMachineDetailed.efdBaseRatio>1</cim:SynchronousMachineDetailed.efdBaseRatio>
    <cim:SynchronousMachineDetailed.ifdBaseType rdf:resource="http://iec.ch/TC57/2013/CIM-schema-cim16#IfdBaseKind.ifag" />
    <cim:SynchronousMachineDynamics.SynchronousMachine rdf:resource="#_97fa1a65-0c81-4f53-af05-43c6b838e2da" />
    <cim:SynchronousMachineTimeConstantReactance.ks>0</cim:SynchronousMachineTimeConstantReactance.ks>
    <cim:SynchronousMachineTimeConstantReactance.modelType rdf:resource="http://iec.ch/TC57/2013/CIM-schema-cim16#SynchronousMachineModelKind.subtransient" />
    <cim:SynchronousMachineTimeConstantReactance.rotorType rdf:resource="http://iec.ch/TC57/2013/CIM-schema-cim16#RotorKind.roundRotor" />
    <cim:SynchronousMachineTimeConstantReactance.tc>0</cim:SynchronousMachineTimeConstantReactance.tc>
    <cim:SynchronousMachineTimeConstantReactance.tpdo>5.7</cim:SynchronousMachineTimeConstantReactance.tpdo>
    <cim:SynchronousMachineTimeConstantReactance.tppdo>0.05</cim:SynchronousMachineTimeConstantReactance.tppdo>
    <cim:SynchronousMachineTimeConstantReactance.tppqo>0.035</cim:SynchronousMachineTimeConstantReactance.tppqo>
    <cim:SynchronousMachineTimeConstantReactance.tpqo>1.5</cim:SynchronousMachineTimeConstantReactance.tpqo>
    <cim:SynchronousMachineTimeConstantReactance.xDirectSubtrans>0.36</cim:SynchronousMachineTimeConstantReactance.xDirectSubtrans>
    <cim:SynchronousMachineTimeConstantReactance.xDirectSync>1.996</cim:SynchronousMachineTimeConstantReactance.xDirectSync>
    <cim:SynchronousMachineTimeConstantReactance.xDirectTrans>0.4248</cim:SynchronousMachineTimeConstantReactance.xDirectTrans>
    <cim:SynchronousMachineTimeConstantReactance.xQuadSubtrans>0.36</cim:SynchronousMachineTimeConstantReactance.xQuadSubtrans>
    <cim:SynchronousMachineTimeConstantReactance.xQuadSync>1.896</cim:SynchronousMachineTimeConstantReactance.xQuadSync>
    <cim:SynchronousMachineTimeConstantReactance.xQuadTrans>0.7008</cim:SynchronousMachineTimeConstantReactance.xQuadTrans>
  </cim:SynchronousMachineTimeConstantReactance>
  <cim:SynchronousMachineTimeConstantReactance rdf:ID="_a560d0aa-b74e-436f-e41d-a7aed9ba0725">
    <cim:DynamicsFunctionBlock.enabled>true</cim:DynamicsFunctionBlock.enabled>
    <cim:IdentifiedObject.name>Power Plant 06</cim:IdentifiedObject.name>
    <cim:RotatingMachineDynamics.damping>0</cim:RotatingMachineDynamics.damping>
    <cim:RotatingMachineDynamics.inertia>4.35</cim:RotatingMachineDynamics.inertia>
    <cim:RotatingMachineDynamics.saturationFactor>0</cim:RotatingMachineDynamics.saturationFactor>
    <cim:RotatingMachineDynamics.saturationFactor120>0</cim:RotatingMachineDynamics.saturationFactor120>
    <cim:RotatingMachineDynamics.statorLeakageReactance>0.1792</cim:RotatingMachineDynamics.statorLeakageReactance>
    <cim:RotatingMachineDynamics.statorResistance>0</cim:RotatingMachineDynamics.statorResistance>
    <cim:SynchronousMachineDetailed.efdBaseRatio>1</cim:SynchronousMachineDetailed.efdBaseRatio>
    <cim:SynchronousMachineDetailed.ifdBaseType rdf:resource="http://iec.ch/TC57/2013/CIM-schema-cim16#IfdBaseKind.ifag" />
    <cim:SynchronousMachineDynamics.SynchronousMachine rdf:resource="#_56f82413-9e6c-43d8-bb9e-d43307eca413" />
    <cim:SynchronousMachineTimeConstantReactance.ks>0</cim:SynchronousMachineTimeConstantReactance.ks>
    <cim:SynchronousMachineTimeConstantReactance.modelType rdf:resource="http://iec.ch/TC57/2013/CIM-schema-cim16#SynchronousMachineModelKind.subtransient" />
    <cim:SynchronousMachineTimeConstantReactance.rotorType rdf:resource="http://iec.ch/TC57/2013/CIM-schema-cim16#RotorKind.roundRotor" />
    <cim:SynchronousMachineTimeConstantReactance.tc>0</cim:SynchronousMachineTimeConstantReactance.tc>
    <cim:SynchronousMachineTimeConstantReactance.tpdo>7.3</cim:SynchronousMachineTimeConstantReactance.tpdo>
    <cim:SynchronousMachineTimeConstantReactance.tppdo>0.05</cim:SynchronousMachineTimeConstantReactance.tppdo>
    <cim:SynchronousMachineTimeConstantReactance.tppqo>0.035</cim:SynchronousMachineTimeConstantReactance.tppqo>
    <cim:SynchronousMachineTimeConstantReactance.tpqo>0.4</cim:SynchronousMachineTimeConstantReactance.tpqo>
    <cim:SynchronousMachineTimeConstantReactance.xDirectSubtrans>0.32</cim:SynchronousMachineTimeConstantReactance.xDirectSubtrans>
    <cim:SynchronousMachineTimeConstantReactance.xDirectSync>2.032</cim:SynchronousMachineTimeConstantReactance.xDirectSync>
    <cim:SynchronousMachineTimeConstantReactance.xDirectTrans>0.4</cim:SynchronousMachineTimeConstantReactance.xDirectTrans>
    <cim:SynchronousMachineTimeConstantReactance.xQuadSubtrans>0.32</cim:SynchronousMachineTimeConstantReactance.xQuadSubtrans>
    <cim:SynchronousMachineTimeConstantReactance.xQuadSync>1.928</cim:SynchronousMachineTimeConstantReactance.xQuadSync>
    <cim:SynchronousMachineTimeConstantReactance.xQuadTrans>0.6512</cim:SynchronousMachineTimeConstantReactance.xQuadTrans>
  </cim:SynchronousMachineTimeConstantReactance>
  <cim:SynchronousMachineTimeConstantReactance rdf:ID="_b6bd683a-0696-6d20-d1a7-88610af0cee1">
    <cim:DynamicsFunctionBlock.enabled>true</cim:DynamicsFunctionBlock.enabled>
    <cim:IdentifiedObject.name>Rest of U.S.A. / Canada</cim:IdentifiedObject.name>
    <cim:RotatingMachineDynamics.damping>0</cim:RotatingMachineDynamics.damping>
    <cim:RotatingMachineDynamics.inertia>5</cim:RotatingMachineDynamics.inertia>
    <cim:RotatingMachineDynamics.saturationFactor>0</cim:RotatingMachineDynamics.saturationFactor>
    <cim:RotatingMachineDynamics.saturationFactor120>0</cim:RotatingMachineDynamics.saturationFactor120>
    <cim:RotatingMachineDynamics.statorLeakageReactance>0.3</cim:RotatingMachineDynamics.statorLeakageReactance>
    <cim:RotatingMachineDynamics.statorResistance>0</cim:RotatingMachineDynamics.statorResistance>
    <cim:SynchronousMachineDetailed.efdBaseRatio>1</cim:SynchronousMachineDetailed.efdBaseRatio>
    <cim:SynchronousMachineDetailed.ifdBaseType rdf:resource="http://iec.ch/TC57/2013/CIM-schema-cim16#IfdBaseKind.ifag" />
    <cim:SynchronousMachineDynamics.SynchronousMachine rdf:resource="#_25021085-bc3e-4a1d-aeeb-27206d05187b" />
    <cim:SynchronousMachineTimeConstantReactance.ks>0</cim:SynchronousMachineTimeConstantReactance.ks>
    <cim:SynchronousMachineTimeConstantReactance.modelType rdf:resource="http://iec.ch/TC57/2013/CIM-schema-cim16#SynchronousMachineModelKind.subtransient" />
    <cim:SynchronousMachineTimeConstantReactance.rotorType rdf:resource="http://iec.ch/TC57/2013/CIM-schema-cim16#RotorKind.roundRotor" />
    <cim:SynchronousMachineTimeConstantReactance.tc>0</cim:SynchronousMachineTimeConstantReactance.tc>
    <cim:SynchronousMachineTimeConstantReactance.tpdo>7</cim:SynchronousMachineTimeConstantReactance.tpdo>
    <cim:SynchronousMachineTimeConstantReactance.tppdo>0.05</cim:SynchronousMachineTimeConstantReactance.tppdo>
    <cim:SynchronousMachineTimeConstantReactance.tppqo>0.035</cim:SynchronousMachineTimeConstantReactance.tppqo>
    <cim:SynchronousMachineTimeConstantReactance.tpqo>0.7</cim:SynchronousMachineTimeConstantReactance.tpqo>
    <cim:SynchronousMachineTimeConstantReactance.xDirectSubtrans>0.4</cim:SynchronousMachineTimeConstantReactance.xDirectSubtrans>
    <cim:SynchronousMachineTimeConstantReactance.xDirectSync>2</cim:SynchronousMachineTimeConstantReactance.xDirectSync>
    <cim:SynchronousMachineTimeConstantReactance.xDirectTrans>0.6</cim:SynchronousMachineTimeConstantReactance.xDirectTrans>
    <cim:SynchronousMachineTimeConstantReactance.xQuadSubtrans>0.4</cim:SynchronousMachineTimeConstantReactance.xQuadSubtrans>
    <cim:SynchronousMachineTimeConstantReactance.xQuadSync>1.9</cim:SynchronousMachineTimeConstantReactance.xQuadSync>
    <cim:SynchronousMachineTimeConstantReactance.xQuadTrans>0.8</cim:SynchronousMachineTimeConstantReactance.xQuadTrans>
  </cim:SynchronousMachineTimeConstantReactance>
  <cim:SynchronousMachineTimeConstantReactance rdf:ID="_a1655a51-efd6-e80d-e9db-3ccc19866404">
    <cim:DynamicsFunctionBlock.enabled>true</cim:DynamicsFunctionBlock.enabled>
    <cim:IdentifiedObject.name>Power Plant 05</cim:IdentifiedObject.name>
    <cim:RotatingMachineDynamics.damping>0</cim:RotatingMachineDynamics.damping>
    <cim:RotatingMachineDynamics.inertia>4.333</cim:RotatingMachineDynamics.inertia>
    <cim:RotatingMachineDynamics.saturationFactor>0</cim:RotatingMachineDynamics.saturationFactor>
    <cim:RotatingMachineDynamics.saturationFactor120>0</cim:RotatingMachineDynamics.saturationFactor120>
    <cim:RotatingMachineDynamics.statorLeakageReactance>0.162</cim:RotatingMachineDynamics.statorLeakageReactance>
    <cim:RotatingMachineDynamics.statorResistance>0</cim:RotatingMachineDynamics.statorResistance>
    <cim:SynchronousMachineDetailed.efdBaseRatio>1</cim:SynchronousMachineDetailed.efdBaseRatio>
    <cim:SynchronousMachineDetailed.ifdBaseType rdf:resource="http://iec.ch/TC57/2013/CIM-schema-cim16#IfdBaseKind.ifag" />
    <cim:SynchronousMachineDynamics.SynchronousMachine rdf:resource="#_85d04e01-eaa9-4515-8075-ce44c27f8366" />
    <cim:SynchronousMachineTimeConstantReactance.ks>0</cim:SynchronousMachineTimeConstantReactance.ks>
    <cim:SynchronousMachineTimeConstantReactance.modelType rdf:resource="http://iec.ch/TC57/2013/CIM-schema-cim16#SynchronousMachineModelKind.subtransient" />
    <cim:SynchronousMachineTimeConstantReactance.rotorType rdf:resource="http://iec.ch/TC57/2013/CIM-schema-cim16#RotorKind.roundRotor" />
    <cim:SynchronousMachineTimeConstantReactance.tc>0</cim:SynchronousMachineTimeConstantReactance.tc>
    <cim:SynchronousMachineTimeConstantReactance.tpdo>5.4</cim:SynchronousMachineTimeConstantReactance.tpdo>
    <cim:SynchronousMachineTimeConstantReactance.tppdo>0.05</cim:SynchronousMachineTimeConstantReactance.tppdo>
    <cim:SynchronousMachineTimeConstantReactance.tppqo>0.035</cim:SynchronousMachineTimeConstantReactance.tppqo>
    <cim:SynchronousMachineTimeConstantReactance.tpqo>0.44</cim:SynchronousMachineTimeConstantReactance.tpqo>
    <cim:SynchronousMachineTimeConstantReactance.xDirectSubtrans>0.267</cim:SynchronousMachineTimeConstantReactance.xDirectSubtrans>
    <cim:SynchronousMachineTimeConstantReactance.xDirectSync>2.01</cim:SynchronousMachineTimeConstantReactance.xDirectSync>
    <cim:SynchronousMachineTimeConstantReactance.xDirectTrans>0.396</cim:SynchronousMachineTimeConstantReactance.xDirectTrans>
    <cim:SynchronousMachineTimeConstantReactance.xQuadSubtrans>0.267</cim:SynchronousMachineTimeConstantReactance.xQuadSubtrans>
    <cim:SynchronousMachineTimeConstantReactance.xQuadSync>1.86</cim:SynchronousMachineTimeConstantReactance.xQuadSync>
    <cim:SynchronousMachineTimeConstantReactance.xQuadTrans>0.498</cim:SynchronousMachineTimeConstantReactance.xQuadTrans>
  </cim:SynchronousMachineTimeConstantReactance>
  <cim:SynchronousMachineTimeConstantReactance rdf:ID="_e96dd602-f0d6-c65f-7d09-28e2c7c54bc8">
    <cim:DynamicsFunctionBlock.enabled>true</cim:DynamicsFunctionBlock.enabled>
    <cim:IdentifiedObject.name>Power Plant 08</cim:IdentifiedObject.name>
    <cim:RotatingMachineDynamics.damping>0</cim:RotatingMachineDynamics.damping>
    <cim:RotatingMachineDynamics.inertia>3.471</cim:RotatingMachineDynamics.inertia>
    <cim:RotatingMachineDynamics.saturationFactor>0</cim:RotatingMachineDynamics.saturationFactor>
    <cim:RotatingMachineDynamics.saturationFactor120>0</cim:RotatingMachineDynamics.saturationFactor120>
    <cim:RotatingMachineDynamics.statorLeakageReactance>0.196</cim:RotatingMachineDynamics.statorLeakageReactance>
    <cim:RotatingMachineDynamics.statorResistance>0</cim:RotatingMachineDynamics.statorResistance>
    <cim:SynchronousMachineDetailed.efdBaseRatio>1</cim:SynchronousMachineDetailed.efdBaseRatio>
    <cim:SynchronousMachineDetailed.ifdBaseType rdf:resource="http://iec.ch/TC57/2013/CIM-schema-cim16#IfdBaseKind.ifag" />
    <cim:SynchronousMachineDynamics.SynchronousMachine rdf:resource="#_ae1c1713-7c41-40a7-a994-9f7b21250bdd" />
    <cim:SynchronousMachineTimeConstantReactance.ks>0</cim:SynchronousMachineTimeConstantReactance.ks>
    <cim:SynchronousMachineTimeConstantReactance.modelType rdf:resource="http://iec.ch/TC57/2013/CIM-schema-cim16#SynchronousMachineModelKind.subtransient" />
    <cim:SynchronousMachineTimeConstantReactance.rotorType rdf:resource="http://iec.ch/TC57/2013/CIM-schema-cim16#RotorKind.roundRotor" />
    <cim:SynchronousMachineTimeConstantReactance.tc>0</cim:SynchronousMachineTimeConstantReactance.tc>
    <cim:SynchronousMachineTimeConstantReactance.tpdo>6.7</cim:SynchronousMachineTimeConstantReactance.tpdo>
    <cim:SynchronousMachineTimeConstantReactance.tppdo>0.05</cim:SynchronousMachineTimeConstantReactance.tppdo>
    <cim:SynchronousMachineTimeConstantReactance.tppqo>0.035</cim:SynchronousMachineTimeConstantReactance.tppqo>
    <cim:SynchronousMachineTimeConstantReactance.tpqo>0.41</cim:SynchronousMachineTimeConstantReactance.tpqo>
    <cim:SynchronousMachineTimeConstantReactance.xDirectSubtrans>0.315</cim:SynchronousMachineTimeConstantReactance.xDirectSubtrans>
    <cim:SynchronousMachineTimeConstantReactance.xDirectSync>2.03</cim:SynchronousMachineTimeConstantReactance.xDirectSync>
    <cim:SynchronousMachineTimeConstantReactance.xDirectTrans>0.399</cim:SynchronousMachineTimeConstantReactance.xDirectTrans>
    <cim:SynchronousMachineTimeConstantReactance.xQuadSubtrans>0.315</cim:SynchronousMachineTimeConstantReactance.xQuadSubtrans>
    <cim:SynchronousMachineTimeConstantReactance.xQuadSync>1.96</cim:SynchronousMachineTimeConstantReactance.xQuadSync>
    <cim:SynchronousMachineTimeConstantReactance.xQuadTrans>0.6377</cim:SynchronousMachineTimeConstantReactance.xQuadTrans>
  </cim:SynchronousMachineTimeConstantReactance>
  <cim:SynchronousMachineTimeConstantReactance rdf:ID="_8540694e-05f7-6806-f7ed-dec811db6189">
    <cim:DynamicsFunctionBlock.enabled>true</cim:DynamicsFunctionBlock.enabled>
    <cim:IdentifiedObject.name>Power Plant 02</cim:IdentifiedObject.name>
    <cim:RotatingMachineDynamics.damping>0</cim:RotatingMachineDynamics.damping>
    <cim:RotatingMachineDynamics.inertia>4.329</cim:RotatingMachineDynamics.inertia>
    <cim:RotatingMachineDynamics.saturationFactor>0</cim:RotatingMachineDynamics.saturationFactor>
    <cim:RotatingMachineDynamics.saturationFactor120>0</cim:RotatingMachineDynamics.saturationFactor120>
    <cim:RotatingMachineDynamics.statorLeakageReactance>0.245</cim:RotatingMachineDynamics.statorLeakageReactance>
    <cim:RotatingMachineDynamics.statorResistance>0</cim:RotatingMachineDynamics.statorResistance>
    <cim:SynchronousMachineDetailed.efdBaseRatio>1</cim:SynchronousMachineDetailed.efdBaseRatio>
    <cim:SynchronousMachineDetailed.ifdBaseType rdf:resource="http://iec.ch/TC57/2013/CIM-schema-cim16#IfdBaseKind.ifag" />
    <cim:SynchronousMachineDynamics.SynchronousMachine rdf:resource="#_0fa1c9b3-f087-4fd5-bce9-ba0329cd9f29" />
    <cim:SynchronousMachineTimeConstantReactance.ks>0</cim:SynchronousMachineTimeConstantReactance.ks>
    <cim:SynchronousMachineTimeConstantReactance.modelType rdf:resource="http://iec.ch/TC57/2013/CIM-schema-cim16#SynchronousMachineModelKind.subtransient" />
    <cim:SynchronousMachineTimeConstantReactance.rotorType rdf:resource="http://iec.ch/TC57/2013/CIM-schema-cim16#RotorKind.roundRotor" />
    <cim:SynchronousMachineTimeConstantReactance.tc>0</cim:SynchronousMachineTimeConstantReactance.tc>
    <cim:SynchronousMachineTimeConstantReactance.tpdo>6.56</cim:SynchronousMachineTimeConstantReactance.tpdo>
    <cim:SynchronousMachineTimeConstantReactance.tppdo>0.05</cim:SynchronousMachineTimeConstantReactance.tppdo>
    <cim:SynchronousMachineTimeConstantReactance.tppqo>0.035</cim:SynchronousMachineTimeConstantReactance.tppqo>
    <cim:SynchronousMachineTimeConstantReactance.tpqo>1.5</cim:SynchronousMachineTimeConstantReactance.tpqo>
    <cim:SynchronousMachineTimeConstantReactance.xDirectSubtrans>0.35</cim:SynchronousMachineTimeConstantReactance.xDirectSubtrans>
    <cim:SynchronousMachineTimeConstantReactance.xDirectSync>2.065</cim:SynchronousMachineTimeConstantReactance.xDirectSync>
    <cim:SynchronousMachineTimeConstantReactance.xDirectTrans>0.4879</cim:SynchronousMachineTimeConstantReactance.xDirectTrans>
    <cim:SynchronousMachineTimeConstantReactance.xQuadSubtrans>0.35</cim:SynchronousMachineTimeConstantReactance.xQuadSubtrans>
    <cim:SynchronousMachineTimeConstantReactance.xQuadSync>1.974</cim:SynchronousMachineTimeConstantReactance.xQuadSync>
    <cim:SynchronousMachineTimeConstantReactance.xQuadTrans>1.19</cim:SynchronousMachineTimeConstantReactance.xQuadTrans>
  </cim:SynchronousMachineTimeConstantReactance>
</rdf:RDF>