<?xml version="1.0" encoding="UTF-8"?>
<!-- Created with PowerFactory 2025 SP2 (x64) (digcimdb.dll ServicePack 0) -->
<rdf:RDF xmlns:cim="http://iec.ch/TC57/2013/CIM-schema-cim16#" xmlns:entsoe="http://entsoe.eu/CIM/SchemaExtension/3/1#" xmlns:md="http://iec.ch/TC57/61970-552/ModelDescription/1#" xmlns:rdf="http://www.w3.org/1999/02/22-rdf-syntax-ns#">
  <md:FullModel rdf:about="urn:uuid:76dcc59b-a6eb-4c50-8a62-e6e54ab9a3ce">
    <md:Model.DependentOn rdf:resource="urn:uuid:28453ccb-30e0-44a5-823b-7d0e8169575e" />
    <md:Model.created>2025-07-10T14:29:37Z</md:Model.created>
    <md:Model.description />
    <md:Model.modelingAuthoritySet>unset</md:Model.modelingAuthoritySet>
    <md:Model.profile>http://entsoe.eu/CIM/SteadyStateHypothesis/1/1</md:Model.profile>
    <md:Model.scenarioTime>2014-05-28T08:00:00Z</md:Model.scenarioTime>
    <md:Model.version />
  </md:FullModel>
  <cim:Terminal rdf:about="#_0f1d41a5-93ed-577d-5aab-abccb501c0f5">
    <cim:ACDCTerminal.connected>true</cim:ACDCTerminal.connected>
  </cim:Terminal>
  <cim:Terminal rdf:about="#_dbee34af-53a9-b759-5ff7-bcb2baed5fef">
    <cim:ACDCTerminal.connected>true</cim:ACDCTerminal.connected>
  </cim:Terminal>
  <cim:Terminal rdf:about="#_72ee102e-b374-7478-1357-f2adfc256c5a">
    <cim:ACDCTerminal.connected>true</cim:ACDCTerminal.connected>
  </cim:Terminal>
  <cim:Terminal rdf:about="#_ffce7fa7-54d2-8e9d-b6f9-06883cf0c0ac">
    <cim:ACDCTerminal.connected>true</cim:ACDCTerminal.connected>
  </cim:Terminal>
  <cim:Terminal rdf:about="#_7e4f79e3-b4ff-2010-3eb3-efa0ba8c5b54">
    <cim:ACDCTerminal.connected>true</cim:ACDCTerminal.connected>
  </cim:Terminal>
  <cim:Terminal rdf:about="#_c54b9b28-924c-5e97-c7f0-a07466de1b7a">
    <cim:ACDCTerminal.connected>true</cim:ACDCTerminal.connected>
  </cim:Terminal>
  <cim:Terminal rdf:about="#_02c1d0b2-7319-f099-88ce-7cf8cdc2242d">
    <cim:ACDCTerminal.connected>true</cim:ACDCTerminal.connected>
  </cim:Terminal>
  <cim:Terminal rdf:about="#_98ae743a-2492-c40e-79ac-29d21b73386c">
    <cim:ACDCTerminal.connected>true</cim:ACDCTerminal.connected>
  </cim:Terminal>
  <cim:Terminal rdf:about="#_4c6d802a-ff91-8192-34b8-09ed1932e736">
    <cim:ACDCTerminal.connected>true</cim:ACDCTerminal.connected>
  </cim:Terminal>
  <cim:Terminal rdf:about="#_575f3417-82fc-9af9-7ef5-278428a9fd9f">
    <cim:ACDCTerminal.connected>true</cim:ACDCTerminal.connected>
  </cim:Terminal>
  <cim:Terminal rdf:about="#_444e6e23-2abd-b104-3824-c29edc0833aa">
    <cim:ACDCTerminal.connected>true</cim:ACDCTerminal.connected>
  </cim:Terminal>
  <cim:Terminal rdf:about="#_ea90d54a-f39a-f804-cd4e-9f4b2c227848">
    <cim:ACDCTerminal.connected>true</cim:ACDCTerminal.connected>
  </cim:Terminal>
  <cim:Terminal rdf:about="#_41115481-689f-872b-58e6-7ee268105bf6">
    <cim:ACDCTerminal.connected>true</cim:ACDCTerminal.connected>
  </cim:Terminal>
  <cim:Terminal rdf:about="#_ae3c6a54-54d9-6ed9-d36d-9d9664171fd4">
    <cim:ACDCTerminal.connected>true</cim:ACDCTerminal.connected>
  </cim:Terminal>
  <cim:Terminal rdf:about="#_c2c25949-29f1-ad82-453d-602890193969">
    <cim:ACDCTerminal.connected>true</cim:ACDCTerminal.connected>
  </cim:Terminal>
  <cim:Terminal rdf:about="#_fd4a88df-2fd5-aaf0-8bd1-0f95e582555c">
    <cim:ACDCTerminal.connected>true</cim:ACDCTerminal.connected>
  </cim:Terminal>
  <cim:Terminal rdf:about="#_19f871e3-f501-2511-1199-d83989ebf80d">
    <cim:ACDCTerminal.connected>true</cim:ACDCTerminal.connected>
  </cim:Terminal>
  <cim:Terminal rdf:about="#_bc926689-09a9-4c85-3ea7-a075eba04377">
    <cim:ACDCTerminal.connected>true</cim:ACDCTerminal.connected>
  </cim:Terminal>
  <cim:Terminal rdf:about="#_be23ddd7-2c27-2901-0807-f8bcbbd90ea0">
    <cim:ACDCTerminal.connected>true</cim:ACDCTerminal.connected>
  </cim:Terminal>
  <cim:Terminal rdf:about="#_53814963-1b78-8e6c-78dc-5c306e40c962">
    <cim:ACDCTerminal.connected>true</cim:ACDCTerminal.connected>
  </cim:Terminal>
  <cim:Terminal rdf:about="#_44896a11-77a0-c25c-b8eb-636abe652680">
    <cim:ACDCTerminal.connected>true</cim:ACDCTerminal.connected>
  </cim:Terminal>
  <cim:Terminal rdf:about="#_de3f0001-75f0-7816-87de-3e24aa3bf227">
    <cim:ACDCTerminal.connected>true</cim:ACDCTerminal.connected>
  </cim:Terminal>
  <cim:Terminal rdf:about="#_64888d65-4c23-c65e-682e-b546eb3cf81a">
    <cim:ACDCTerminal.connected>true</cim:ACDCTerminal.connected>
  </cim:Terminal>
  <cim:Terminal rdf:about="#_0d755c17-6ee7-39c5-b1ad-82cfb45c814c">
    <cim:ACDCTerminal.connected>true</cim:ACDCTerminal.connected>
  </cim:Terminal>
  <cim:Terminal rdf:about="#_07cb66ee-1045-240d-e42d-964b00cd4377">
    <cim:ACDCTerminal.connected>true</cim:ACDCTerminal.connected>
  </cim:Terminal>
  <cim:Terminal rdf:about="#_1c770a1e-7371-6467-1174-a1aa95da3a14">
    <cim:ACDCTerminal.connected>true</cim:ACDCTerminal.connected>
  </cim:Terminal>
  <cim:Terminal rdf:about="#_c1ce927f-5264-153e-909a-2dceb97ca7e5">
    <cim:ACDCTerminal.connected>true</cim:ACDCTerminal.connected>
  </cim:Terminal>
  <cim:Terminal rdf:about="#_443bbcdd-60c3-2470-26d9-8893b2b1b010">
    <cim:ACDCTerminal.connected>true</cim:ACDCTerminal.connected>
  </cim:Terminal>
  <cim:Terminal rdf:about="#_5e5be693-b018-d6b3-4e3b-0686c84a71f8">
    <cim:ACDCTerminal.connected>true</cim:ACDCTerminal.connected>
  </cim:Terminal>
  <cim:Terminal rdf:about="#_87e0c908-0433-f48d-29ff-48dcd7f78a29">
    <cim:ACDCTerminal.connected>true</cim:ACDCTerminal.connected>
  </cim:Terminal>
  <cim:Terminal rdf:about="#_1eb1d13d-76bc-ee59-52d3-f58300a0506c">
    <cim:ACDCTerminal.connected>true</cim:ACDCTerminal.connected>
  </cim:Terminal>
  <cim:Terminal rdf:about="#_1c3c0c9f-c653-1d3d-0789-743bedfdc606">
    <cim:ACDCTerminal.connected>true</cim:ACDCTerminal.connected>
  </cim:Terminal>
  <cim:Terminal rdf:about="#_f5ee4113-4bd3-03a9-6518-f7755614372f">
    <cim:ACDCTerminal.connected>true</cim:ACDCTerminal.connected>
  </cim:Terminal>
  <cim:Terminal rdf:about="#_6df97a22-7747-87f8-5e84-55e840af930c">
    <cim:ACDCTerminal.connected>true</cim:ACDCTerminal.connected>
  </cim:Terminal>
  <cim:Terminal rdf:about="#_b1f84993-8aac-57ce-c807-a64408cfa264">
    <cim:ACDCTerminal.connected>true</cim:ACDCTerminal.connected>
  </cim:Terminal>
  <cim:Terminal rdf:about="#_39af1353-3bb1-a53c-c3c2-f9dd13cbe82e">
    <cim:ACDCTerminal.connected>true</cim:ACDCTerminal.connected>
  </cim:Terminal>
  <cim:Terminal rdf:about="#_17b5db5a-a623-5b08-a4ab-604c1423e5e9">
    <cim:ACDCTerminal.connected>true</cim:ACDCTerminal.connected>
  </cim:Terminal>
  <cim:Terminal rdf:about="#_4c230ef0-fd78-71d4-ee09-6b246ada2fa4">
    <cim:ACDCTerminal.connected>true</cim:ACDCTerminal.connected>
  </cim:Terminal>
  <cim:Terminal rdf:about="#_31b5ccab-e569-0e99-f43f-67c6dc2f45b7">
    <cim:ACDCTerminal.connected>true</cim:ACDCTerminal.connected>
  </cim:Terminal>
  <cim:Terminal rdf:about="#_840989c3-d0c3-4c16-60a5-f915305a5a51">
    <cim:ACDCTerminal.connected>true</cim:ACDCTerminal.connected>
  </cim:Terminal>
  <cim:Terminal rdf:about="#_3e83fe30-d9b2-2d75-f72e-363bc30d231f">
    <cim:ACDCTerminal.connected>true</cim:ACDCTerminal.connected>
  </cim:Terminal>
  <cim:Terminal rdf:about="#_0d91718d-54a5-2628-a9fa-90d3e3a68aae">
    <cim:ACDCTerminal.connected>true</cim:ACDCTerminal.connected>
  </cim:Terminal>
  <cim:Terminal rdf:about="#_51948708-21c0-32a3-57ab-0089bc66d01a">
    <cim:ACDCTerminal.connected>true</cim:ACDCTerminal.connected>
  </cim:Terminal>
  <cim:Terminal rdf:about="#_290fc1e2-3269-721c-3090-232fb0146308">
    <cim:ACDCTerminal.connected>true</cim:ACDCTerminal.connected>
  </cim:Terminal>
  <cim:Terminal rdf:about="#_1801a80c-283b-d144-1cf7-23c1991ed3b9">
    <cim:ACDCTerminal.connected>true</cim:ACDCTerminal.connected>
  </cim:Terminal>
  <cim:Terminal rdf:about="#_5bb3ff98-bca2-62d7-e4b3-147835378115">
    <cim:ACDCTerminal.connected>true</cim:ACDCTerminal.connected>
  </cim:Terminal>
  <cim:Terminal rdf:about="#_34af1d60-e8c9-6d71-5590-ae3b94199f85">
    <cim:ACDCTerminal.connected>true</cim:ACDCTerminal.connected>
  </cim:Terminal>
  <cim:Terminal rdf:about="#_b444741c-1287-2651-9d26-63f92d6d50d5">
    <cim:ACDCTerminal.connected>true</cim:ACDCTerminal.connected>
  </cim:Terminal>
  <cim:Terminal rdf:about="#_06dadcb4-a8a8-946c-9ed1-b43dd6f6e44b">
    <cim:ACDCTerminal.connected>true</cim:ACDCTerminal.connected>
  </cim:Terminal>
  <cim:Terminal rdf:about="#_4ad87f37-4868-cc81-871d-b070edd09789">
    <cim:ACDCTerminal.connected>true</cim:ACDCTerminal.connected>
  </cim:Terminal>
  <cim:Terminal rdf:about="#_cc2df73e-e2a5-8f84-064f-4668f4e0eb7d">
    <cim:ACDCTerminal.connected>true</cim:ACDCTerminal.connected>
  </cim:Terminal>
  <cim:Terminal rdf:about="#_0599dfa5-3fdf-5e89-9021-e4124103d5f5">
    <cim:ACDCTerminal.connected>true</cim:ACDCTerminal.connected>
  </cim:Terminal>
  <cim:Terminal rdf:about="#_d596890b-9b29-51a1-90b3-ac84f7ad6b4e">
    <cim:ACDCTerminal.connected>true</cim:ACDCTerminal.connected>
  </cim:Terminal>
  <cim:Terminal rdf:about="#_d43e1c1d-837b-498c-8f0e-5b855b8f2a50">
    <cim:ACDCTerminal.connected>true</cim:ACDCTerminal.connected>
  </cim:Terminal>
  <cim:Terminal rdf:about="#_3675b706-bc57-1ad7-15fe-9834d9460a16">
    <cim:ACDCTerminal.connected>true</cim:ACDCTerminal.connected>
  </cim:Terminal>
  <cim:Terminal rdf:about="#_2acedcad-e2ff-1bec-7b71-71f0d547a4c0">
    <cim:ACDCTerminal.connected>true</cim:ACDCTerminal.connected>
  </cim:Terminal>
  <cim:Terminal rdf:about="#_2d900d94-44a2-3cd5-5f52-f265b072e6d3">
    <cim:ACDCTerminal.connected>true</cim:ACDCTerminal.connected>
  </cim:Terminal>
  <cim:Terminal rdf:about="#_2ecc4c6d-c7d8-00fd-4bb2-29690a8f6b96">
    <cim:ACDCTerminal.connected>true</cim:ACDCTerminal.connected>
  </cim:Terminal>
  <cim:Terminal rdf:about="#_1ba43d70-1358-feec-640e-34d9833fdad0">
    <cim:ACDCTerminal.connected>true</cim:ACDCTerminal.connected>
  </cim:Terminal>
  <cim:Terminal rdf:about="#_54f9ce95-5b10-1757-fe69-d3ebe7ccd2ff">
    <cim:ACDCTerminal.connected>true</cim:ACDCTerminal.connected>
  </cim:Terminal>
  <cim:Terminal rdf:about="#_33a4eb13-52fb-ba7f-5759-8e4fd11716c9">
    <cim:ACDCTerminal.connected>true</cim:ACDCTerminal.connected>
  </cim:Terminal>
  <cim:Terminal rdf:about="#_70f58963-e60b-d474-e945-099dbd6d9997">
    <cim:ACDCTerminal.connected>true</cim:ACDCTerminal.connected>
  </cim:Terminal>
  <cim:Terminal rdf:about="#_1372a50c-e0d5-d79e-56f8-bf49d80c240c">
    <cim:ACDCTerminal.connected>true</cim:ACDCTerminal.connected>
  </cim:Terminal>
  <cim:Terminal rdf:about="#_3bbbd5a8-4e83-1e14-0545-eb71aab6f57d">
    <cim:ACDCTerminal.connected>true</cim:ACDCTerminal.connected>
  </cim:Terminal>
  <cim:Terminal rdf:about="#_1887721d-9b42-0991-5f70-8cca7566af0d">
    <cim:ACDCTerminal.connected>true</cim:ACDCTerminal.connected>
  </cim:Terminal>
  <cim:Terminal rdf:about="#_508e7791-9fc6-fc7e-5d62-7c6c3669e591">
    <cim:ACDCTerminal.connected>true</cim:ACDCTerminal.connected>
  </cim:Terminal>
  <cim:Terminal rdf:about="#_562811e1-8aa7-3746-8e9b-4cf674b08d63">
    <cim:ACDCTerminal.connected>true</cim:ACDCTerminal.connected>
  </cim:Terminal>
  <cim:Terminal rdf:about="#_368013c7-ba74-e861-15d0-fe23dd34324f">
    <cim:ACDCTerminal.connected>true</cim:ACDCTerminal.connected>
  </cim:Terminal>
  <cim:Terminal rdf:about="#_a703fccf-3ae8-a8c3-83af-56662ad24d8b">
    <cim:ACDCTerminal.connected>true</cim:ACDCTerminal.connected>
  </cim:Terminal>
  <cim:Terminal rdf:about="#_a86ca22f-c615-6b0e-62d8-5e57874bed4c">
    <cim:ACDCTerminal.connected>true</cim:ACDCTerminal.connected>
  </cim:Terminal>
  <cim:Terminal rdf:about="#_9f081652-2521-4c0b-b982-9a3e7645cb26">
    <cim:ACDCTerminal.connected>true</cim:ACDCTerminal.connected>
  </cim:Terminal>
  <cim:Terminal rdf:about="#_a61f4681-024a-3595-cdfb-ff9704689ed2">
    <cim:ACDCTerminal.connected>true</cim:ACDCTerminal.connected>
  </cim:Terminal>
  <cim:Terminal rdf:about="#_3fda3828-1be8-5353-8469-1373d0020477">
    <cim:ACDCTerminal.connected>true</cim:ACDCTerminal.connected>
  </cim:Terminal>
  <cim:Terminal rdf:about="#_2d9f48a6-e064-0ad7-e6b9-780cf1148120">
    <cim:ACDCTerminal.connected>true</cim:ACDCTerminal.connected>
  </cim:Terminal>
  <cim:Terminal rdf:about="#_ffc23621-a5fc-0ebe-1fc9-12aa4da4b0af">
    <cim:ACDCTerminal.connected>true</cim:ACDCTerminal.connected>
  </cim:Terminal>
  <cim:Terminal rdf:about="#_909cf70e-a0e2-acad-6224-51ba6b67b1e9">
    <cim:ACDCTerminal.connected>true</cim:ACDCTerminal.connected>
  </cim:Terminal>
  <cim:Terminal rdf:about="#_954c9535-0b51-1d6a-6556-0b32a38a9e12">
    <cim:ACDCTerminal.connected>true</cim:ACDCTerminal.connected>
  </cim:Terminal>
  <cim:Terminal rdf:about="#_18a42a65-8178-f60e-103b-61a873506ce3">
    <cim:ACDCTerminal.connected>true</cim:ACDCTerminal.connected>
  </cim:Terminal>
  <cim:Terminal rdf:about="#_49dd4728-c4bb-9cf5-f700-9130e0cea611">
    <cim:ACDCTerminal.connected>true</cim:ACDCTerminal.connected>
  </cim:Terminal>
  <cim:Terminal rdf:about="#_07cb04eb-8e8d-1d24-8cc3-953edc52da0e">
    <cim:ACDCTerminal.connected>true</cim:ACDCTerminal.connected>
  </cim:Terminal>
  <cim:Terminal rdf:about="#_82904395-744a-332a-f920-3689b6542159">
    <cim:ACDCTerminal.connected>true</cim:ACDCTerminal.connected>
  </cim:Terminal>
  <cim:Terminal rdf:about="#_5f9f8ad0-3357-f625-cbc4-5fde57871cdc">
    <cim:ACDCTerminal.connected>true</cim:ACDCTerminal.connected>
  </cim:Terminal>
  <cim:Terminal rdf:about="#_9f02ccb9-c10a-7098-852f-02b0d45fd72a">
    <cim:ACDCTerminal.connected>true</cim:ACDCTerminal.connected>
  </cim:Terminal>
  <cim:Terminal rdf:about="#_72cf7622-8baa-409c-1fc6-b6610649fd13">
    <cim:ACDCTerminal.connected>true</cim:ACDCTerminal.connected>
  </cim:Terminal>
  <cim:Terminal rdf:about="#_85e18e4c-d655-bd32-7a73-7d15b270bf65">
    <cim:ACDCTerminal.connected>true</cim:ACDCTerminal.connected>
  </cim:Terminal>
  <cim:Terminal rdf:about="#_7bfc571b-794c-37a3-de04-7f2d724bcec2">
    <cim:ACDCTerminal.connected>true</cim:ACDCTerminal.connected>
  </cim:Terminal>
  <cim:Terminal rdf:about="#_1d26d3be-168a-ec4f-2ce4-408d87cb9599">
    <cim:ACDCTerminal.connected>true</cim:ACDCTerminal.connected>
  </cim:Terminal>
  <cim:Terminal rdf:about="#_6a0484c2-ca73-cd07-97cf-4eb61faf4099">
    <cim:ACDCTerminal.connected>true</cim:ACDCTerminal.connected>
  </cim:Terminal>
  <cim:Terminal rdf:about="#_a7575430-0953-579b-d670-bd4be73e15c8">
    <cim:ACDCTerminal.connected>true</cim:ACDCTerminal.connected>
  </cim:Terminal>
  <cim:Terminal rdf:about="#_b42781c2-de5e-f0e0-7345-825158ba8a82">
    <cim:ACDCTerminal.connected>true</cim:ACDCTerminal.connected>
  </cim:Terminal>
  <cim:Terminal rdf:about="#_4d917161-d12a-b25d-e088-a59e66271ec7">
    <cim:ACDCTerminal.connected>true</cim:ACDCTerminal.connected>
  </cim:Terminal>
  <cim:Terminal rdf:about="#_c69ada47-0c73-51e8-db18-7490846384a1">
    <cim:ACDCTerminal.connected>true</cim:ACDCTerminal.connected>
  </cim:Terminal>
  <cim:Terminal rdf:about="#_59ba2e14-dc8c-066d-1a7f-be96be84f8fe">
    <cim:ACDCTerminal.connected>true</cim:ACDCTerminal.connected>
  </cim:Terminal>
  <cim:Terminal rdf:about="#_c0d745d5-f52c-d4be-63fa-c550c7a8473e">
    <cim:ACDCTerminal.connected>true</cim:ACDCTerminal.connected>
  </cim:Terminal>
  <cim:Terminal rdf:about="#_7856ac43-ea99-b2a4-68c4-26c588402d99">
    <cim:ACDCTerminal.connected>true</cim:ACDCTerminal.connected>
  </cim:Terminal>
  <cim:Terminal rdf:about="#_84bae21f-cbb0-cfc8-39f1-f7b561b93837">
    <cim:ACDCTerminal.connected>true</cim:ACDCTerminal.connected>
  </cim:Terminal>
  <cim:Terminal rdf:about="#_a230d499-2377-55ec-ca29-429163cc63ec">
    <cim:ACDCTerminal.connected>true</cim:ACDCTerminal.connected>
  </cim:Terminal>
  <cim:Terminal rdf:about="#_7032db28-059e-e02c-8b1e-1ec52f0e2094">
    <cim:ACDCTerminal.connected>true</cim:ACDCTerminal.connected>
  </cim:Terminal>
  <cim:Terminal rdf:about="#_63c159ce-989c-af9e-5691-fc5acb42cf31">
    <cim:ACDCTerminal.connected>true</cim:ACDCTerminal.connected>
  </cim:Terminal>
  <cim:Terminal rdf:about="#_b3dedecb-baec-1a02-66e6-c9e907100523">
    <cim:ACDCTerminal.connected>true</cim:ACDCTerminal.connected>
  </cim:Terminal>
  <cim:Terminal rdf:about="#_a7108e97-6bc6-d522-9fbe-1165e54aa3cd">
    <cim:ACDCTerminal.connected>true</cim:ACDCTerminal.connected>
  </cim:Terminal>
  <cim:Terminal rdf:about="#_c3561a67-74d5-ae0b-5bbf-5aca75561c55">
    <cim:ACDCTerminal.connected>true</cim:ACDCTerminal.connected>
  </cim:Terminal>
  <cim:Terminal rdf:about="#_bc582622-9f6c-9971-d1e2-fc16eb889831">
    <cim:ACDCTerminal.connected>true</cim:ACDCTerminal.connected>
  </cim:Terminal>
  <cim:Terminal rdf:about="#_4d129f09-10c7-3ff1-c247-fb88830f2db1">
    <cim:ACDCTerminal.connected>true</cim:ACDCTerminal.connected>
  </cim:Terminal>
  <cim:Terminal rdf:about="#_d1244b23-c3bc-2d13-8243-edc39006e242">
    <cim:ACDCTerminal.connected>true</cim:ACDCTerminal.connected>
  </cim:Terminal>
  <cim:Terminal rdf:about="#_c38f7665-3c3e-ccac-884b-a4554d99c29f">
    <cim:ACDCTerminal.connected>true</cim:ACDCTerminal.connected>
  </cim:Terminal>
  <cim:Terminal rdf:about="#_db7e423b-d5b8-39b2-e327-5516ab340201">
    <cim:ACDCTerminal.connected>true</cim:ACDCTerminal.connected>
  </cim:Terminal>
  <cim:Terminal rdf:about="#_94714fe5-588e-8429-e23f-d914633617e4">
    <cim:ACDCTerminal.connected>true</cim:ACDCTerminal.connected>
  </cim:Terminal>
  <cim:Terminal rdf:about="#_7ab307c8-d853-c7ae-eaed-e12f15036f0c">
    <cim:ACDCTerminal.connected>true</cim:ACDCTerminal.connected>
  </cim:Terminal>
  <cim:Terminal rdf:about="#_c773377a-1e0e-0630-0bad-a798bd59a50b">
    <cim:ACDCTerminal.connected>true</cim:ACDCTerminal.connected>
  </cim:Terminal>
  <cim:Terminal rdf:about="#_d3c8037e-70c6-657b-300c-00269d26ca3a">
    <cim:ACDCTerminal.connected>true</cim:ACDCTerminal.connected>
  </cim:Terminal>
  <cim:Terminal rdf:about="#_ba67c6ae-a5e0-d1cb-e480-0d25a9d455ca">
    <cim:ACDCTerminal.connected>true</cim:ACDCTerminal.connected>
  </cim:Terminal>
  <cim:Terminal rdf:about="#_bac00a9c-c26d-6f6a-7e29-c17270ce0ad3">
    <cim:ACDCTerminal.connected>true</cim:ACDCTerminal.connected>
  </cim:Terminal>
  <cim:Terminal rdf:about="#_60da9d3a-698b-c81e-aefd-eb530f806cca">
    <cim:ACDCTerminal.connected>true</cim:ACDCTerminal.connected>
  </cim:Terminal>
  <cim:Terminal rdf:about="#_4857ea7f-fd7c-4536-24e4-4a868589a457">
    <cim:ACDCTerminal.connected>true</cim:ACDCTerminal.connected>
  </cim:Terminal>
  <cim:Terminal rdf:about="#_648a0a61-108a-679f-9b41-4fabe6aec415">
    <cim:ACDCTerminal.connected>true</cim:ACDCTerminal.connected>
  </cim:Terminal>
  <cim:Terminal rdf:about="#_dd31cb4a-e4f0-61d7-4ede-64d73e7b9712">
    <cim:ACDCTerminal.connected>true</cim:ACDCTerminal.connected>
  </cim:Terminal>
  <cim:Terminal rdf:about="#_6fb3633e-f206-0413-5d7c-8dd7f1963e72">
    <cim:ACDCTerminal.connected>true</cim:ACDCTerminal.connected>
  </cim:Terminal>
  <cim:Terminal rdf:about="#_efa23b40-b159-a036-a903-77ba918ccea7">
    <cim:ACDCTerminal.connected>true</cim:ACDCTerminal.connected>
  </cim:Terminal>
  <cim:Terminal rdf:about="#_fab97db2-cddb-11b9-04cf-804240920324">
    <cim:ACDCTerminal.connected>true</cim:ACDCTerminal.connected>
  </cim:Terminal>
  <cim:Terminal rdf:about="#_e056fc07-b250-8493-debc-b847546b0c1d">
    <cim:ACDCTerminal.connected>true</cim:ACDCTerminal.connected>
  </cim:Terminal>
  <cim:Terminal rdf:about="#_f1ca802c-8561-9342-999f-880745aa4fcc">
    <cim:ACDCTerminal.connected>true</cim:ACDCTerminal.connected>
  </cim:Terminal>
  <cim:Terminal rdf:about="#_fb318201-e97e-f6ab-e5f1-46abfb1cfb60">
    <cim:ACDCTerminal.connected>true</cim:ACDCTerminal.connected>
  </cim:Terminal>
  <cim:Terminal rdf:about="#_aefa092b-7f3e-d9fc-55b2-1b76f22f5a77">
    <cim:ACDCTerminal.connected>true</cim:ACDCTerminal.connected>
  </cim:Terminal>
  <cim:Terminal rdf:about="#_c24bda82-51a0-b2e6-9896-2bd24c7c7904">
    <cim:ACDCTerminal.connected>true</cim:ACDCTerminal.connected>
  </cim:Terminal>
  <cim:Terminal rdf:about="#_87d110de-378c-fe57-499a-d3c032d15d99">
    <cim:ACDCTerminal.connected>true</cim:ACDCTerminal.connected>
  </cim:Terminal>
  <cim:Terminal rdf:about="#_e2b460c4-e786-2f0f-5b70-12b79529ccc3">
    <cim:ACDCTerminal.connected>true</cim:ACDCTerminal.connected>
  </cim:Terminal>
  <cim:Terminal rdf:about="#_e80353e2-1577-c68d-ce90-a2c020aa45cc">
    <cim:ACDCTerminal.connected>true</cim:ACDCTerminal.connected>
  </cim:Terminal>
  <cim:Terminal rdf:about="#_ae641c6c-df1d-ffd8-ddb3-2b80cdf53189">
    <cim:ACDCTerminal.connected>true</cim:ACDCTerminal.connected>
  </cim:Terminal>
  <cim:Terminal rdf:about="#_d80f41ee-5f0c-3b84-67a3-523e6a2516d5">
    <cim:ACDCTerminal.connected>true</cim:ACDCTerminal.connected>
  </cim:Terminal>
  <cim:Terminal rdf:about="#_74fe680f-5199-d124-119e-0fb5b130b362">
    <cim:ACDCTerminal.connected>true</cim:ACDCTerminal.connected>
  </cim:Terminal>
  <cim:Terminal rdf:about="#_77bb2697-1c8a-b792-fd7a-06a36fc8df46">
    <cim:ACDCTerminal.connected>true</cim:ACDCTerminal.connected>
  </cim:Terminal>
  <cim:Terminal rdf:about="#_70d7fed0-acd6-6457-1ab2-babf493ee327">
    <cim:ACDCTerminal.connected>true</cim:ACDCTerminal.connected>
  </cim:Terminal>
  <cim:Terminal rdf:about="#_6c599b39-4f70-44ea-d9b0-7623ba47dcbb">
    <cim:ACDCTerminal.connected>true</cim:ACDCTerminal.connected>
  </cim:Terminal>
  <cim:Terminal rdf:about="#_e9a97614-e0aa-c801-81e7-5c97266f88de">
    <cim:ACDCTerminal.connected>true</cim:ACDCTerminal.connected>
  </cim:Terminal>
  <cim:Terminal rdf:about="#_eb7562e2-9eda-4e4e-a399-c1a21ce23a28">
    <cim:ACDCTerminal.connected>true</cim:ACDCTerminal.connected>
  </cim:Terminal>
  <cim:Terminal rdf:about="#_f4a92159-3088-678d-e07c-f2b7095d81e0">
    <cim:ACDCTerminal.connected>true</cim:ACDCTerminal.connected>
  </cim:Terminal>
  <cim:Terminal rdf:about="#_92a36249-5354-e446-db08-7961ea04d89d">
    <cim:ACDCTerminal.connected>true</cim:ACDCTerminal.connected>
  </cim:Terminal>
  <cim:Terminal rdf:about="#_b50eac98-640e-deaa-b0e0-7c6a9c05c856">
    <cim:ACDCTerminal.connected>true</cim:ACDCTerminal.connected>
  </cim:Terminal>
  <cim:Terminal rdf:about="#_75d44e92-e0e5-38cd-a6f5-d57416071df0">
    <cim:ACDCTerminal.connected>true</cim:ACDCTerminal.connected>
  </cim:Terminal>
  <cim:Terminal rdf:about="#_ab3847d0-f2ef-e183-0a91-f8c10e809c15">
    <cim:ACDCTerminal.connected>true</cim:ACDCTerminal.connected>
  </cim:Terminal>
  <cim:Terminal rdf:about="#_f852eb75-7eb1-18de-2c7b-c7b844d9a5a2">
    <cim:ACDCTerminal.connected>true</cim:ACDCTerminal.connected>
  </cim:Terminal>
  <cim:Terminal rdf:about="#_b0d004e3-b310-fcc7-8d62-9418bd9fac8d">
    <cim:ACDCTerminal.connected>true</cim:ACDCTerminal.connected>
  </cim:Terminal>
  <cim:Terminal rdf:about="#_d78ce246-f596-b664-b2ae-3c61ca9367b0">
    <cim:ACDCTerminal.connected>true</cim:ACDCTerminal.connected>
  </cim:Terminal>
  <cim:Terminal rdf:about="#_a8f056fa-32fc-c783-7df3-9df2af82a359">
    <cim:ACDCTerminal.connected>true</cim:ACDCTerminal.connected>
  </cim:Terminal>
  <cim:Terminal rdf:about="#_4833a939-3f26-7541-e7b0-f4b0f6068e99">
    <cim:ACDCTerminal.connected>true</cim:ACDCTerminal.connected>
  </cim:Terminal>
  <cim:Terminal rdf:about="#_ba92ea5a-4644-f837-3616-8b54279d3d69">
    <cim:ACDCTerminal.connected>true</cim:ACDCTerminal.connected>
  </cim:Terminal>
  <cim:Terminal rdf:about="#_70977588-1dc9-d8b4-6858-e3aad93bbcbf">
    <cim:ACDCTerminal.connected>true</cim:ACDCTerminal.connected>
  </cim:Terminal>
  <cim:Terminal rdf:about="#_0cb20540-a408-777a-a7c5-8524a1420619">
    <cim:ACDCTerminal.connected>true</cim:ACDCTerminal.connected>
  </cim:Terminal>
  <cim:Terminal rdf:about="#_d3daf75e-be34-239d-0b6a-970fd8c7f523">
    <cim:ACDCTerminal.connected>true</cim:ACDCTerminal.connected>
  </cim:Terminal>
  <cim:Terminal rdf:about="#_21d3320a-b059-3ae6-17d7-de73e2fa60fa">
    <cim:ACDCTerminal.connected>true</cim:ACDCTerminal.connected>
  </cim:Terminal>
  <cim:Terminal rdf:about="#_ef58fb7a-52ae-e2fd-4071-d7ef73f276c1">
    <cim:ACDCTerminal.connected>true</cim:ACDCTerminal.connected>
  </cim:Terminal>
  <cim:Terminal rdf:about="#_cf9ea320-c3bb-24cb-3726-2de5a8193b78">
    <cim:ACDCTerminal.connected>true</cim:ACDCTerminal.connected>
  </cim:Terminal>
  <cim:Terminal rdf:about="#_6f16ad28-0184-c687-eece-bb5d35cef952">
    <cim:ACDCTerminal.connected>true</cim:ACDCTerminal.connected>
  </cim:Terminal>
  <cim:Terminal rdf:about="#_1cb5fe8d-6878-4548-1df0-7af718036d81">
    <cim:ACDCTerminal.connected>true</cim:ACDCTerminal.connected>
  </cim:Terminal>
  <cim:Terminal rdf:about="#_88d57e9a-7c09-1e19-69bb-03dc4742ea01">
    <cim:ACDCTerminal.connected>true</cim:ACDCTerminal.connected>
  </cim:Terminal>
  <cim:Terminal rdf:about="#_857242e5-d148-f041-be8a-6a709d6ed344">
    <cim:ACDCTerminal.connected>true</cim:ACDCTerminal.connected>
  </cim:Terminal>
  <cim:Terminal rdf:about="#_b8edb46c-8bd6-a5ad-86b2-f48f9b6080cd">
    <cim:ACDCTerminal.connected>true</cim:ACDCTerminal.connected>
  </cim:Terminal>
  <cim:Terminal rdf:about="#_22893a8a-3a35-2d01-42cc-16c9c38072c7">
    <cim:ACDCTerminal.connected>true</cim:ACDCTerminal.connected>
  </cim:Terminal>
  <cim:Terminal rdf:about="#_aee1f8ac-bdb8-21f6-0428-36df088e7007">
    <cim:ACDCTerminal.connected>true</cim:ACDCTerminal.connected>
  </cim:Terminal>
  <cim:NuclearGeneratingUnit rdf:about="#_6e0f593d-ad90-3c3f-0f09-5ed2a5a2f2f9">
    <cim:GeneratingUnit.normalPF>0</cim:GeneratingUnit.normalPF>
  </cim:NuclearGeneratingUnit>
  <cim:NuclearGeneratingUnit rdf:about="#_e18a083b-8f3f-cbb4-2928-cfe51d0f216c">
    <cim:GeneratingUnit.normalPF>0</cim:GeneratingUnit.normalPF>
  </cim:NuclearGeneratingUnit>
  <cim:NuclearGeneratingUnit rdf:about="#_b5603ca9-e11e-f49a-9281-9ba78e285475">
    <cim:GeneratingUnit.normalPF>0</cim:GeneratingUnit.normalPF>
  </cim:NuclearGeneratingUnit>
  <cim:NuclearGeneratingUnit rdf:about="#_c7761979-b065-6b54-6f03-51af354edd54">
    <cim:GeneratingUnit.normalPF>0</cim:GeneratingUnit.normalPF>
  </cim:NuclearGeneratingUnit>
  <cim:NuclearGeneratingUnit rdf:about="#_2220652b-89c1-ddab-ee23-4d19a341a786">
    <cim:GeneratingUnit.normalPF>0</cim:GeneratingUnit.normalPF>
  </cim:NuclearGeneratingUnit>
  <cim:ConformLoad rdf:about="#_05b956a6-3682-4819-924f-a642bddd723e">
    <cim:EnergyConsumer.p>522</cim:EnergyConsumer.p>
    <cim:EnergyConsumer.q>176</cim:EnergyConsumer.q>
  </cim:ConformLoad>
  <cim:ConformLoad rdf:about="#_dc6aef52-7621-479f-9cd2-e89b220e22b2">
    <cim:EnergyConsumer.p>9.2</cim:EnergyConsumer.p>
    <cim:EnergyConsumer.q>4.6</cim:EnergyConsumer.q>
  </cim:ConformLoad>
  <cim:ConformLoad rdf:about="#_84108670-fa2b-4b3a-a721-828294cbb285">
    <cim:EnergyConsumer.p>7.5</cim:EnergyConsumer.p>
    <cim:EnergyConsumer.q>88</cim:EnergyConsumer.q>
  </cim:ConformLoad>
  <cim:ConformLoad rdf:about="#_3471ba5c-1299-489e-bb55-03b47a2781f0">
    <cim:EnergyConsumer.p>139</cim:EnergyConsumer.p>
    <cim:EnergyConsumer.q>17</cim:EnergyConsumer.q>
  </cim:ConformLoad>
  <cim:ConformLoad rdf:about="#_431d5b40-e79f-4181-a05c-763673e20b08">
    <cim:EnergyConsumer.p>281</cim:EnergyConsumer.p>
    <cim:EnergyConsumer.q>75.5</cim:EnergyConsumer.q>
  </cim:ConformLoad>
  <cim:ConformLoad rdf:about="#_604d1986-0a93-4907-a953-02ccaf095410">
    <cim:EnergyConsumer.p>224</cim:EnergyConsumer.p>
    <cim:EnergyConsumer.q>47.2</cim:EnergyConsumer.q>
  </cim:ConformLoad>
  <cim:ConformLoad rdf:about="#_81f4cd6b-a49e-48da-ac9e-06b8448b3849">
    <cim:EnergyConsumer.p>206</cim:EnergyConsumer.p>
    <cim:EnergyConsumer.q>27.6</cim:EnergyConsumer.q>
  </cim:ConformLoad>
  <cim:ConformLoad rdf:about="#_6b2c5192-fada-4fe9-980b-da414fb54be7">
    <cim:EnergyConsumer.p>628</cim:EnergyConsumer.p>
    <cim:EnergyConsumer.q>103</cim:EnergyConsumer.q>
  </cim:ConformLoad>
  <cim:ConformLoad rdf:about="#_b5241e39-c399-4e8e-b898-c7bff4ae2279">
    <cim:EnergyConsumer.p>247.5</cim:EnergyConsumer.p>
    <cim:EnergyConsumer.q>84.6</cim:EnergyConsumer.q>
  </cim:ConformLoad>
  <cim:ConformLoad rdf:about="#_916470b0-3a8b-457c-b88c-66e051bc4dd2">
    <cim:EnergyConsumer.p>158</cim:EnergyConsumer.p>
    <cim:EnergyConsumer.q>30</cim:EnergyConsumer.q>
  </cim:ConformLoad>
  <cim:ConformLoad rdf:about="#_7158a6cb-2af5-4309-89f1-6e689bb0888f">
    <cim:EnergyConsumer.p>274</cim:EnergyConsumer.p>
    <cim:EnergyConsumer.q>115</cim:EnergyConsumer.q>
  </cim:ConformLoad>
  <cim:ConformLoad rdf:about="#_f1d9e896-f4cd-4c20-979c-ba23f68c724e">
    <cim:EnergyConsumer.p>500</cim:EnergyConsumer.p>
    <cim:EnergyConsumer.q>184</cim:EnergyConsumer.q>
  </cim:ConformLoad>
  <cim:ConformLoad rdf:about="#_aef2bcc9-d5b4-4ec7-b644-a9647f6605ab">
    <cim:EnergyConsumer.p>1104</cim:EnergyConsumer.p>
    <cim:EnergyConsumer.q>250</cim:EnergyConsumer.q>
  </cim:ConformLoad>
  <cim:ConformLoad rdf:about="#_bea23d21-843d-4b64-a23d-d196146ec1eb">
    <cim:EnergyConsumer.p>308.6</cim:EnergyConsumer.p>
    <cim:EnergyConsumer.q>-92.2</cim:EnergyConsumer.q>
  </cim:ConformLoad>
  <cim:ConformLoad rdf:about="#_e14098e8-7689-41be-b06b-d40ace2f41a1">
    <cim:EnergyConsumer.p>329</cim:EnergyConsumer.p>
    <cim:EnergyConsumer.q>32.3</cim:EnergyConsumer.q>
  </cim:ConformLoad>
  <cim:ConformLoad rdf:about="#_ce6d6ffc-0020-44ef-bdc0-c32db452450d">
    <cim:EnergyConsumer.p>322</cim:EnergyConsumer.p>
    <cim:EnergyConsumer.q>2.4</cim:EnergyConsumer.q>
  </cim:ConformLoad>
  <cim:ConformLoad rdf:about="#_766b911c-4428-406f-990f-afa9f6b544cb">
    <cim:EnergyConsumer.p>233.8</cim:EnergyConsumer.p>
    <cim:EnergyConsumer.q>84</cim:EnergyConsumer.q>
  </cim:ConformLoad>
  <cim:ConformLoad rdf:about="#_e99acff1-10bc-4c23-9e8b-777965e14d89">
    <cim:EnergyConsumer.p>283.5</cim:EnergyConsumer.p>
    <cim:EnergyConsumer.q>26.9</cim:EnergyConsumer.q>
  </cim:ConformLoad>
  <cim:ConformLoad rdf:about="#_0bbf29b8-9e58-4d40-a76a-15ec23ebdd52">
    <cim:EnergyConsumer.p>320</cim:EnergyConsumer.p>
    <cim:EnergyConsumer.q>153</cim:EnergyConsumer.q>
  </cim:ConformLoad>
  <cim:HydroGeneratingUnit rdf:about="#_33ec9949-1c82-9595-de67-7d674218408a">
    <cim:GeneratingUnit.normalPF>0</cim:GeneratingUnit.normalPF>
  </cim:HydroGeneratingUnit>
  <cim:ThermalGeneratingUnit rdf:about="#_9aea06d0-945f-1259-44de-5eaec67f0fa6">
    <cim:GeneratingUnit.normalPF>0</cim:GeneratingUnit.normalPF>
  </cim:ThermalGeneratingUnit>
  <cim:ThermalGeneratingUnit rdf:about="#_c607c9c7-05b3-711a-3cb9-fc26be444cdd">
    <cim:GeneratingUnit.normalPF>0</cim:GeneratingUnit.normalPF>
  </cim:ThermalGeneratingUnit>
  <cim:ThermalGeneratingUnit rdf:about="#_d0b7018e-2292-0379-7c76-e6dc4b3913aa">
    <cim:GeneratingUnit.normalPF>0</cim:GeneratingUnit.normalPF>
  </cim:ThermalGeneratingUnit>
  <cim:RegulatingControl rdf:about="#_deb07d6b-58c3-9107-82da-ecdcac75c352">
    <cim:RegulatingControl.discrete>false</cim:RegulatingControl.discrete>
    <cim:RegulatingControl.enabled>true</cim:RegulatingControl.enabled>
    <cim:RegulatingControl.targetValue>16.9373</cim:RegulatingControl.targetValue>
    <cim:RegulatingControl.targetValueUnitMultiplier rdf:resource="http://iec.ch/TC57/2013/CIM-schema-cim16#UnitMultiplier.k" />
  </cim:RegulatingControl>
  <cim:RegulatingControl rdf:about="#_ad737351-b510-9ea1-5a0e-0bd78e31e510">
    <cim:RegulatingControl.discrete>false</cim:RegulatingControl.discrete>
    <cim:RegulatingControl.enabled>true</cim:RegulatingControl.enabled>
    <cim:RegulatingControl.targetValue>16.2211</cim:RegulatingControl.targetValue>
    <cim:RegulatingControl.targetValueUnitMultiplier rdf:resource="http://iec.ch/TC57/2013/CIM-schema-cim16#UnitMultiplier.k" />
  </cim:RegulatingControl>
  <cim:RegulatingControl rdf:about="#_969f51c8-f9d4-3a4b-a3f3-7232ce3ff9ff">
    <cim:RegulatingControl.discrete>false</cim:RegulatingControl.discrete>
    <cim:RegulatingControl.enabled>true</cim:RegulatingControl.enabled>
    <cim:RegulatingControl.targetValue>17.2838</cim:RegulatingControl.targetValue>
    <cim:RegulatingControl.targetValueUnitMultiplier rdf:resource="http://iec.ch/TC57/2013/CIM-schema-cim16#UnitMultiplier.k" />
  </cim:RegulatingControl>
  <cim:RegulatingControl rdf:about="#_15f3b0fb-440e-6ff5-fa59-c2987276026a">
    <cim:RegulatingControl.discrete>false</cim:RegulatingControl.discrete>
    <cim:RegulatingControl.enabled>true</cim:RegulatingControl.enabled>
    <cim:RegulatingControl.targetValue>17.5478</cim:RegulatingControl.targetValue>
    <cim:RegulatingControl.targetValueUnitMultiplier rdf:resource="http://iec.ch/TC57/2013/CIM-schema-cim16#UnitMultiplier.k" />
  </cim:RegulatingControl>
  <cim:RegulatingControl rdf:about="#_59fffa34-e1c9-1f40-a805-a1cc8a40c483">
    <cim:RegulatingControl.discrete>false</cim:RegulatingControl.discrete>
    <cim:RegulatingControl.enabled>true</cim:RegulatingControl.enabled>
    <cim:RegulatingControl.targetValue>16.4538</cim:RegulatingControl.targetValue>
    <cim:RegulatingControl.targetValueUnitMultiplier rdf:resource="http://iec.ch/TC57/2013/CIM-schema-cim16#UnitMultiplier.k" />
  </cim:RegulatingControl>
  <cim:RegulatingControl rdf:about="#_9c60a7f6-49e1-4dda-725b-8f92069a88b6">
    <cim:RegulatingControl.discrete>false</cim:RegulatingControl.discrete>
    <cim:RegulatingControl.enabled>true</cim:RegulatingControl.enabled>
    <cim:RegulatingControl.targetValue>16.7029</cim:RegulatingControl.targetValue>
    <cim:RegulatingControl.targetValueUnitMultiplier rdf:resource="http://iec.ch/TC57/2013/CIM-schema-cim16#UnitMultiplier.k" />
  </cim:RegulatingControl>
  <cim:RegulatingControl rdf:about="#_f0660da1-48c1-8493-563b-90ad6c3e687e">
    <cim:RegulatingControl.discrete>false</cim:RegulatingControl.discrete>
    <cim:RegulatingControl.enabled>true</cim:RegulatingControl.enabled>
    <cim:RegulatingControl.targetValue>16.9587</cim:RegulatingControl.targetValue>
    <cim:RegulatingControl.targetValueUnitMultiplier rdf:resource="http://iec.ch/TC57/2013/CIM-schema-cim16#UnitMultiplier.k" />
  </cim:RegulatingControl>
  <cim:RegulatingControl rdf:about="#_4aff3388-0090-e53f-528e-d82531c4f570">
    <cim:RegulatingControl.discrete>false</cim:RegulatingControl.discrete>
    <cim:RegulatingControl.enabled>true</cim:RegulatingControl.enabled>
    <cim:RegulatingControl.targetValue>16.203</cim:RegulatingControl.targetValue>
    <cim:RegulatingControl.targetValueUnitMultiplier rdf:resource="http://iec.ch/TC57/2013/CIM-schema-cim16#UnitMultiplier.k" />
  </cim:RegulatingControl>
  <cim:RegulatingControl rdf:about="#_55a95ec0-a76b-83ed-190f-bd7dc4ff1fd2">
    <cim:RegulatingControl.discrete>false</cim:RegulatingControl.discrete>
    <cim:RegulatingControl.enabled>true</cim:RegulatingControl.enabled>
    <cim:RegulatingControl.targetValue>355.35</cim:RegulatingControl.targetValue>
    <cim:RegulatingControl.targetValueUnitMultiplier rdf:resource="http://iec.ch/TC57/2013/CIM-schema-cim16#UnitMultiplier.k" />
  </cim:RegulatingControl>
  <cim:RegulatingControl rdf:about="#_608b1374-1485-a17a-2379-e41f164c2c1a">
    <cim:RegulatingControl.discrete>false</cim:RegulatingControl.discrete>
    <cim:RegulatingControl.enabled>true</cim:RegulatingControl.enabled>
    <cim:RegulatingControl.targetValue>17.3134</cim:RegulatingControl.targetValue>
    <cim:RegulatingControl.targetValueUnitMultiplier rdf:resource="http://iec.ch/TC57/2013/CIM-schema-cim16#UnitMultiplier.k" />
  </cim:RegulatingControl>
  <cim:GeneratingUnit rdf:about="#_7615d3c3-b8bf-005c-1da7-ee072ab2960d">
    <cim:GeneratingUnit.normalPF>0</cim:GeneratingUnit.normalPF>
  </cim:GeneratingUnit>
  <cim:SynchronousMachine rdf:about="#_56f82413-9e6c-43d8-bb9e-d43307eca413">
    <cim:RegulatingCondEq.controlEnabled>true</cim:RegulatingCondEq.controlEnabled>
    <cim:RotatingMachine.p>-650</cim:RotatingMachine.p>
    <cim:RotatingMachine.q>0</cim:RotatingMachine.q>
    <cim:SynchronousMachine.operatingMode rdf:resource="http://iec.ch/TC57/2013/CIM-schema-cim16#SynchronousMachineOperatingMode.generator" />
    <cim:SynchronousMachine.referencePriority>0</cim:SynchronousMachine.referencePriority>
  </cim:SynchronousMachine>
  <cim:SynchronousMachine rdf:about="#_97fa1a65-0c81-4f53-af05-43c6b838e2da">
    <cim:RegulatingCondEq.controlEnabled>true</cim:RegulatingCondEq.controlEnabled>
    <cim:RotatingMachine.p>-650</cim:RotatingMachine.p>
    <cim:RotatingMachine.q>0</cim:RotatingMachine.q>
    <cim:SynchronousMachine.operatingMode rdf:resource="http://iec.ch/TC57/2013/CIM-schema-cim16#SynchronousMachineOperatingMode.generator" />
    <cim:SynchronousMachine.referencePriority>0</cim:SynchronousMachine.referencePriority>
  </cim:SynchronousMachine>
  <cim:SynchronousMachine rdf:about="#_25021085-bc3e-4a1d-aeeb-27206d05187b">
    <cim:RegulatingCondEq.controlEnabled>true</cim:RegulatingCondEq.controlEnabled>
    <cim:RotatingMachine.p>-1000</cim:RotatingMachine.p>
    <cim:RotatingMachine.q>0</cim:RotatingMachine.q>
    <cim:SynchronousMachine.operatingMode rdf:resource="http://iec.ch/TC57/2013/CIM-schema-cim16#SynchronousMachineOperatingMode.generator" />
    <cim:SynchronousMachine.referencePriority>0</cim:SynchronousMachine.referencePriority>
  </cim:SynchronousMachine>
  <cim:SynchronousMachine rdf:about="#_33febe72-bd5d-40ac-ba61-15cf1f94391e">
    <cim:RegulatingCondEq.controlEnabled>true</cim:RegulatingCondEq.controlEnabled>
    <cim:RotatingMachine.p>-560</cim:RotatingMachine.p>
    <cim:RotatingMachine.q>0</cim:RotatingMachine.q>
    <cim:SynchronousMachine.operatingMode rdf:resource="http://iec.ch/TC57/2013/CIM-schema-cim16#SynchronousMachineOperatingMode.generator" />
    <cim:SynchronousMachine.referencePriority>0</cim:SynchronousMachine.referencePriority>
  </cim:SynchronousMachine>
  <cim:SynchronousMachine rdf:about="#_0fa1c9b3-f087-4fd5-bce9-ba0329cd9f29">
    <cim:RegulatingCondEq.controlEnabled>true</cim:RegulatingCondEq.controlEnabled>
    <cim:RotatingMachine.p>0</cim:RotatingMachine.p>
    <cim:RotatingMachine.q>0</cim:RotatingMachine.q>
    <cim:SynchronousMachine.operatingMode rdf:resource="http://iec.ch/TC57/2013/CIM-schema-cim16#SynchronousMachineOperatingMode.generator" />
    <cim:SynchronousMachine.referencePriority>1</cim:SynchronousMachine.referencePriority>
  </cim:SynchronousMachine>
  <cim:SynchronousMachine rdf:about="#_ae1c1713-7c41-40a7-a994-9f7b21250bdd">
    <cim:RegulatingCondEq.controlEnabled>true</cim:RegulatingCondEq.controlEnabled>
    <cim:RotatingMachine.p>-540</cim:RotatingMachine.p>
    <cim:RotatingMachine.q>0</cim:RotatingMachine.q>
    <cim:SynchronousMachine.operatingMode rdf:resource="http://iec.ch/TC57/2013/CIM-schema-cim16#SynchronousMachineOperatingMode.generator" />
    <cim:SynchronousMachine.referencePriority>0</cim:SynchronousMachine.referencePriority>
  </cim:SynchronousMachine>
  <cim:SynchronousMachine rdf:about="#_8d18aed6-e9d0-46db-84c8-3ebe6ace2d2f">
    <cim:RegulatingCondEq.controlEnabled>true</cim:RegulatingCondEq.controlEnabled>
    <cim:RotatingMachine.p>-250</cim:RotatingMachine.p>
    <cim:RotatingMachine.q>0</cim:RotatingMachine.q>
    <cim:SynchronousMachine.operatingMode rdf:resource="http://iec.ch/TC57/2013/CIM-schema-cim16#SynchronousMachineOperatingMode.generator" />
    <cim:SynchronousMachine.referencePriority>0</cim:SynchronousMachine.referencePriority>
  </cim:SynchronousMachine>
  <cim:SynchronousMachine rdf:about="#_6341d4ce-0724-41ff-9b81-22607be25eaa">
    <cim:RegulatingCondEq.controlEnabled>true</cim:RegulatingCondEq.controlEnabled>
    <cim:RotatingMachine.p>-830</cim:RotatingMachine.p>
    <cim:RotatingMachine.q>0</cim:RotatingMachine.q>
    <cim:SynchronousMachine.operatingMode rdf:resource="http://iec.ch/TC57/2013/CIM-schema-cim16#SynchronousMachineOperatingMode.generator" />
    <cim:SynchronousMachine.referencePriority>0</cim:SynchronousMachine.referencePriority>
  </cim:SynchronousMachine>
  <cim:SynchronousMachine rdf:about="#_db044c7c-67f9-48f1-bf1f-f79f4e20d78c">
    <cim:RegulatingCondEq.controlEnabled>true</cim:RegulatingCondEq.controlEnabled>
    <cim:RotatingMachine.p>-632</cim:RotatingMachine.p>
    <cim:RotatingMachine.q>0</cim:RotatingMachine.q>
    <cim:SynchronousMachine.operatingMode rdf:resource="http://iec.ch/TC57/2013/CIM-schema-cim16#SynchronousMachineOperatingMode.generator" />
    <cim:SynchronousMachine.referencePriority>0</cim:SynchronousMachine.referencePriority>
  </cim:SynchronousMachine>
  <cim:SynchronousMachine rdf:about="#_85d04e01-eaa9-4515-8075-ce44c27f8366">
    <cim:RegulatingCondEq.controlEnabled>true</cim:RegulatingCondEq.controlEnabled>
    <cim:RotatingMachine.p>-508</cim:RotatingMachine.p>
    <cim:RotatingMachine.q>0</cim:RotatingMachine.q>
    <cim:SynchronousMachine.operatingMode rdf:resource="http://iec.ch/TC57/2013/CIM-schema-cim16#SynchronousMachineOperatingMode.generator" />
    <cim:SynchronousMachine.referencePriority>0</cim:SynchronousMachine.referencePriority>
  </cim:SynchronousMachine>
  <cim:RatioTapChanger rdf:about="#_e51816ee-c6fc-62ed-13a7-382ee785bce9">
    <cim:TapChanger.controlEnabled>false</cim:TapChanger.controlEnabled>
    <cim:TapChanger.step>2</cim:TapChanger.step>
  </cim:RatioTapChanger>
  <cim:RatioTapChanger rdf:about="#_f8efbaca-1c32-45d7-aa96-9e2c2f2f4e19">
    <cim:TapChanger.controlEnabled>false</cim:TapChanger.controlEnabled>
    <cim:TapChanger.step>1</cim:TapChanger.step>
  </cim:RatioTapChanger>
  <cim:RatioTapChanger rdf:about="#_85887996-a402-54db-991d-c18e358505c4">
    <cim:TapChanger.controlEnabled>false</cim:TapChanger.controlEnabled>
    <cim:TapChanger.step>1</cim:TapChanger.step>
  </cim:RatioTapChanger>
  <cim:RatioTapChanger rdf:about="#_3602f8bb-94fd-8eab-6c4e-13b46bd9ad49">
    <cim:TapChanger.controlEnabled>false</cim:TapChanger.controlEnabled>
    <cim:TapChanger.step>1</cim:TapChanger.step>
  </cim:RatioTapChanger>
  <cim:RatioTapChanger rdf:about="#_f431158f-3c54-24b6-54c4-3ee12be1e4fe">
    <cim:TapChanger.controlEnabled>false</cim:TapChanger.controlEnabled>
    <cim:TapChanger.step>2</cim:TapChanger.step>
  </cim:RatioTapChanger>
  <cim:RatioTapChanger rdf:about="#_1b5f77fe-7d63-3b8b-be4f-2ab47a1b1416">
    <cim:TapChanger.controlEnabled>false</cim:TapChanger.controlEnabled>
    <cim:TapChanger.step>1</cim:TapChanger.step>
  </cim:RatioTapChanger>
  <cim:RatioTapChanger rdf:about="#_74886b8e-1f41-654a-6ee7-26b265de7c41">
    <cim:TapChanger.controlEnabled>false</cim:TapChanger.controlEnabled>
    <cim:TapChanger.step>1</cim:TapChanger.step>
  </cim:RatioTapChanger>
  <cim:RatioTapChanger rdf:about="#_1a73d5bf-7317-161a-64cb-6fde7d1b0eb7">
    <cim:TapChanger.controlEnabled>false</cim:TapChanger.controlEnabled>
    <cim:TapChanger.step>1</cim:TapChanger.step>
  </cim:RatioTapChanger>
  <cim:RatioTapChanger rdf:about="#_a34888ee-4e80-d17f-d970-e384980da28f">
    <cim:TapChanger.controlEnabled>false</cim:TapChanger.controlEnabled>
    <cim:TapChanger.step>2</cim:TapChanger.step>
  </cim:RatioTapChanger>
  <cim:RatioTapChanger rdf:about="#_52ec6a7c-11bf-6d88-835d-1d04eb476070">
    <cim:TapChanger.controlEnabled>false</cim:TapChanger.controlEnabled>
    <cim:TapChanger.step>2</cim:TapChanger.step>
  </cim:RatioTapChanger>
  <cim:RatioTapChanger rdf:about="#_31b17ce9-9638-eafd-0788-d6f6f64ce90e">
    <cim:TapChanger.controlEnabled>false</cim:TapChanger.controlEnabled>
    <cim:TapChanger.step>1</cim:TapChanger.step>
  </cim:RatioTapChanger>
</rdf:RDF>